station_id,day,day_of_week,is_weekend,hour,is_peak_hour,passenger_count,delay_minutes
1,0,0,0,0,0,143,1.05
1,0,0,0,1,0,160,2.16
1,0,0,0,2,0,150,0.0
1,0,0,0,3,0,150,0.0
1,0,0,0,4,0,125,1.93
1,0,0,0,5,0,186,0.0
1,0,0,0,6,0,248,0.0
1,0,0,0,7,0,476,0.0
1,0,0,0,8,1,848,4.29
1,0,0,0,9,1,1327,5.9
1,0,0,0,10,1,901,2.83
1,0,0,0,11,1,480,3.34
1,0,0,0,12,0,263,0.1
1,0,0,0,13,0,162,0.41
1,0,0,0,14,0,169,0.67
1,0,0,0,15,0,239,1.54
1,0,0,0,16,0,398,3.23
1,0,0,0,17,1,969,5.67
1,0,0,0,18,1,1125,5.82
1,0,0,0,19,1,1016,1.69
1,0,0,0,20,1,842,2.56
1,0,0,0,21,0,395,0.26
1,0,0,0,22,0,221,1.09
1,0,0,0,23,0,182,2.06
1,1,1,0,0,0,168,1.8
1,1,1,0,1,0,154,0.0
1,1,1,0,2,0,138,2.2
1,1,1,0,3,0,155,0.0
1,1,1,0,4,0,174,0.0
1,1,1,0,5,0,186,1.19
1,1,1,0,6,0,235,0.83
1,1,1,0,7,0,544,3.37
1,1,1,0,8,1,999,4.5
1,1,1,0,9,1,1399,4.22
1,1,1,0,10,1,864,3.36
1,1,1,0,11,1,447,3.35
1,1,1,0,12,0,275,1.13
1,1,1,0,13,0,169,0.0
1,1,1,0,14,0,165,1.78
1,1,1,0,15,0,239,0.32
1,1,1,0,16,0,460,3.58
1,1,1,0,17,1,809,3.71
1,1,1,0,18,1,1227,5.17
1,1,1,0,19,1,1078,5.32
1,1,1,0,20,1,776,2.55
1,1,1,0,21,0,488,1.51
1,1,1,0,22,0,191,1.28
1,1,1,0,23,0,169,0.24
1,2,2,0,0,0,163,0.4
1,2,2,0,1,0,160,0.0
1,2,2,0,2,0,145,2.69
1,2,2,0,3,0,157,0.0
1,2,2,0,4,0,145,0.0
1,2,2,0,5,0,176,0.06
1,2,2,0,6,0,243,0.98
1,2,2,0,7,0,524,1.71
1,2,2,0,8,1,851,2.77
1,2,2,0,9,1,1131,4.51
1,2,2,0,10,1,947,2.06
1,2,2,0,11,1,473,3.05
1,2,2,0,12,0,240,3.04
1,2,2,0,13,0,196,2.87
1,2,2,0,14,0,164,0.77
1,2,2,0,15,0,233,2.32
1,2,2,0,16,0,503,3.32
1,2,2,0,17,1,793,2.62
1,2,2,0,18,1,1163,2.82
1,2,2,0,19,1,1153,3.24
1,2,2,0,20,1,832,3.09
1,2,2,0,21,0,429,0.39
1,2,2,0,22,0,236,1.78
1,2,2,0,23,0,189,1.55
1,3,3,0,0,0,174,4.5
1,3,3,0,1,0,153,0.3
1,3,3,0,2,0,139,2.34
1,3,3,0,3,0,173,0.0
1,3,3,0,4,0,167,2.49
1,3,3,0,5,0,177,1.98
1,3,3,0,6,0,260,0.0
1,3,3,0,7,0,547,4.18
1,3,3,0,8,1,945,2.35
1,3,3,0,9,1,1035,2.44
1,3,3,0,10,1,948,5.69
1,3,3,0,11,1,522,3.5
1,3,3,0,12,0,239,1.17
1,3,3,0,13,0,157,0.0
1,3,3,0,14,0,189,0.4
1,3,3,0,15,0,267,1.87
1,3,3,0,16,0,539,2.3
1,3,3,0,17,1,703,2.76
1,3,3,0,18,1,1020,5.55
1,3,3,0,19,1,1109,4.23
1,3,3,0,20,1,785,4.25
1,3,3,0,21,0,427,2.87
1,3,3,0,22,0,263,0.54
1,3,3,0,23,0,161,0.0
1,4,4,0,0,0,166,0.8
1,4,4,0,1,0,165,3.3
1,4,4,0,2,0,160,0.0
1,4,4,0,3,0,170,0.76
1,4,4,0,4,0,170,2.28
1,4,4,0,5,0,161,2.72
1,4,4,0,6,0,275,0.19
1,4,4,0,7,0,517,2.45
1,4,4,0,8,1,894,4.88
1,4,4,0,9,1,1228,4.92
1,4,4,0,10,1,988,5.43
1,4,4,0,11,1,514,2.32
1,4,4,0,12,0,233,0.0
1,4,4,0,13,0,179,0.0
1,4,4,0,14,0,176,0.0
1,4,4,0,15,0,208,1.37
1,4,4,0,16,0,428,1.83
1,4,4,0,17,1,736,2.44
1,4,4,0,18,1,1243,5.16
1,4,4,0,19,1,1154,2.71
1,4,4,0,20,1,944,6.54
1,4,4,0,21,0,491,3.21
1,4,4,0,22,0,243,1.64
1,4,4,0,23,0,189,0.0
1,5,5,1,0,0,83,0.0
1,5,5,1,1,0,81,2.82
1,5,5,1,2,0,84,0.0
1,5,5,1,3,0,88,0.0
1,5,5,1,4,0,94,2.28
1,5,5,1,5,0,98,2.87
1,5,5,1,6,0,126,3.27
1,5,5,1,7,0,261,0.0
1,5,5,1,8,1,481,4.73
1,5,5,1,9,1,605,1.02
1,5,5,1,10,1,440,1.6
1,5,5,1,11,1,233,0.0
1,5,5,1,12,0,158,2.62
1,5,5,1,13,0,96,0.0
1,5,5,1,14,0,97,3.91
1,5,5,1,15,0,138,1.92
1,5,5,1,16,0,239,1.05
1,5,5,1,17,1,458,2.02
1,5,5,1,18,1,515,3.98
1,5,5,1,19,1,578,5.48
1,5,5,1,20,1,460,1.95
1,5,5,1,21,0,252,0.85
1,5,5,1,22,0,128,0.82
1,5,5,1,23,0,102,0.0
1,6,6,1,0,0,82,0.0
1,6,6,1,1,0,93,2.55
1,6,6,1,2,0,89,1.23
1,6,6,1,3,0,82,1.64
1,6,6,1,4,0,91,0.0
1,6,6,1,5,0,82,0.0
1,6,6,1,6,0,133,2.27
1,6,6,1,7,0,312,0.59
1,6,6,1,8,1,475,2.29
1,6,6,1,9,1,606,3.82
1,6,6,1,10,1,470,3.3
1,6,6,1,11,1,272,2.37
1,6,6,1,12,0,138,0.0
1,6,6,1,13,0,112,2.05
1,6,6,1,14,0,83,0.0
1,6,6,1,15,0,146,0.0
1,6,6,1,16,0,258,2.03
1,6,6,1,17,1,411,1.63
1,6,6,1,18,1,506,4.68
1,6,6,1,19,1,593,3.58
1,6,6,1,20,1,457,3.86
1,6,6,1,21,0,235,1.25
1,6,6,1,22,0,139,1.86
1,6,6,1,23,0,105,0.0
1,7,0,0,0,0,149,2.64
1,7,0,0,1,0,131,2.88
1,7,0,0,2,0,153,0.61
1,7,0,0,3,0,148,0.52
1,7,0,0,4,0,175,1.86
1,7,0,0,5,0,181,0.86
1,7,0,0,6,0,227,0.0
1,7,0,0,7,0,491,2.65
1,7,0,0,8,1,897,5.06
1,7,0,0,9,1,1143,4.65
1,7,0,0,10,1,1055,4.83
1,7,0,0,11,1,487,4.74
1,7,0,0,12,0,281,3.85
1,7,0,0,13,0,175,2.16
1,7,0,0,14,0,156,1.8
1,7,0,0,15,0,240,0.0
1,7,0,0,16,0,479,0.0
1,7,0,0,17,1,671,3.23
1,7,0,0,18,1,1156,6.08
1,7,0,0,19,1,1171,6.9
1,7,0,0,20,1,837,3.15
1,7,0,0,21,0,440,1.34
1,7,0,0,22,0,249,0.0
1,7,0,0,23,0,179,0.59
1,8,1,0,0,0,160,1.06
1,8,1,0,1,0,126,0.0
1,8,1,0,2,0,156,0.54
1,8,1,0,3,0,160,1.09
1,8,1,0,4,0,178,1.18
1,8,1,0,5,0,170,0.0
1,8,1,0,6,0,228,1.72
1,8,1,0,7,0,547,4.5
1,8,1,0,8,1,833,2.88
1,8,1,0,9,1,1123,7.56
1,8,1,0,10,1,901,5.93
1,8,1,0,11,1,511,3.77
1,8,1,0,12,0,278,1.36
1,8,1,0,13,0,162,0.24
1,8,1,0,14,0,197,2.1
1,8,1,0,15,0,235,0.43
1,8,1,0,16,0,381,3.69
1,8,1,0,17,1,849,3.19
1,8,1,0,18,1,1123,1.24
1,8,1,0,19,1,1062,6.25
1,8,1,0,20,1,855,3.92
1,8,1,0,21,0,442,2.96
1,8,1,0,22,0,237,0.0
1,8,1,0,23,0,174,1.3
1,9,2,0,0,0,171,0.0
1,9,2,0,1,0,155,0.51
1,9,2,0,2,0,143,1.3
1,9,2,0,3,0,166,0.23
1,9,2,0,4,0,185,0.26
1,9,2,0,5,0,168,0.0
1,9,2,0,6,0,240,0.12
1,9,2,0,7,0,446,1.5
1,9,2,0,8,1,897,0.16
1,9,2,0,9,1,1092,4.43
1,9,2,0,10,1,929,5.52
1,9,2,0,11,1,539,1.23
1,9,2,0,12,0,242,1.84
1,9,2,0,13,0,169,0.0
1,9,2,0,14,0,210,0.37
1,9,2,0,15,0,231,0.0
1,9,2,0,16,0,473,0.41
1,9,2,0,17,1,794,4.63
1,9,2,0,18,1,1019,4.2
1,9,2,0,19,1,1240,1.27
1,9,2,0,20,1,741,1.61
1,9,2,0,21,0,436,1.67
1,9,2,0,22,0,222,0.0
1,9,2,0,23,0,163,0.13
1,10,3,0,0,0,160,2.01
1,10,3,0,1,0,170,1.66
1,10,3,0,2,0,146,0.58
1,10,3,0,3,0,187,2.27
1,10,3,0,4,0,153,2.99
1,10,3,0,5,0,169,0.0
1,10,3,0,6,0,285,0.0
1,10,3,0,7,0,427,3.12
1,10,3,0,8,1,894,3.77
1,10,3,0,9,1,1070,3.92
1,10,3,0,10,1,860,2.5
1,10,3,0,11,1,489,1.34
1,10,3,0,12,0,240,0.14
1,10,3,0,13,0,141,1.59
1,10,3,0,14,0,182,0.6
1,10,3,0,15,0,248,1.4
1,10,3,0,16,0,417,0.87
1,10,3,0,17,1,826,3.62
1,10,3,0,18,1,1286,7.57
1,10,3,0,19,1,1188,3.61
1,10,3,0,20,1,757,1.52
1,10,3,0,21,0,452,0.0
1,10,3,0,22,0,234,0.48
1,10,3,0,23,0,153,1.81
1,11,4,0,0,0,143,0.97
1,11,4,0,1,0,192,0.0
1,11,4,0,2,0,155,0.01
1,11,4,0,3,0,149,1.74
1,11,4,0,4,0,173,1.85
1,11,4,0,5,0,164,4.31
1,11,4,0,6,0,220,0.0
1,11,4,0,7,0,511,2.18
1,11,4,0,8,1,927,6.08
1,11,4,0,9,1,1091,4.53
1,11,4,0,10,1,850,4.28
1,11,4,0,11,1,492,1.49
1,11,4,0,12,0,268,2.62
1,11,4,0,13,0,145,1.12
1,11,4,0,14,0,172,2.11
1,11,4,0,15,0,238,2.9
1,11,4,0,16,0,419,0.0
1,11,4,0,17,1,859,2.17
1,11,4,0,18,1,965,3.88
1,11,4,0,19,1,1084,5.57
1,11,4,0,20,1,849,3.54
1,11,4,0,21,0,411,2.07
1,11,4,0,22,0,246,1.84
1,11,4,0,23,0,162,0.05
1,12,5,1,0,0,90,2.23
1,12,5,1,1,0,93,0.5
1,12,5,1,2,0,83,0.94
1,12,5,1,3,0,79,0.0
1,12,5,1,4,0,98,1.0
1,12,5,1,5,0,93,1.62
1,12,5,1,6,0,155,0.0
1,12,5,1,7,0,268,0.24
1,12,5,1,8,1,529,3.58
1,12,5,1,9,1,673,4.2
1,12,5,1,10,1,427,2.13
1,12,5,1,11,1,254,0.25
1,12,5,1,12,0,143,1.83
1,12,5,1,13,0,90,0.0
1,12,5,1,14,0,98,4.36
1,12,5,1,15,0,131,0.59
1,12,5,1,16,0,278,2.0
1,12,5,1,17,1,443,2.44
1,12,5,1,18,1,620,0.77
1,12,5,1,19,1,542,5.0
1,12,5,1,20,1,442,1.92
1,12,5,1,21,0,241,2.14
1,12,5,1,22,0,161,1.43
1,12,5,1,23,0,91,0.16
1,13,6,1,0,0,93,0.0
1,13,6,1,1,0,92,0.0
1,13,6,1,2,0,84,1.28
1,13,6,1,3,0,95,0.0
1,13,6,1,4,0,77,0.0
1,13,6,1,5,0,87,0.12
1,13,6,1,6,0,141,0.0
1,13,6,1,7,0,295,0.94
1,13,6,1,8,1,533,0.0
1,13,6,1,9,1,556,3.0
1,13,6,1,10,1,459,1.59
1,13,6,1,11,1,277,1.35
1,13,6,1,12,0,133,0.76
1,13,6,1,13,0,91,1.38
1,13,6,1,14,0,96,0.62
1,13,6,1,15,0,161,0.0
1,13,6,1,16,0,270,0.0
1,13,6,1,17,1,363,0.0
1,13,6,1,18,1,550,2.51
1,13,6,1,19,1,622,2.11
1,13,6,1,20,1,430,2.51
1,13,6,1,21,0,259,0.0
1,13,6,1,22,0,130,0.42
1,13,6,1,23,0,99,0.0
1,14,0,0,0,0,156,0.67
1,14,0,0,1,0,148,0.0
1,14,0,0,2,0,158,0.44
1,14,0,0,3,0,163,0.0
1,14,0,0,4,0,154,0.27
1,14,0,0,5,0,186,0.0
1,14,0,0,6,0,261,1.42
1,14,0,0,7,0,571,0.77
1,14,0,0,8,1,846,1.98
1,14,0,0,9,1,954,6.46
1,14,0,0,10,1,804,1.99
1,14,0,0,11,1,558,0.0
1,14,0,0,12,0,272,0.0
1,14,0,0,13,0,194,0.0
1,14,0,0,14,0,151,0.0
1,14,0,0,15,0,262,1.0
1,14,0,0,16,0,431,3.74
1,14,0,0,17,1,929,4.72
1,14,0,0,18,1,1050,3.57
1,14,0,0,19,1,991,4.12
1,14,0,0,20,1,689,3.58
1,14,0,0,21,0,514,3.13
1,14,0,0,22,0,234,1.73
1,14,0,0,23,0,197,3.14
1,15,1,0,0,0,144,1.34
1,15,1,0,1,0,155,1.83
1,15,1,0,2,0,162,0.0
1,15,1,0,3,0,153,0.91
1,15,1,0,4,0,140,1.43
1,15,1,0,5,0,153,0.0
1,15,1,0,6,0,284,0.0
1,15,1,0,7,0,528,0.0
1,15,1,0,8,1,1041,3.71
1,15,1,0,9,1,1110,4.71
1,15,1,0,10,1,936,1.47
1,15,1,0,11,1,504,1.03
1,15,1,0,12,0,222,2.37
1,15,1,0,13,0,172,1.05
1,15,1,0,14,0,179,0.21
1,15,1,0,15,0,282,1.06
1,15,1,0,16,0,387,0.95
1,15,1,0,17,1,824,4.09
1,15,1,0,18,1,1009,5.43
1,15,1,0,19,1,949,5.51
1,15,1,0,20,1,709,2.5
1,15,1,0,21,0,480,2.1
1,15,1,0,22,0,259,1.96
1,15,1,0,23,0,192,2.36
1,16,2,0,0,0,151,1.55
1,16,2,0,1,0,138,0.47
1,16,2,0,2,0,167,0.87
1,16,2,0,3,0,163,0.33
1,16,2,0,4,0,173,0.57
1,16,2,0,5,0,168,2.0
1,16,2,0,6,0,228,1.66
1,16,2,0,7,0,462,3.76
1,16,2,0,8,1,874,3.7
1,16,2,0,9,1,1138,1.66
1,16,2,0,10,1,846,4.95
1,16,2,0,11,1,539,2.58
1,16,2,0,12,0,229,1.79
1,16,2,0,13,0,187,0.82
1,16,2,0,14,0,193,0.0
1,16,2,0,15,0,233,0.0
1,16,2,0,16,0,475,2.37
1,16,2,0,17,1,686,0.11
1,16,2,0,18,1,1028,5.3
1,16,2,0,19,1,1079,3.11
1,16,2,0,20,1,729,1.34
1,16,2,0,21,0,374,0.0
1,16,2,0,22,0,222,1.91
1,16,2,0,23,0,172,0.0
1,17,3,0,0,0,186,0.0
1,17,3,0,1,0,172,3.12
1,17,3,0,2,0,137,0.66
1,17,3,0,3,0,151,0.0
1,17,3,0,4,0,166,0.0
1,17,3,0,5,0,167,0.42
1,17,3,0,6,0,249,0.0
1,17,3,0,7,0,537,3.72
1,17,3,0,8,1,917,3.1
1,17,3,0,9,1,1039,3.1
1,17,3,0,10,1,1061,5.65
1,17,3,0,11,1,470,2.13
1,17,3,0,12,0,249,1.87
1,17,3,0,13,0,184,2.36
1,17,3,0,14,0,164,0.81
1,17,3,0,15,0,209,0.0
1,17,3,0,16,0,474,0.47
1,17,3,0,17,1,739,2.94
1,17,3,0,18,1,1167,3.08
1,17,3,0,19,1,797,1.88
1,17,3,0,20,1,869,3.99
1,17,3,0,21,0,489,0.26
1,17,3,0,22,0,211,1.54
1,17,3,0,23,0,178,1.17
1,18,4,0,0,0,169,1.31
1,18,4,0,1,0,162,1.72
1,18,4,0,2,0,163,1.94
1,18,4,0,3,0,170,2.98
1,18,4,0,4,0,150,1.32
1,18,4,0,5,0,169,0.0
1,18,4,0,6,0,242,1.71
1,18,4,0,7,0,521,2.68
1,18,4,0,8,1,876,3.51
1,18,4,0,9,1,1174,2.46
1,18,4,0,10,1,894,3.71
1,18,4,0,11,1,535,0.11
1,18,4,0,12,0,287,1.47
1,18,4,0,13,0,180,0.12
1,18,4,0,14,0,184,0.81
1,18,4,0,15,0,267,0.0
1,18,4,0,16,0,449,2.41
1,18,4,0,17,1,781,2.52
1,18,4,0,18,1,1073,4.55
1,18,4,0,19,1,945,5.23
1,18,4,0,20,1,762,3.24
1,18,4,0,21,0,456,1.04
1,18,4,0,22,0,240,0.0
1,18,4,0,23,0,185,2.36
1,19,5,1,0,0,74,0.0
1,19,5,1,1,0,78,0.05
1,19,5,1,2,0,91,1.84
1,19,5,1,3,0,94,2.34
1,19,5,1,4,0,86,0.0
1,19,5,1,5,0,95,1.33
1,19,5,1,6,0,127,3.0
1,19,5,1,7,0,297,0.88
1,19,5,1,8,1,463,0.85
1,19,5,1,9,1,609,2.09
1,19,5,1,10,1,528,1.6
1,19,5,1,11,1,288,1.11
1,19,5,1,12,0,144,0.23
1,19,5,1,13,0,102,1.49
1,19,5,1,14,0,100,1.31
1,19,5,1,15,0,123,0.98
1,19,5,1,16,0,268,1.81
1,19,5,1,17,1,400,1.53
1,19,5,1,18,1,626,1.37
1,19,5,1,19,1,542,1.69
1,19,5,1,20,1,410,1.62
1,19,5,1,21,0,212,1.7
1,19,5,1,22,0,127,2.0
1,19,5,1,23,0,94,0.34
1,20,6,1,0,0,85,0.0
1,20,6,1,1,0,103,0.0
1,20,6,1,2,0,93,0.0
1,20,6,1,3,0,89,1.07
1,20,6,1,4,0,87,0.0
1,20,6,1,5,0,94,0.0
1,20,6,1,6,0,168,0.64
1,20,6,1,7,0,289,3.83
1,20,6,1,8,1,456,1.88
1,20,6,1,9,1,593,2.24
1,20,6,1,10,1,484,0.84
1,20,6,1,11,1,282,0.0
1,20,6,1,12,0,152,1.54
1,20,6,1,13,0,93,0.0
1,20,6,1,14,0,99,0.0
1,20,6,1,15,0,153,1.15
1,20,6,1,16,0,251,2.03
1,20,6,1,17,1,415,3.29
1,20,6,1,18,1,613,3.88
1,20,6,1,19,1,598,4.37
1,20,6,1,20,1,450,5.07
1,20,6,1,21,0,236,1.25
1,20,6,1,22,0,122,0.0
1,20,6,1,23,0,100,2.09
1,21,0,0,0,0,194,0.63
1,21,0,0,1,0,145,1.71
1,21,0,0,2,0,143,1.42
1,21,0,0,3,0,151,0.92
1,21,0,0,4,0,173,0.53
1,21,0,0,5,0,187,2.06
1,21,0,0,6,0,218,0.0
1,21,0,0,7,0,441,4.77
1,21,0,0,8,1,885,6.21
1,21,0,0,9,1,957,2.97
1,21,0,0,10,1,950,4.07
1,21,0,0,11,1,526,0.22
1,21,0,0,12,0,285,2.31
1,21,0,0,13,0,182,0.0
1,21,0,0,14,0,181,0.29
1,21,0,0,15,0,211,0.77
1,21,0,0,16,0,437,3.34
1,21,0,0,17,1,651,2.96
1,21,0,0,18,1,1003,4.49
1,21,0,0,19,1,1138,4.42
1,21,0,0,20,1,844,1.51
1,21,0,0,21,0,482,0.87
1,21,0,0,22,0,213,0.44
1,21,0,0,23,0,145,0.96
1,22,1,0,0,0,154,2.47
1,22,1,0,1,0,165,0.0
1,22,1,0,2,0,146,1.36
1,22,1,0,3,0,168,2.51
1,22,1,0,4,0,174,0.56
1,22,1,0,5,0,179,2.66
1,22,1,0,6,0,250,1.57
1,22,1,0,7,0,491,1.14
1,22,1,0,8,1,896,2.55
1,22,1,0,9,1,1090,2.81
1,22,1,0,10,1,879,4.19
1,22,1,0,11,1,481,1.94
1,22,1,0,12,0,260,1.72
1,22,1,0,13,0,175,2.33
1,22,1,0,14,0,146,4.99
1,22,1,0,15,0,226,1.51
1,22,1,0,16,0,409,2.6
1,22,1,0,17,1,810,2.26
1,22,1,0,18,1,1200,4.55
1,22,1,0,19,1,1154,3.24
1,22,1,0,20,1,791,6.17
1,22,1,0,21,0,477,2.37
1,22,1,0,22,0,234,1.04
1,22,1,0,23,0,177,1.38
1,23,2,0,0,0,143,1.57
1,23,2,0,1,0,143,3.02
1,23,2,0,2,0,147,1.03
1,23,2,0,3,0,170,0.3
1,23,2,0,4,0,163,2.8
1,23,2,0,5,0,182,1.26
1,23,2,0,6,0,222,0.0
1,23,2,0,7,0,547,3.04
1,23,2,0,8,1,944,4.73
1,23,2,0,9,1,1215,4.47
1,23,2,0,10,1,901,2.06
1,23,2,0,11,1,453,0.0
1,23,2,0,12,0,238,3.28
1,23,2,0,13,0,155,0.16
1,23,2,0,14,0,158,0.0
1,23,2,0,15,0,246,0.0
1,23,2,0,16,0,481,4.22
1,23,2,0,17,1,650,1.58
1,23,2,0,18,1,1111,6.13
1,23,2,0,19,1,1065,4.23
1,23,2,0,20,1,719,0.58
1,23,2,0,21,0,494,0.0
1,23,2,0,22,0,288,2.24
1,23,2,0,23,0,184,1.6
1,24,3,0,0,0,154,1.2
1,24,3,0,1,0,155,1.45
1,24,3,0,2,0,156,0.0
1,24,3,0,3,0,146,0.0
1,24,3,0,4,0,171,0.0
1,24,3,0,5,0,147,1.18
1,24,3,0,6,0,288,2.31
1,24,3,0,7,0,480,0.0
1,24,3,0,8,1,883,3.29
1,24,3,0,9,1,1016,4.89
1,24,3,0,10,1,1024,4.43
1,24,3,0,11,1,511,0.64
1,24,3,0,12,0,285,1.03
1,24,3,0,13,0,168,0.77
1,24,3,0,14,0,183,0.94
1,24,3,0,15,0,267,1.64
1,24,3,0,16,0,432,2.33
1,24,3,0,17,1,824,1.35
1,24,3,0,18,1,1207,4.38
1,24,3,0,19,1,1081,5.45
1,24,3,0,20,1,840,2.31
1,24,3,0,21,0,471,1.04
1,24,3,0,22,0,278,0.0
1,24,3,0,23,0,178,0.0
1,25,4,0,0,0,185,0.0
1,25,4,0,1,0,164,0.0
1,25,4,0,2,0,152,1.29
1,25,4,0,3,0,172,3.12
1,25,4,0,4,0,139,0.96
1,25,4,0,5,0,195,0.0
1,25,4,0,6,0,263,1.05
1,25,4,0,7,0,521,0.93
1,25,4,0,8,1,790,0.29
1,25,4,0,9,1,1187,6.4
1,25,4,0,10,1,914,2.85
1,25,4,0,11,1,439,2.6
1,25,4,0,12,0,234,0.0
1,25,4,0,13,0,168,0.38
1,25,4,0,14,0,165,0.71
1,25,4,0,15,0,231,1.98
1,25,4,0,16,0,479,2.08
1,25,4,0,17,1,822,6.46
1,25,4,0,18,1,1002,2.16
1,25,4,0,19,1,1167,7.59
1,25,4,0,20,1,776,5.69
1,25,4,0,21,0,446,0.76
1,25,4,0,22,0,224,1.84
1,25,4,0,23,0,161,0.77
1,26,5,1,0,0,97,0.0
1,26,5,1,1,0,95,0.0
1,26,5,1,2,0,82,0.0
1,26,5,1,3,0,87,1.52
1,26,5,1,4,0,88,2.19
1,26,5,1,5,0,90,0.7
1,26,5,1,6,0,135,1.08
1,26,5,1,7,0,288,2.03
1,26,5,1,8,1,449,0.46
1,26,5,1,9,1,571,1.93
1,26,5,1,10,1,494,3.04
1,26,5,1,11,1,258,0.0
1,26,5,1,12,0,165,0.0
1,26,5,1,13,0,103,0.46
1,26,5,1,14,0,99,0.39
1,26,5,1,15,0,129,1.21
1,26,5,1,16,0,235,2.69
1,26,5,1,17,1,456,2.72
1,26,5,1,18,1,583,1.98
1,26,5,1,19,1,550,1.67
1,26,5,1,20,1,400,3.57
1,26,5,1,21,0,244,1.23
1,26,5,1,22,0,131,0.82
1,26,5,1,23,0,115,0.01
1,27,6,1,0,0,82,1.12
1,27,6,1,1,0,69,0.37
1,27,6,1,2,0,84,0.0
1,27,6,1,3,0,90,0.44
1,27,6,1,4,0,74,0.0
1,27,6,1,5,0,73,0.73
1,27,6,1,6,0,144,0.0
1,27,6,1,7,0,289,0.0
1,27,6,1,8,1,453,2.44
1,27,6,1,9,1,572,2.19
1,27,6,1,10,1,469,1.26
1,27,6,1,11,1,269,0.02
1,27,6,1,12,0,144,0.0
1,27,6,1,13,0,97,0.0
1,27,6,1,14,0,85,1.71
1,27,6,1,15,0,139,3.99
1,27,6,1,16,0,223,0.58
1,27,6,1,17,1,431,3.21
1,27,6,1,18,1,583,0.58
1,27,6,1,19,1,666,2.19
1,27,6,1,20,1,466,3.01
1,27,6,1,21,0,243,0.71
1,27,6,1,22,0,129,0.49
1,27,6,1,23,0,102,0.0
1,28,0,0,0,0,158,0.0
1,28,0,0,1,0,144,0.53
1,28,0,0,2,0,132,3.62
1,28,0,0,3,0,142,0.51
1,28,0,0,4,0,174,0.0
1,28,0,0,5,0,142,0.0
1,28,0,0,6,0,238,0.0
1,28,0,0,7,0,516,2.37
1,28,0,0,8,1,974,2.21
1,28,0,0,9,1,960,3.23
1,28,0,0,10,1,886,4.93
1,28,0,0,11,1,561,4.07
1,28,0,0,12,0,262,2.25
1,28,0,0,13,0,167,0.92
1,28,0,0,14,0,159,0.73
1,28,0,0,15,0,245,3.56
1,28,0,0,16,0,434,1.87
1,28,0,0,17,1,808,2.55
1,28,0,0,18,1,1034,6.08
1,28,0,0,19,1,1018,2.08
1,28,0,0,20,1,836,5.08
1,28,0,0,21,0,427,1.05
1,28,0,0,22,0,248,0.0
1,28,0,0,23,0,163,1.97
1,29,1,0,0,0,165,2.63
1,29,1,0,1,0,141,0.0
1,29,1,0,2,0,160,0.0
1,29,1,0,3,0,165,2.5
1,29,1,0,4,0,151,0.66
1,29,1,0,5,0,195,3.48
1,29,1,0,6,0,272,1.98
1,29,1,0,7,0,470,2.42
1,29,1,0,8,1,932,3.41
1,29,1,0,9,1,1049,2.27
1,29,1,0,10,1,768,0.15
1,29,1,0,11,1,528,2.33
1,29,1,0,12,0,247,0.49
1,29,1,0,13,0,180,0.47
1,29,1,0,14,0,157,2.0
1,29,1,0,15,0,249,1.39
1,29,1,0,16,0,472,0.67
1,29,1,0,17,1,870,3.27
1,29,1,0,18,1,1184,5.84
1,29,1,0,19,1,1013,4.81
1,29,1,0,20,1,813,3.3
1,29,1,0,21,0,439,1.63
1,29,1,0,22,0,259,1.9
1,29,1,0,23,0,175,0.0
1,30,2,0,0,0,163,1.74
1,30,2,0,1,0,186,2.36
1,30,2,0,2,0,133,0.65
1,30,2,0,3,0,180,1.66
1,30,2,0,4,0,163,2.0
1,30,2,0,5,0,166,1.38
1,30,2,0,6,0,251,0.97
1,30,2,0,7,0,538,0.76
1,30,2,0,8,1,985,3.31
1,30,2,0,9,1,1124,2.4
1,30,2,0,10,1,944,5.95
1,30,2,0,11,1,484,0.27
1,30,2,0,12,0,262,3.23
1,30,2,0,13,0,156,0.0
1,30,2,0,14,0,170,0.0
1,30,2,0,15,0,227,0.0
1,30,2,0,16,0,463,2.36
1,30,2,0,17,1,685,4.93
1,30,2,0,18,1,1254,3.89
1,30,2,0,19,1,1208,3.97
1,30,2,0,20,1,804,1.96
1,30,2,0,21,0,521,1.64
1,30,2,0,22,0,245,0.0
1,30,2,0,23,0,200,3.63
1,31,3,0,0,0,177,2.14
1,31,3,0,1,0,149,1.84
1,31,3,0,2,0,157,2.6
1,31,3,0,3,0,171,0.0
1,31,3,0,4,0,171,1.71
1,31,3,0,5,0,135,1.74
1,31,3,0,6,0,248,0.0
1,31,3,0,7,0,470,1.68
1,31,3,0,8,1,927,1.66
1,31,3,0,9,1,1118,5.34
1,31,3,0,10,1,1026,2.49
1,31,3,0,11,1,490,2.35
1,31,3,0,12,0,280,0.66
1,31,3,0,13,0,194,0.0
1,31,3,0,14,0,158,1.15
1,31,3,0,15,0,216,0.0
1,31,3,0,16,0,424,2.85
1,31,3,0,17,1,672,2.94
1,31,3,0,18,1,1197,4.5
1,31,3,0,19,1,1073,4.89
1,31,3,0,20,1,780,5.21
1,31,3,0,21,0,403,1.53
1,31,3,0,22,0,247,0.42
1,31,3,0,23,0,134,0.29
1,32,4,0,0,0,168,1.84
1,32,4,0,1,0,161,0.0
1,32,4,0,2,0,162,0.0
1,32,4,0,3,0,161,0.83
1,32,4,0,4,0,146,0.0
1,32,4,0,5,0,179,0.38
1,32,4,0,6,0,239,0.0
1,32,4,0,7,0,492,4.32
1,32,4,0,8,1,855,3.4
1,32,4,0,9,1,1110,2.74
1,32,4,0,10,1,767,1.53
1,32,4,0,11,1,514,2.19
1,32,4,0,12,0,271,1.23
1,32,4,0,13,0,175,0.0
1,32,4,0,14,0,189,0.0
1,32,4,0,15,0,221,1.73
1,32,4,0,16,0,395,5.2
1,32,4,0,17,1,798,3.71
1,32,4,0,18,1,1034,3.66
1,32,4,0,19,1,1068,3.46
1,32,4,0,20,1,833,2.66
1,32,4,0,21,0,479,5.91
1,32,4,0,22,0,237,1.18
1,32,4,0,23,0,180,3.44
1,33,5,1,0,0,86,0.0
1,33,5,1,1,0,77,0.22
1,33,5,1,2,0,83,3.35
1,33,5,1,3,0,98,0.0
1,33,5,1,4,0,82,0.44
1,33,5,1,5,0,106,0.51
1,33,5,1,6,0,134,0.45
1,33,5,1,7,0,263,1.96
1,33,5,1,8,1,463,1.09
1,33,5,1,9,1,662,1.5
1,33,5,1,10,1,434,1.88
1,33,5,1,11,1,269,1.84
1,33,5,1,12,0,145,0.53
1,33,5,1,13,0,96,0.0
1,33,5,1,14,0,97,1.71
1,33,5,1,15,0,123,0.48
1,33,5,1,16,0,263,1.81
1,33,5,1,17,1,481,1.07
1,33,5,1,18,1,519,2.38
1,33,5,1,19,1,625,4.55
1,33,5,1,20,1,477,2.71
1,33,5,1,21,0,258,0.74
1,33,5,1,22,0,120,0.66
1,33,5,1,23,0,103,1.4
1,34,6,1,0,0,92,0.0
1,34,6,1,1,0,84,1.06
1,34,6,1,2,0,82,0.0
1,34,6,1,3,0,88,1.49
1,34,6,1,4,0,86,0.0
1,34,6,1,5,0,90,0.67
1,34,6,1,6,0,143,0.93
1,34,6,1,7,0,289,1.16
1,34,6,1,8,1,501,1.94
1,34,6,1,9,1,661,4.79
1,34,6,1,10,1,444,1.39
1,34,6,1,11,1,278,0.71
1,34,6,1,12,0,161,0.98
1,34,6,1,13,0,91,1.26
1,34,6,1,14,0,99,0.85
1,34,6,1,15,0,153,1.14
1,34,6,1,16,0,237,0.0
1,34,6,1,17,1,430,3.68
1,34,6,1,18,1,603,0.0
1,34,6,1,19,1,583,3.82
1,34,6,1,20,1,455,0.56
1,34,6,1,21,0,232,0.31
1,34,6,1,22,0,126,0.0
1,34,6,1,23,0,102,2.29
1,35,0,0,0,0,138,2.42
1,35,0,0,1,0,156,2.46
1,35,0,0,2,0,157,0.83
1,35,0,0,3,0,162,0.0
1,35,0,0,4,0,174,0.0
1,35,0,0,5,0,169,1.46
1,35,0,0,6,0,246,2.15
1,35,0,0,7,0,560,3.76
1,35,0,0,8,1,754,3.2
1,35,0,0,9,1,1192,2.79
1,35,0,0,10,1,944,4.78
1,35,0,0,11,1,455,3.07
1,35,0,0,12,0,262,2.02
1,35,0,0,13,0,163,0.88
1,35,0,0,14,0,152,0.0
1,35,0,0,15,0,246,2.63
1,35,0,0,16,0,452,1.71
1,35,0,0,17,1,781,1.71
1,35,0,0,18,1,1086,4.98
1,35,0,0,19,1,1067,5.39
1,35,0,0,20,1,805,3.7
1,35,0,0,21,0,474,1.11
1,35,0,0,22,0,256,0.44
1,35,0,0,23,0,179,0.0
1,36,1,0,0,0,145,0.72
1,36,1,0,1,0,133,0.09
1,36,1,0,2,0,137,1.72
1,36,1,0,3,0,170,0.0
1,36,1,0,4,0,164,2.0
1,36,1,0,5,0,187,1.07
1,36,1,0,6,0,272,0.11
1,36,1,0,7,0,508,1.33
1,36,1,0,8,1,840,3.41
1,36,1,0,9,1,1132,6.27
1,36,1,0,10,1,911,4.61
1,36,1,0,11,1,531,6.16
1,36,1,0,12,0,219,0.0
1,36,1,0,13,0,197,0.26
1,36,1,0,14,0,189,1.1
1,36,1,0,15,0,284,0.0
1,36,1,0,16,0,486,4.57
1,36,1,0,17,1,728,4.09
1,36,1,0,18,1,1020,4.13
1,36,1,0,19,1,1083,0.73
1,36,1,0,20,1,820,3.5
1,36,1,0,21,0,495,2.9
1,36,1,0,22,0,288,1.31
1,36,1,0,23,0,173,0.42
1,37,2,0,0,0,151,0.0
1,37,2,0,1,0,154,0.0
1,37,2,0,2,0,163,0.0
1,37,2,0,3,0,146,0.0
1,37,2,0,4,0,156,0.63
1,37,2,0,5,0,189,0.0
1,37,2,0,6,0,266,5.16
1,37,2,0,7,0,520,1.81
1,37,2,0,8,1,837,3.06
1,37,2,0,9,1,1023,4.49
1,37,2,0,10,1,900,0.36
1,37,2,0,11,1,504,3.63
1,37,2,0,12,0,248,0.01
1,37,2,0,13,0,157,0.0
1,37,2,0,14,0,188,0.48
1,37,2,0,15,0,258,3.33
1,37,2,0,16,0,475,1.09
1,37,2,0,17,1,802,2.29
1,37,2,0,18,1,1043,4.69
1,37,2,0,19,1,1032,0.81
1,37,2,0,20,1,736,2.48
1,37,2,0,21,0,496,1.25
1,37,2,0,22,0,253,0.76
1,37,2,0,23,0,191,2.5
1,38,3,0,0,0,172,0.0
1,38,3,0,1,0,160,1.78
1,38,3,0,2,0,162,1.6
1,38,3,0,3,0,158,0.0
1,38,3,0,4,0,137,0.0
1,38,3,0,5,0,212,0.12
1,38,3,0,6,0,216,1.96
1,38,3,0,7,0,539,4.09
1,38,3,0,8,1,926,4.97
1,38,3,0,9,1,1264,3.94
1,38,3,0,10,1,825,1.66
1,38,3,0,11,1,494,4.13
1,38,3,0,12,0,268,1.81
1,38,3,0,13,0,151,0.0
1,38,3,0,14,0,150,2.36
1,38,3,0,15,0,274,2.27
1,38,3,0,16,0,408,3.86
1,38,3,0,17,1,777,1.29
1,38,3,0,18,1,1020,3.43
1,38,3,0,19,1,1110,4.2
1,38,3,0,20,1,703,4.63
1,38,3,0,21,0,437,0.68
1,38,3,0,22,0,265,0.0
1,38,3,0,23,0,152,2.52
1,39,4,0,0,0,181,0.03
1,39,4,0,1,0,156,0.0
1,39,4,0,2,0,157,0.0
1,39,4,0,3,0,156,1.24
1,39,4,0,4,0,145,0.04
1,39,4,0,5,0,149,0.06
1,39,4,0,6,0,255,1.36
1,39,4,0,7,0,514,3.41
1,39,4,0,8,1,783,0.9
1,39,4,0,9,1,1148,1.53
1,39,4,0,10,1,906,1.85
1,39,4,0,11,1,568,2.65
1,39,4,0,12,0,252,2.85
1,39,4,0,13,0,162,0.0
1,39,4,0,14,0,158,0.0
1,39,4,0,15,0,244,1.72
1,39,4,0,16,0,477,0.0
1,39,4,0,17,1,782,1.47
1,39,4,0,18,1,1087,7.85
1,39,4,0,19,1,1131,5.87
1,39,4,0,20,1,917,5.36
1,39,4,0,21,0,427,0.0
1,39,4,0,22,0,242,0.12
1,39,4,0,23,0,153,0.97
1,40,5,1,0,0,88,3.01
1,40,5,1,1,0,84,0.76
1,40,5,1,2,0,81,1.63
1,40,5,1,3,0,85,0.0
1,40,5,1,4,0,87,0.93
1,40,5,1,5,0,98,1.96
1,40,5,1,6,0,124,0.0
1,40,5,1,7,0,291,0.08
1,40,5,1,8,1,500,0.0
1,40,5,1,9,1,737,2.54
1,40,5,1,10,1,538,1.65
1,40,5,1,11,1,286,3.38
1,40,5,1,12,0,154,0.31
1,40,5,1,13,0,96,1.89
1,40,5,1,14,0,115,0.75
1,40,5,1,15,0,154,0.25
1,40,5,1,16,0,262,2.7
1,40,5,1,17,1,421,0.56
1,40,5,1,18,1,663,1.85
1,40,5,1,19,1,564,1.23
1,40,5,1,20,1,417,2.95
1,40,5,1,21,0,253,2.09
1,40,5,1,22,0,138,0.0
1,40,5,1,23,0,101,2.18
1,41,6,1,0,0,90,1.03
1,41,6,1,1,0,81,0.64
1,41,6,1,2,0,80,0.28
1,41,6,1,3,0,75,0.0
1,41,6,1,4,0,86,0.0
1,41,6,1,5,0,96,0.18
1,41,6,1,6,0,141,1.48
1,41,6,1,7,0,267,0.74
1,41,6,1,8,1,548,2.2
1,41,6,1,9,1,597,2.51
1,41,6,1,10,1,484,0.87
1,41,6,1,11,1,255,0.0
1,41,6,1,12,0,151,0.0
1,41,6,1,13,0,96,1.44
1,41,6,1,14,0,94,1.33
1,41,6,1,15,0,117,0.27
1,41,6,1,16,0,245,1.01
1,41,6,1,17,1,378,3.32
1,41,6,1,18,1,566,2.77
1,41,6,1,19,1,608,3.94
1,41,6,1,20,1,512,0.11
1,41,6,1,21,0,231,1.21
1,41,6,1,22,0,122,1.66
1,41,6,1,23,0,102,1.25
1,42,0,0,0,0,160,2.69
1,42,0,0,1,0,142,0.67
1,42,0,0,2,0,148,1.93
1,42,0,0,3,0,134,0.49
1,42,0,0,4,0,163,0.0
1,42,0,0,5,0,165,0.68
1,42,0,0,6,0,276,0.0
1,42,0,0,7,0,470,3.57
1,42,0,0,8,1,873,2.33
1,42,0,0,9,1,1166,3.93
1,42,0,0,10,1,966,2.87
1,42,0,0,11,1,498,3.41
1,42,0,0,12,0,252,2.14
1,42,0,0,13,0,176,3.68
1,42,0,0,14,0,198,0.0
1,42,0,0,15,0,253,0.0
1,42,0,0,16,0,449,1.9
1,42,0,0,17,1,726,4.49
1,42,0,0,18,1,1123,4.06
1,42,0,0,19,1,1067,4.48
1,42,0,0,20,1,818,3.08
1,42,0,0,21,0,342,1.39
1,42,0,0,22,0,215,0.55
1,42,0,0,23,0,155,0.0
1,43,1,0,0,0,172,0.21
1,43,1,0,1,0,152,1.33
1,43,1,0,2,0,152,3.76
1,43,1,0,3,0,154,1.16
1,43,1,0,4,0,171,3.09
1,43,1,0,5,0,164,0.03
1,43,1,0,6,0,283,2.35
1,43,1,0,7,0,548,0.14
1,43,1,0,8,1,1003,2.87
1,43,1,0,9,1,1118,4.25
1,43,1,0,10,1,830,1.2
1,43,1,0,11,1,434,1.91
1,43,1,0,12,0,225,0.0
1,43,1,0,13,0,173,0.0
1,43,1,0,14,0,187,0.0
1,43,1,0,15,0,242,0.99
1,43,1,0,16,0,462,1.79
1,43,1,0,17,1,921,4.01
1,43,1,0,18,1,1198,3.71
1,43,1,0,19,1,1116,6.79
1,43,1,0,20,1,778,3.4
1,43,1,0,21,0,477,0.79
1,43,1,0,22,0,201,1.19
1,43,1,0,23,0,188,0.0
1,44,2,0,0,0,165,1.68
1,44,2,0,1,0,128,0.0
1,44,2,0,2,0,152,0.34
1,44,2,0,3,0,148,0.0
1,44,2,0,4,0,180,0.56
1,44,2,0,5,0,165,0.6
1,44,2,0,6,0,268,1.15
1,44,2,0,7,0,496,1.01
1,44,2,0,8,1,845,2.48
1,44,2,0,9,1,1131,3.03
1,44,2,0,10,1,921,5.8
1,44,2,0,11,1,518,1.52
1,44,2,0,12,0,230,3.29
1,44,2,0,13,0,160,1.91
1,44,2,0,14,0,185,0.38
1,44,2,0,15,0,238,0.0
1,44,2,0,16,0,454,2.75
1,44,2,0,17,1,724,2.66
1,44,2,0,18,1,1109,5.31
1,44,2,0,19,1,1106,1.98
1,44,2,0,20,1,759,3.37
1,44,2,0,21,0,472,0.96
1,44,2,0,22,0,286,0.0
1,44,2,0,23,0,166,0.54
1,45,3,0,0,0,154,0.0
1,45,3,0,1,0,163,1.21
1,45,3,0,2,0,158,1.13
1,45,3,0,3,0,152,0.0
1,45,3,0,4,0,150,0.84
1,45,3,0,5,0,176,0.77
1,45,3,0,6,0,268,0.2
1,45,3,0,7,0,505,2.88
1,45,3,0,8,1,886,1.68
1,45,3,0,9,1,1017,5.31
1,45,3,0,10,1,992,5.73
1,45,3,0,11,1,514,0.25
1,45,3,0,12,0,257,3.37
1,45,3,0,13,0,185,0.43
1,45,3,0,14,0,185,0.0
1,45,3,0,15,0,230,0.0
1,45,3,0,16,0,459,2.91
1,45,3,0,17,1,783,1.82
1,45,3,0,18,1,1104,3.69
1,45,3,0,19,1,1035,4.65
1,45,3,0,20,1,745,0.63
1,45,3,0,21,0,395,0.0
1,45,3,0,22,0,248,1.22
1,45,3,0,23,0,176,1.59
1,46,4,0,0,0,172,0.0
1,46,4,0,1,0,162,0.0
1,46,4,0,2,0,174,0.0
1,46,4,0,3,0,148,0.0
1,46,4,0,4,0,139,0.6
1,46,4,0,5,0,177,0.42
1,46,4,0,6,0,225,3.88
1,46,4,0,7,0,527,6.06
1,46,4,0,8,1,835,4.78
1,46,4,0,9,1,1170,4.24
1,46,4,0,10,1,993,3.36
1,46,4,0,11,1,490,0.0
1,46,4,0,12,0,265,0.0
1,46,4,0,13,0,169,0.0
1,46,4,0,14,0,171,1.35
1,46,4,0,15,0,243,2.04
1,46,4,0,16,0,487,1.39
1,46,4,0,17,1,762,4.48
1,46,4,0,18,1,1197,5.9
1,46,4,0,19,1,1021,4.72
1,46,4,0,20,1,800,4.78
1,46,4,0,21,0,422,0.0
1,46,4,0,22,0,256,0.0
1,46,4,0,23,0,164,0.0
1,47,5,1,0,0,79,0.0
1,47,5,1,1,0,95,1.61
1,47,5,1,2,0,84,2.04
1,47,5,1,3,0,79,0.0
1,47,5,1,4,0,93,1.24
1,47,5,1,5,0,92,0.0
1,47,5,1,6,0,157,0.0
1,47,5,1,7,0,264,1.4
1,47,5,1,8,1,561,2.82
1,47,5,1,9,1,629,1.66
1,47,5,1,10,1,513,2.21
1,47,5,1,11,1,242,2.16
1,47,5,1,12,0,152,1.81
1,47,5,1,13,0,97,0.0
1,47,5,1,14,0,79,0.55
1,47,5,1,15,0,145,2.07
1,47,5,1,16,0,259,0.92
1,47,5,1,17,1,474,3.28
1,47,5,1,18,1,587,3.36
1,47,5,1,19,1,582,3.14
1,47,5,1,20,1,390,0.0
1,47,5,1,21,0,264,2.46
1,47,5,1,22,0,140,0.69
1,47,5,1,23,0,77,0.2
1,48,6,1,0,0,89,0.0
1,48,6,1,1,0,81,2.49
1,48,6,1,2,0,86,1.03
1,48,6,1,3,0,92,0.0
1,48,6,1,4,0,88,2.33
1,48,6,1,5,0,110,0.5
1,48,6,1,6,0,138,0.96
1,48,6,1,7,0,283,3.21
1,48,6,1,8,1,451,1.38
1,48,6,1,9,1,551,0.69
1,48,6,1,10,1,505,3.23
1,48,6,1,11,1,263,2.21
1,48,6,1,12,0,154,3.52
1,48,6,1,13,0,97,0.0
1,48,6,1,14,0,89,0.0
1,48,6,1,15,0,147,0.0
1,48,6,1,16,0,267,0.0
1,48,6,1,17,1,412,1.42
1,48,6,1,18,1,573,3.69
1,48,6,1,19,1,696,1.8
1,48,6,1,20,1,421,1.44
1,48,6,1,21,0,254,0.79
1,48,6,1,22,0,148,2.31
1,48,6,1,23,0,87,1.13
1,49,0,0,0,0,176,0.0
1,49,0,0,1,0,153,0.0
1,49,0,0,2,0,151,0.0
1,49,0,0,3,0,140,0.68
1,49,0,0,4,0,178,0.0
1,49,0,0,5,0,165,3.21
1,49,0,0,6,0,234,0.0
1,49,0,0,7,0,471,0.89
1,49,0,0,8,1,768,2.88
1,49,0,0,9,1,1185,2.81
1,49,0,0,10,1,899,4.19
1,49,0,0,11,1,501,2.28
1,49,0,0,12,0,261,0.0
1,49,0,0,13,0,198,2.66
1,49,0,0,14,0,193,2.29
1,49,0,0,15,0,212,2.24
1,49,0,0,16,0,466,0.0
1,49,0,0,17,1,779,3.53
1,49,0,0,18,1,1252,6.1
1,49,0,0,19,1,1029,6.66
1,49,0,0,20,1,795,2.8
1,49,0,0,21,0,431,0.0
1,49,0,0,22,0,241,1.71
1,49,0,0,23,0,169,1.31
1,50,1,0,0,0,146,0.37
1,50,1,0,1,0,161,0.93
1,50,1,0,2,0,137,0.0
1,50,1,0,3,0,178,0.0
1,50,1,0,4,0,159,0.51
1,50,1,0,5,0,196,2.72
1,50,1,0,6,0,273,0.0
1,50,1,0,7,0,519,2.93
1,50,1,0,8,1,843,2.07
1,50,1,0,9,1,1252,4.56
1,50,1,0,10,1,1008,5.53
1,50,1,0,11,1,521,2.76
1,50,1,0,12,0,228,1.22
1,50,1,0,13,0,197,1.81
1,50,1,0,14,0,178,3.28
1,50,1,0,15,0,239,0.03
1,50,1,0,16,0,448,2.94
1,50,1,0,17,1,684,3.16
1,50,1,0,18,1,1177,4.3
1,50,1,0,19,1,1203,5.77
1,50,1,0,20,1,928,2.59
1,50,1,0,21,0,472,0.36
1,50,1,0,22,0,211,0.0
1,50,1,0,23,0,182,1.0
1,51,2,0,0,0,151,0.0
1,51,2,0,1,0,148,0.6
1,51,2,0,2,0,167,0.64
1,51,2,0,3,0,160,0.08
1,51,2,0,4,0,181,0.0
1,51,2,0,5,0,164,0.0
1,51,2,0,6,0,268,0.0
1,51,2,0,7,0,510,2.29
1,51,2,0,8,1,843,3.87
1,51,2,0,9,1,1013,2.38
1,51,2,0,10,1,900,1.11
1,51,2,0,11,1,418,2.47
1,51,2,0,12,0,278,0.41
1,51,2,0,13,0,167,2.18
1,51,2,0,14,0,160,0.0
1,51,2,0,15,0,257,1.04
1,51,2,0,16,0,480,0.0
1,51,2,0,17,1,704,2.84
1,51,2,0,18,1,1142,5.84
1,51,2,0,19,1,1121,4.73
1,51,2,0,20,1,768,5.46
1,51,2,0,21,0,403,2.15
1,51,2,0,22,0,224,1.7
1,51,2,0,23,0,160,1.76
1,52,3,0,0,0,158,3.25
1,52,3,0,1,0,153,1.25
1,52,3,0,2,0,147,0.16
1,52,3,0,3,0,158,0.0
1,52,3,0,4,0,141,1.46
1,52,3,0,5,0,172,0.0
1,52,3,0,6,0,241,0.0
1,52,3,0,7,0,509,2.7
1,52,3,0,8,1,743,5.09
1,52,3,0,9,1,1220,1.38
1,52,3,0,10,1,970,5.46
1,52,3,0,11,1,504,0.07
1,52,3,0,12,0,278,0.75
1,52,3,0,13,0,184,4.06
1,52,3,0,14,0,180,0.0
1,52,3,0,15,0,237,0.0
1,52,3,0,16,0,458,0.62
1,52,3,0,17,1,763,1.13
1,52,3,0,18,1,1094,4.64
1,52,3,0,19,1,868,3.86
1,52,3,0,20,1,790,2.01
1,52,3,0,21,0,514,3.49
1,52,3,0,22,0,222,2.15
1,52,3,0,23,0,192,0.97
1,53,4,0,0,0,161,1.15
1,53,4,0,1,0,131,0.24
1,53,4,0,2,0,154,2.76
1,53,4,0,3,0,161,0.2
1,53,4,0,4,0,158,2.17
1,53,4,0,5,0,172,0.0
1,53,4,0,6,0,251,2.42
1,53,4,0,7,0,524,2.16
1,53,4,0,8,1,906,2.78
1,53,4,0,9,1,1084,3.34
1,53,4,0,10,1,871,5.5
1,53,4,0,11,1,461,0.81
1,53,4,0,12,0,231,0.0
1,53,4,0,13,0,174,0.0
1,53,4,0,14,0,201,0.38
1,53,4,0,15,0,268,2.52
1,53,4,0,16,0,435,4.91
1,53,4,0,17,1,810,5.51
1,53,4,0,18,1,1229,5.54
1,53,4,0,19,1,1172,5.62
1,53,4,0,20,1,720,2.97
1,53,4,0,21,0,481,4.21
1,53,4,0,22,0,229,1.71
1,53,4,0,23,0,176,0.53
1,54,5,1,0,0,89,0.68
1,54,5,1,1,0,90,2.52
1,54,5,1,2,0,92,0.83
1,54,5,1,3,0,99,2.06
1,54,5,1,4,0,86,0.0
1,54,5,1,5,0,88,1.75
1,54,5,1,6,0,134,0.0
1,54,5,1,7,0,260,0.01
1,54,5,1,8,1,524,1.86
1,54,5,1,9,1,539,2.2
1,54,5,1,10,1,499,1.28
1,54,5,1,11,1,303,0.58
1,54,5,1,12,0,153,1.51
1,54,5,1,13,0,104,0.0
1,54,5,1,14,0,97,0.31
1,54,5,1,15,0,118,2.13
1,54,5,1,16,0,227,0.0
1,54,5,1,17,1,400,2.65
1,54,5,1,18,1,533,3.06
1,54,5,1,19,1,658,3.44
1,54,5,1,20,1,461,2.98
1,54,5,1,21,0,225,3.05
1,54,5,1,22,0,128,0.41
1,54,5,1,23,0,93,1.11
1,55,6,1,0,0,82,0.43
1,55,6,1,1,0,78,2.06
1,55,6,1,2,0,91,0.0
1,55,6,1,3,0,83,1.3
1,55,6,1,4,0,82,0.52
1,55,6,1,5,0,105,0.0
1,55,6,1,6,0,145,1.05
1,55,6,1,7,0,275,0.34
1,55,6,1,8,1,538,1.26
1,55,6,1,9,1,518,3.03
1,55,6,1,10,1,443,2.81
1,55,6,1,11,1,307,2.17
1,55,6,1,12,0,153,3.64
1,55,6,1,13,0,104,0.91
1,55,6,1,14,0,109,3.07
1,55,6,1,15,0,152,0.0
1,55,6,1,16,0,217,0.04
1,55,6,1,17,1,460,2.08
1,55,6,1,18,1,598,3.23
1,55,6,1,19,1,536,2.36
1,55,6,1,20,1,475,2.72
1,55,6,1,21,0,257,3.42
1,55,6,1,22,0,133,0.0
1,55,6,1,23,0,105,2.18
1,56,0,0,0,0,164,0.42
1,56,0,0,1,0,157,0.0
1,56,0,0,2,0,171,2.3
1,56,0,0,3,0,141,1.87
1,56,0,0,4,0,164,0.0
1,56,0,0,5,0,157,1.19
1,56,0,0,6,0,248,3.72
1,56,0,0,7,0,543,2.88
1,56,0,0,8,1,930,5.72
1,56,0,0,9,1,1176,5.45
1,56,0,0,10,1,822,7.88
1,56,0,0,11,1,460,1.37
1,56,0,0,12,0,223,1.7
1,56,0,0,13,0,179,1.86
1,56,0,0,14,0,152,2.28
1,56,0,0,15,0,227,0.68
1,56,0,0,16,0,476,2.3
1,56,0,0,17,1,814,4.45
1,56,0,0,18,1,1143,4.06
1,56,0,0,19,1,1091,4.68
1,56,0,0,20,1,736,4.44
1,56,0,0,21,0,453,1.92
1,56,0,0,22,0,266,0.88
1,56,0,0,23,0,172,0.0
1,57,1,0,0,0,161,1.11
1,57,1,0,1,0,149,0.33
1,57,1,0,2,0,149,0.0
1,57,1,0,3,0,135,0.19
1,57,1,0,4,0,137,0.0
1,57,1,0,5,0,166,2.24
1,57,1,0,6,0,236,0.0
1,57,1,0,7,0,489,1.09
1,57,1,0,8,1,990,2.25
1,57,1,0,9,1,1068,4.77
1,57,1,0,10,1,955,3.25
1,57,1,0,11,1,427,1.48
1,57,1,0,12,0,284,1.56
1,57,1,0,13,0,180,0.0
1,57,1,0,14,0,160,0.67
1,57,1,0,15,0,215,2.03
1,57,1,0,16,0,413,1.62
1,57,1,0,17,1,673,2.1
1,57,1,0,18,1,1000,0.52
1,57,1,0,19,1,1153,7.07
1,57,1,0,20,1,864,4.48
1,57,1,0,21,0,428,2.92
1,57,1,0,22,0,267,1.27
1,57,1,0,23,0,158,0.0
1,58,2,0,0,0,178,0.6
1,58,2,0,1,0,115,0.0
1,58,2,0,2,0,152,2.16
1,58,2,0,3,0,154,2.2
1,58,2,0,4,0,152,0.0
1,58,2,0,5,0,167,1.19
1,58,2,0,6,0,262,0.0
1,58,2,0,7,0,490,5.99
1,58,2,0,8,1,804,4.21
1,58,2,0,9,1,917,4.96
1,58,2,0,10,1,829,3.92
1,58,2,0,11,1,452,2.24
1,58,2,0,12,0,238,0.0
1,58,2,0,13,0,183,0.09
1,58,2,0,14,0,181,0.44
1,58,2,0,15,0,244,1.64
1,58,2,0,16,0,430,0.23
1,58,2,0,17,1,759,4.83
1,58,2,0,18,1,1116,3.2
1,58,2,0,19,1,1141,5.27
1,58,2,0,20,1,826,1.84
1,58,2,0,21,0,418,0.66
1,58,2,0,22,0,236,1.75
1,58,2,0,23,0,178,1.27
1,59,3,0,0,0,174,1.73
1,59,3,0,1,0,155,0.0
1,59,3,0,2,0,148,0.2
1,59,3,0,3,0,167,0.63
1,59,3,0,4,0,150,0.0
1,59,3,0,5,0,173,2.03
1,59,3,0,6,0,289,0.85
1,59,3,0,7,0,503,0.19
1,59,3,0,8,1,1031,2.02
1,59,3,0,9,1,1205,4.27
1,59,3,0,10,1,850,1.73
1,59,3,0,11,1,602,2.74
1,59,3,0,12,0,257,2.36
1,59,3,0,13,0,167,0.67
1,59,3,0,14,0,177,0.0
1,59,3,0,15,0,266,0.74
1,59,3,0,16,0,388,1.1
1,59,3,0,17,1,808,1.89
1,59,3,0,18,1,1033,3.31
1,59,3,0,19,1,1213,4.12
1,59,3,0,20,1,883,2.61
1,59,3,0,21,0,454,1.15
1,59,3,0,22,0,258,0.0
1,59,3,0,23,0,185,0.91
2,0,0,0,0,0,160,2.58
2,0,0,0,1,0,150,1.72
2,0,0,0,2,0,157,0.53
2,0,0,0,3,0,161,1.02
2,0,0,0,4,0,160,0.96
2,0,0,0,5,0,199,2.27
2,0,0,0,6,0,278,0.43
2,0,0,0,7,0,475,3.33
2,0,0,0,8,1,969,6.09
2,0,0,0,9,1,1064,3.91
2,0,0,0,10,1,787,2.56
2,0,0,0,11,1,553,1.51
2,0,0,0,12,0,274,0.81
2,0,0,0,13,0,184,0.0
2,0,0,0,14,0,180,0.0
2,0,0,0,15,0,243,0.0
2,0,0,0,16,0,492,3.13
2,0,0,0,17,1,834,5.62
2,0,0,0,18,1,1036,6.77
2,0,0,0,19,1,1205,4.47
2,0,0,0,20,1,877,1.85
2,0,0,0,21,0,419,0.76
2,0,0,0,22,0,236,0.0
2,0,0,0,23,0,194,0.39
2,1,1,0,0,0,164,0.0
2,1,1,0,1,0,136,0.95
2,1,1,0,2,0,135,0.44
2,1,1,0,3,0,142,3.55
2,1,1,0,4,0,173,0.85
2,1,1,0,5,0,195,0.0
2,1,1,0,6,0,272,1.39
2,1,1,0,7,0,523,4.0
2,1,1,0,8,1,959,4.27
2,1,1,0,9,1,970,2.44
2,1,1,0,10,1,897,3.73
2,1,1,0,11,1,465,5.48
2,1,1,0,12,0,292,2.07
2,1,1,0,13,0,180,0.4
2,1,1,0,14,0,165,0.78
2,1,1,0,15,0,252,0.0
2,1,1,0,16,0,461,1.61
2,1,1,0,17,1,681,1.43
2,1,1,0,18,1,1084,7.17
2,1,1,0,19,1,1171,2.68
2,1,1,0,20,1,835,1.02
2,1,1,0,21,0,488,1.25
2,1,1,0,22,0,245,2.97
2,1,1,0,23,0,159,0.0
2,2,2,0,0,0,152,2.17
2,2,2,0,1,0,140,0.0
2,2,2,0,2,0,153,1.44
2,2,2,0,3,0,175,0.01
2,2,2,0,4,0,156,2.35
2,2,2,0,5,0,150,0.02
2,2,2,0,6,0,264,1.73
2,2,2,0,7,0,491,2.02
2,2,2,0,8,1,725,1.91
2,2,2,0,9,1,1158,3.16
2,2,2,0,10,1,910,4.31
2,2,2,0,11,1,498,2.25
2,2,2,0,12,0,240,0.65
2,2,2,0,13,0,188,0.99
2,2,2,0,14,0,170,1.02
2,2,2,0,15,0,261,0.0
2,2,2,0,16,0,491,1.46
2,2,2,0,17,1,832,5.12
2,2,2,0,18,1,998,2.93
2,2,2,0,19,1,1096,3.21
2,2,2,0,20,1,916,2.38
2,2,2,0,21,0,429,2.02
2,2,2,0,22,0,223,0.3
2,2,2,0,23,0,181,0.22
2,3,3,0,0,0,158,0.0
2,3,3,0,1,0,140,1.04
2,3,3,0,2,0,182,0.76
2,3,3,0,3,0,162,1.69
2,3,3,0,4,0,145,3.13
2,3,3,0,5,0,180,3.17
2,3,3,0,6,0,245,3.71
2,3,3,0,7,0,544,3.01
2,3,3,0,8,1,923,3.32
2,3,3,0,9,1,1225,5.11
2,3,3,0,10,1,763,1.38
2,3,3,0,11,1,504,2.48
2,3,3,0,12,0,259,2.86
2,3,3,0,13,0,151,0.82
2,3,3,0,14,0,153,1.75
2,3,3,0,15,0,245,1.61
2,3,3,0,16,0,418,3.59
2,3,3,0,17,1,871,4.36
2,3,3,0,18,1,1110,5.31
2,3,3,0,19,1,1058,5.52
2,3,3,0,20,1,910,5.25
2,3,3,0,21,0,423,2.23
2,3,3,0,22,0,221,1.74
2,3,3,0,23,0,183,0.0
2,4,4,0,0,0,144,0.15
2,4,4,0,1,0,155,0.0
2,4,4,0,2,0,164,1.03
2,4,4,0,3,0,157,0.0
2,4,4,0,4,0,175,3.18
2,4,4,0,5,0,170,0.0
2,4,4,0,6,0,270,0.54
2,4,4,0,7,0,506,3.13
2,4,4,0,8,1,767,5.05
2,4,4,0,9,1,1124,3.88
2,4,4,0,10,1,899,3.54
2,4,4,0,11,1,441,4.01
2,4,4,0,12,0,261,1.71
2,4,4,0,13,0,193,0.0
2,4,4,0,14,0,185,0.34
2,4,4,0,15,0,263,0.0
2,4,4,0,16,0,445,0.88
2,4,4,0,17,1,832,4.03
2,4,4,0,18,1,1058,3.16
2,4,4,0,19,1,1111,3.1
2,4,4,0,20,1,858,2.88
2,4,4,0,21,0,344,0.81
2,4,4,0,22,0,226,0.0
2,4,4,0,23,0,159,0.8
2,5,5,1,0,0,97,0.86
2,5,5,1,1,0,83,1.02
2,5,5,1,2,0,84,0.0
2,5,5,1,3,0,79,0.0
2,5,5,1,4,0,86,0.58
2,5,5,1,5,0,96,0.0
2,5,5,1,6,0,132,1.44
2,5,5,1,7,0,252,2.17
2,5,5,1,8,1,458,0.7
2,5,5,1,9,1,542,1.42
2,5,5,1,10,1,537,2.92
2,5,5,1,11,1,303,2.0
2,5,5,1,12,0,130,0.02
2,5,5,1,13,0,92,2.36
2,5,5,1,14,0,89,1.7
2,5,5,1,15,0,145,3.32
2,5,5,1,16,0,239,2.02
2,5,5,1,17,1,523,1.17
2,5,5,1,18,1,541,0.0
2,5,5,1,19,1,652,0.0
2,5,5,1,20,1,429,2.37
2,5,5,1,21,0,250,1.64
2,5,5,1,22,0,138,2.47
2,5,5,1,23,0,90,0.0
2,6,6,1,0,0,82,1.57
2,6,6,1,1,0,94,1.05
2,6,6,1,2,0,96,0.0
2,6,6,1,3,0,99,2.68
2,6,6,1,4,0,94,3.05
2,6,6,1,5,0,84,0.0
2,6,6,1,6,0,134,1.62
2,6,6,1,7,0,258,2.17
2,6,6,1,8,1,552,3.25
2,6,6,1,9,1,628,1.03
2,6,6,1,10,1,464,3.73
2,6,6,1,11,1,299,1.14
2,6,6,1,12,0,138,0.0
2,6,6,1,13,0,90,3.23
2,6,6,1,14,0,88,0.64
2,6,6,1,15,0,146,0.0
2,6,6,1,16,0,250,2.41
2,6,6,1,17,1,443,6.07
2,6,6,1,18,1,534,3.72
2,6,6,1,19,1,608,3.59
2,6,6,1,20,1,458,0.73
2,6,6,1,21,0,251,0.0
2,6,6,1,22,0,142,1.02
2,6,6,1,23,0,102,2.0
2,7,0,0,0,0,164,0.88
2,7,0,0,1,0,148,0.0
2,7,0,0,2,0,174,2.85
2,7,0,0,3,0,156,0.69
2,7,0,0,4,0,149,2.36
2,7,0,0,5,0,186,3.66
2,7,0,0,6,0,242,0.4
2,7,0,0,7,0,521,3.05
2,7,0,0,8,1,890,2.25
2,7,0,0,9,1,1196,5.87
2,7,0,0,10,1,839,5.39
2,7,0,0,11,1,560,2.44
2,7,0,0,12,0,262,1.88
2,7,0,0,13,0,167,0.71
2,7,0,0,14,0,148,1.91
2,7,0,0,15,0,216,3.12
2,7,0,0,16,0,437,1.43
2,7,0,0,17,1,764,2.62
2,7,0,0,18,1,1249,1.26
2,7,0,0,19,1,1236,5.45
2,7,0,0,20,1,727,1.3
2,7,0,0,21,0,509,0.62
2,7,0,0,22,0,224,2.6
2,7,0,0,23,0,182,0.0
2,8,1,0,0,0,162,0.0
2,8,1,0,1,0,173,2.28
2,8,1,0,2,0,166,1.21
2,8,1,0,3,0,182,0.73
2,8,1,0,4,0,146,1.26
2,8,1,0,5,0,206,0.0
2,8,1,0,6,0,253,1.64
2,8,1,0,7,0,510,0.57
2,8,1,0,8,1,987,7.43
2,8,1,0,9,1,1135,3.18
2,8,1,0,10,1,793,3.56
2,8,1,0,11,1,557,2.94
2,8,1,0,12,0,260,0.16
2,8,1,0,13,0,163,1.9
2,8,1,0,14,0,192,0.0
2,8,1,0,15,0,278,1.97
2,8,1,0,16,0,499,0.0
2,8,1,0,17,1,716,2.64
2,8,1,0,18,1,1167,7.36
2,8,1,0,19,1,1185,4.38
2,8,1,0,20,1,738,4.8
2,8,1,0,21,0,414,4.1
2,8,1,0,22,0,241,3.35
2,8,1,0,23,0,186,0.54
2,9,2,0,0,0,153,0.1
2,9,2,0,1,0,165,0.78
2,9,2,0,2,0,152,0.36
2,9,2,0,3,0,160,0.0
2,9,2,0,4,0,167,0.0
2,9,2,0,5,0,160,0.0
2,9,2,0,6,0,223,0.0
2,9,2,0,7,0,483,4.86
2,9,2,0,8,1,867,3.73
2,9,2,0,9,1,1153,4.81
2,9,2,0,10,1,900,1.81
2,9,2,0,11,1,571,4.99
2,9,2,0,12,0,225,0.0
2,9,2,0,13,0,175,0.0
2,9,2,0,14,0,186,0.0
2,9,2,0,15,0,289,2.94
2,9,2,0,16,0,457,3.37
2,9,2,0,17,1,875,2.65
2,9,2,0,18,1,1048,4.31
2,9,2,0,19,1,1199,5.0
2,9,2,0,20,1,703,1.61
2,9,2,0,21,0,446,1.67
2,9,2,0,22,0,285,0.0
2,9,2,0,23,0,184,2.97
2,10,3,0,0,0,188,0.15
2,10,3,0,1,0,165,1.51
2,10,3,0,2,0,162,0.5
2,10,3,0,3,0,165,0.0
2,10,3,0,4,0,170,0.87
2,10,3,0,5,0,174,3.77
2,10,3,0,6,0,246,0.38
2,10,3,0,7,0,593,1.12
2,10,3,0,8,1,866,3.24
2,10,3,0,9,1,1193,5.08
2,10,3,0,10,1,812,2.45
2,10,3,0,11,1,487,1.83
2,10,3,0,12,0,269,1.7
2,10,3,0,13,0,154,2.21
2,10,3,0,14,0,182,2.8
2,10,3,0,15,0,255,2.67
2,10,3,0,16,0,466,3.88
2,10,3,0,17,1,838,3.21
2,10,3,0,18,1,1325,6.63
2,10,3,0,19,1,1173,2.78
2,10,3,0,20,1,721,3.32
2,10,3,0,21,0,454,0.89
2,10,3,0,22,0,249,3.38
2,10,3,0,23,0,187,0.0
2,11,4,0,0,0,158,0.0
2,11,4,0,1,0,154,0.0
2,11,4,0,2,0,153,0.0
2,11,4,0,3,0,158,0.0
2,11,4,0,4,0,123,3.57
2,11,4,0,5,0,192,0.2
2,11,4,0,6,0,261,0.0
2,11,4,0,7,0,581,5.17
2,11,4,0,8,1,917,5.2
2,11,4,0,9,1,1133,2.53
2,11,4,0,10,1,876,3.7
2,11,4,0,11,1,493,1.64
2,11,4,0,12,0,259,0.91
2,11,4,0,13,0,180,0.0
2,11,4,0,14,0,168,0.0
2,11,4,0,15,0,266,0.0
2,11,4,0,16,0,491,4.04
2,11,4,0,17,1,785,0.0
2,11,4,0,18,1,1089,4.26
2,11,4,0,19,1,1031,3.35
2,11,4,0,20,1,903,4.61
2,11,4,0,21,0,416,0.0
2,11,4,0,22,0,240,0.64
2,11,4,0,23,0,184,0.0
2,12,5,1,0,0,91,3.27
2,12,5,1,1,0,93,0.3
2,12,5,1,2,0,86,0.0
2,12,5,1,3,0,96,0.0
2,12,5,1,4,0,89,0.43
2,12,5,1,5,0,93,0.0
2,12,5,1,6,0,147,0.5
2,12,5,1,7,0,293,0.37
2,12,5,1,8,1,546,0.87
2,12,5,1,9,1,699,0.17
2,12,5,1,10,1,515,2.77
2,12,5,1,11,1,263,1.69
2,12,5,1,12,0,158,0.0
2,12,5,1,13,0,102,0.0
2,12,5,1,14,0,90,2.8
2,12,5,1,15,0,129,0.0
2,12,5,1,16,0,243,4.07
2,12,5,1,17,1,377,0.0
2,12,5,1,18,1,690,5.55
2,12,5,1,19,1,611,0.59
2,12,5,1,20,1,516,4.46
2,12,5,1,21,0,260,0.0
2,12,5,1,22,0,135,0.3
2,12,5,1,23,0,100,2.58
2,13,6,1,0,0,94,0.0
2,13,6,1,1,0,97,0.86
2,13,6,1,2,0,92,2.57
2,13,6,1,3,0,80,0.27
2,13,6,1,4,0,85,0.0
2,13,6,1,5,0,100,4.17
2,13,6,1,6,0,122,0.44
2,13,6,1,7,0,296,1.37
2,13,6,1,8,1,493,0.02
2,13,6,1,9,1,626,1.37
2,13,6,1,10,1,411,3.44
2,13,6,1,11,1,303,1.29
2,13,6,1,12,0,146,2.2
2,13,6,1,13,0,100,1.76
2,13,6,1,14,0,96,2.35
2,13,6,1,15,0,139,0.85
2,13,6,1,16,0,222,1.32
2,13,6,1,17,1,413,0.69
2,13,6,1,18,1,576,0.7
2,13,6,1,19,1,721,4.88
2,13,6,1,20,1,510,0.21
2,13,6,1,21,0,248,0.0
2,13,6,1,22,0,128,0.0
2,13,6,1,23,0,107,0.0
2,14,0,0,0,0,173,1.6
2,14,0,0,1,0,189,0.0
2,14,0,0,2,0,175,2.42
2,14,0,0,3,0,147,2.1
2,14,0,0,4,0,165,0.32
2,14,0,0,5,0,165,0.0
2,14,0,0,6,0,303,1.21
2,14,0,0,7,0,544,0.99
2,14,0,0,8,1,849,5.02
2,14,0,0,9,1,997,3.37
2,14,0,0,10,1,908,3.8
2,14,0,0,11,1,504,2.61
2,14,0,0,12,0,275,2.2
2,14,0,0,13,0,165,0.23
2,14,0,0,14,0,196,2.13
2,14,0,0,15,0,219,1.4
2,14,0,0,16,0,378,1.58
2,14,0,0,17,1,926,2.28
2,14,0,0,18,1,1047,5.33
2,14,0,0,19,1,983,2.98
2,14,0,0,20,1,843,2.42
2,14,0,0,21,0,441,2.88
2,14,0,0,22,0,255,1.42
2,14,0,0,23,0,172,1.24
2,15,1,0,0,0,158,1.32
2,15,1,0,1,0,153,0.34
2,15,1,0,2,0,147,0.54
2,15,1,0,3,0,149,0.0
2,15,1,0,4,0,164,0.98
2,15,1,0,5,0,188,0.11
2,15,1,0,6,0,269,1.9
2,15,1,0,7,0,530,0.88
2,15,1,0,8,1,916,4.21
2,15,1,0,9,1,1118,1.34
2,15,1,0,10,1,917,6.99
2,15,1,0,11,1,497,0.9
2,15,1,0,12,0,268,1.54
2,15,1,0,13,0,196,0.0
2,15,1,0,14,0,189,1.64
2,15,1,0,15,0,244,1.48
2,15,1,0,16,0,486,3.25
2,15,1,0,17,1,731,4.15
2,15,1,0,18,1,1116,4.57
2,15,1,0,19,1,1128,4.29
2,15,1,0,20,1,881,3.4
2,15,1,0,21,0,409,1.05
2,15,1,0,22,0,250,2.84
2,15,1,0,23,0,185,0.0
2,16,2,0,0,0,191,1.16
2,16,2,0,1,0,176,0.48
2,16,2,0,2,0,166,1.92
2,16,2,0,3,0,175,2.29
2,16,2,0,4,0,172,0.22
2,16,2,0,5,0,169,1.17
2,16,2,0,6,0,280,0.79
2,16,2,0,7,0,555,4.4
2,16,2,0,8,1,839,2.1
2,16,2,0,9,1,1105,4.88
2,16,2,0,10,1,868,5.5
2,16,2,0,11,1,529,2.18
2,16,2,0,12,0,230,0.0
2,16,2,0,13,0,183,0.0
2,16,2,0,14,0,193,0.53
2,16,2,0,15,0,311,4.71
2,16,2,0,16,0,443,1.61
2,16,2,0,17,1,868,6.03
2,16,2,0,18,1,974,1.22
2,16,2,0,19,1,1066,5.14
2,16,2,0,20,1,836,4.95
2,16,2,0,21,0,406,0.0
2,16,2,0,22,0,263,0.0
2,16,2,0,23,0,148,0.81
2,17,3,0,0,0,169,0.49
2,17,3,0,1,0,153,0.37
2,17,3,0,2,0,154,0.0
2,17,3,0,3,0,150,1.38
2,17,3,0,4,0,165,0.91
2,17,3,0,5,0,163,0.38
2,17,3,0,6,0,215,1.13
2,17,3,0,7,0,570,0.07
2,17,3,0,8,1,863,3.95
2,17,3,0,9,1,1230,4.25
2,17,3,0,10,1,855,0.47
2,17,3,0,11,1,516,5.13
2,17,3,0,12,0,266,1.03
2,17,3,0,13,0,184,0.72
2,17,3,0,14,0,167,1.9
2,17,3,0,15,0,251,1.03
2,17,3,0,16,0,414,3.61
2,17,3,0,17,1,847,2.56
2,17,3,0,18,1,1211,4.1
2,17,3,0,19,1,1051,3.06
2,17,3,0,20,1,690,3.47
2,17,3,0,21,0,383,0.0
2,17,3,0,22,0,205,0.69
2,17,3,0,23,0,175,0.21
2,18,4,0,0,0,146,0.0
2,18,4,0,1,0,165,0.0
2,18,4,0,2,0,163,0.0
2,18,4,0,3,0,162,2.6
2,18,4,0,4,0,169,0.06
2,18,4,0,5,0,180,0.36
2,18,4,0,6,0,260,0.55
2,18,4,0,7,0,505,2.34
2,18,4,0,8,1,834,1.81
2,18,4,0,9,1,993,1.57
2,18,4,0,10,1,817,3.51
2,18,4,0,11,1,475,2.67
2,18,4,0,12,0,261,0.0
2,18,4,0,13,0,189,1.97
2,18,4,0,14,0,164,1.29
2,18,4,0,15,0,230,1.07
2,18,4,0,16,0,404,0.0
2,18,4,0,17,1,780,2.93
2,18,4,0,18,1,1086,2.57
2,18,4,0,19,1,1086,4.75
2,18,4,0,20,1,801,3.48
2,18,4,0,21,0,425,3.46
2,18,4,0,22,0,223,1.62
2,18,4,0,23,0,194,1.5
2,19,5,1,0,0,86,0.0
2,19,5,1,1,0,95,0.0
2,19,5,1,2,0,81,0.0
2,19,5,1,3,0,96,0.95
2,19,5,1,4,0,81,0.0
2,19,5,1,5,0,92,0.0
2,19,5,1,6,0,154,0.0
2,19,5,1,7,0,318,2.51
2,19,5,1,8,1,541,1.47
2,19,5,1,9,1,607,0.28
2,19,5,1,10,1,477,2.65
2,19,5,1,11,1,310,0.0
2,19,5,1,12,0,139,0.33
2,19,5,1,13,0,87,1.24
2,19,5,1,14,0,92,0.07
2,19,5,1,15,0,131,0.0
2,19,5,1,16,0,247,0.66
2,19,5,1,17,1,429,0.62
2,19,5,1,18,1,632,5.01
2,19,5,1,19,1,623,3.99
2,19,5,1,20,1,393,1.81
2,19,5,1,21,0,225,0.0
2,19,5,1,22,0,127,2.3
2,19,5,1,23,0,104,0.78
2,20,6,1,0,0,77,0.01
2,20,6,1,1,0,89,0.62
2,20,6,1,2,0,74,0.0
2,20,6,1,3,0,87,1.15
2,20,6,1,4,0,73,0.05
2,20,6,1,5,0,98,1.67
2,20,6,1,6,0,151,1.48
2,20,6,1,7,0,263,0.0
2,20,6,1,8,1,482,3.43
2,20,6,1,9,1,683,3.8
2,20,6,1,10,1,515,2.63
2,20,6,1,11,1,269,0.88
2,20,6,1,12,0,162,0.0
2,20,6,1,13,0,111,0.0
2,20,6,1,14,0,109,0.0
2,20,6,1,15,0,142,0.0
2,20,6,1,16,0,219,1.2
2,20,6,1,17,1,478,0.64
2,20,6,1,18,1,543,2.03
2,20,6,1,19,1,612,3.27
2,20,6,1,20,1,476,1.81
2,20,6,1,21,0,283,1.47
2,20,6,1,22,0,132,0.0
2,20,6,1,23,0,95,0.0
2,21,0,0,0,0,171,1.38
2,21,0,0,1,0,144,0.83
2,21,0,0,2,0,168,2.96
2,21,0,0,3,0,171,1.83
2,21,0,0,4,0,162,1.23
2,21,0,0,5,0,194,0.0
2,21,0,0,6,0,253,0.0
2,21,0,0,7,0,527,3.95
2,21,0,0,8,1,862,0.0
2,21,0,0,9,1,1081,5.69
2,21,0,0,10,1,945,4.42
2,21,0,0,11,1,500,0.08
2,21,0,0,12,0,271,0.0
2,21,0,0,13,0,211,1.7
2,21,0,0,14,0,170,0.0
2,21,0,0,15,0,245,0.62
2,21,0,0,16,0,489,2.24
2,21,0,0,17,1,757,5.86
2,21,0,0,18,1,1126,5.66
2,21,0,0,19,1,1067,4.81
2,21,0,0,20,1,824,0.46
2,21,0,0,21,0,522,4.02
2,21,0,0,22,0,239,0.0
2,21,0,0,23,0,182,0.86
2,22,1,0,0,0,164,0.94
2,22,1,0,1,0,166,2.83
2,22,1,0,2,0,166,0.0
2,22,1,0,3,0,177,3.17
2,22,1,0,4,0,202,0.0
2,22,1,0,5,0,180,0.0
2,22,1,0,6,0,272,0.27
2,22,1,0,7,0,591,1.2
2,22,1,0,8,1,783,2.43
2,22,1,0,9,1,941,4.89
2,22,1,0,10,1,756,3.07
2,22,1,0,11,1,427,1.23
2,22,1,0,12,0,295,1.72
2,22,1,0,13,0,167,0.62
2,22,1,0,14,0,179,1.42
2,22,1,0,15,0,220,1.77
2,22,1,0,16,0,352,0.46
2,22,1,0,17,1,773,4.04
2,22,1,0,18,1,1123,2.38
2,22,1,0,19,1,1033,4.43
2,22,1,0,20,1,799,2.33
2,22,1,0,21,0,432,2.77
2,22,1,0,22,0,236,0.81
2,22,1,0,23,0,208,0.0
2,23,2,0,0,0,136,1.72
2,23,2,0,1,0,151,0.13
2,23,2,0,2,0,149,0.21
2,23,2,0,3,0,180,1.92
2,23,2,0,4,0,172,0.0
2,23,2,0,5,0,160,0.0
2,23,2,0,6,0,243,2.41
2,23,2,0,7,0,533,1.8
2,23,2,0,8,1,904,2.58
2,23,2,0,9,1,1136,5.69
2,23,2,0,10,1,788,3.6
2,23,2,0,11,1,550,1.58
2,23,2,0,12,0,275,5.32
2,23,2,0,13,0,178,1.3
2,23,2,0,14,0,168,0.94
2,23,2,0,15,0,256,1.32
2,23,2,0,16,0,412,1.96
2,23,2,0,17,1,898,4.26
2,23,2,0,18,1,1208,4.48
2,23,2,0,19,1,1189,5.17
2,23,2,0,20,1,743,3.45
2,23,2,0,21,0,413,0.7
2,23,2,0,22,0,250,1.45
2,23,2,0,23,0,160,2.22
2,24,3,0,0,0,167,0.0
2,24,3,0,1,0,140,0.34
2,24,3,0,2,0,154,0.79
2,24,3,0,3,0,155,0.0
2,24,3,0,4,0,156,0.17
2,24,3,0,5,0,186,0.0
2,24,3,0,6,0,295,0.0
2,24,3,0,7,0,565,1.92
2,24,3,0,8,1,968,3.99
2,24,3,0,9,1,1219,4.29
2,24,3,0,10,1,826,5.43
2,24,3,0,11,1,507,2.36
2,24,3,0,12,0,286,0.0
2,24,3,0,13,0,188,0.0
2,24,3,0,14,0,177,0.82
2,24,3,0,15,0,217,0.0
2,24,3,0,16,0,498,3.32
2,24,3,0,17,1,800,3.56
2,24,3,0,18,1,1095,6.41
2,24,3,0,19,1,1103,4.76
2,24,3,0,20,1,878,2.35
2,24,3,0,21,0,505,0.0
2,24,3,0,22,0,279,0.56
2,24,3,0,23,0,173,0.0
2,25,4,0,0,0,153,0.0
2,25,4,0,1,0,151,0.4
2,25,4,0,2,0,171,1.0
2,25,4,0,3,0,163,0.0
2,25,4,0,4,0,150,3.3
2,25,4,0,5,0,166,3.15
2,25,4,0,6,0,255,1.02
2,25,4,0,7,0,556,4.13
2,25,4,0,8,1,898,3.01
2,25,4,0,9,1,1113,4.96
2,25,4,0,10,1,970,3.89
2,25,4,0,11,1,537,4.61
2,25,4,0,12,0,268,1.54
2,25,4,0,13,0,157,0.0
2,25,4,0,14,0,184,0.59
2,25,4,0,15,0,236,1.31
2,25,4,0,16,0,447,3.48
2,25,4,0,17,1,810,2.12
2,25,4,0,18,1,1210,4.51
2,25,4,0,19,1,1169,3.96
2,25,4,0,20,1,762,3.17
2,25,4,0,21,0,449,2.52
2,25,4,0,22,0,241,0.0
2,25,4,0,23,0,171,1.87
2,26,5,1,0,0,85,0.0
2,26,5,1,1,0,94,0.0
2,26,5,1,2,0,77,0.07
2,26,5,1,3,0,84,0.0
2,26,5,1,4,0,87,1.09
2,26,5,1,5,0,97,0.85
2,26,5,1,6,0,164,0.14
2,26,5,1,7,0,288,0.39
2,26,5,1,8,1,464,0.98
2,26,5,1,9,1,591,2.9
2,26,5,1,10,1,591,1.29
2,26,5,1,11,1,272,0.99
2,26,5,1,12,0,148,0.99
2,26,5,1,13,0,108,0.0
2,26,5,1,14,0,79,0.0
2,26,5,1,15,0,147,0.0
2,26,5,1,16,0,187,1.6
2,26,5,1,17,1,451,0.17
2,26,5,1,18,1,568,0.82
2,26,5,1,19,1,622,1.55
2,26,5,1,20,1,460,0.0
2,26,5,1,21,0,230,0.0
2,26,5,1,22,0,133,0.0
2,26,5,1,23,0,103,0.0
2,27,6,1,0,0,88,1.19
2,27,6,1,1,0,100,0.0
2,27,6,1,2,0,90,0.0
2,27,6,1,3,0,71,1.55
2,27,6,1,4,0,88,2.12
2,27,6,1,5,0,86,1.12
2,27,6,1,6,0,164,1.29
2,27,6,1,7,0,287,1.16
2,27,6,1,8,1,435,3.77
2,27,6,1,9,1,584,3.09
2,27,6,1,10,1,436,0.0
2,27,6,1,11,1,314,0.74
2,27,6,1,12,0,160,0.52
2,27,6,1,13,0,84,1.67
2,27,6,1,14,0,93,1.42
2,27,6,1,15,0,136,0.0
2,27,6,1,16,0,250,4.29
2,27,6,1,17,1,460,1.75
2,27,6,1,18,1,670,3.0
2,27,6,1,19,1,627,0.87
2,27,6,1,20,1,450,3.35
2,27,6,1,21,0,230,3.06
2,27,6,1,22,0,134,0.0
2,27,6,1,23,0,105,0.0
2,28,0,0,0,0,169,0.24
2,28,0,0,1,0,158,1.37
2,28,0,0,2,0,163,0.0
2,28,0,0,3,0,145,1.97
2,28,0,0,4,0,159,0.0
2,28,0,0,5,0,158,0.0
2,28,0,0,6,0,218,0.72
2,28,0,0,7,0,487,0.5
2,28,0,0,8,1,901,4.15
2,28,0,0,9,1,1305,2.95
2,28,0,0,10,1,990,5.42
2,28,0,0,11,1,480,2.22
2,28,0,0,12,0,251,1.28
2,28,0,0,13,0,201,1.71
2,28,0,0,14,0,186,0.1
2,28,0,0,15,0,217,0.56
2,28,0,0,16,0,492,0.0
2,28,0,0,17,1,736,3.13
2,28,0,0,18,1,1033,2.94
2,28,0,0,19,1,1083,2.28
2,28,0,0,20,1,741,4.02
2,28,0,0,21,0,402,0.0
2,28,0,0,22,0,234,2.03
2,28,0,0,23,0,174,0.0
2,29,1,0,0,0,160,0.0
2,29,1,0,1,0,166,1.24
2,29,1,0,2,0,154,2.12
2,29,1,0,3,0,145,2.27
2,29,1,0,4,0,163,0.15
2,29,1,0,5,0,176,0.54
2,29,1,0,6,0,286,0.0
2,29,1,0,7,0,481,3.48
2,29,1,0,8,1,862,4.8
2,29,1,0,9,1,1270,4.48
2,29,1,0,10,1,955,2.09
2,29,1,0,11,1,543,2.47
2,29,1,0,12,0,270,0.11
2,29,1,0,13,0,155,1.37
2,29,1,0,14,0,149,0.12
2,29,1,0,15,0,265,1.35
2,29,1,0,16,0,519,3.61
2,29,1,0,17,1,762,3.09
2,29,1,0,18,1,1117,2.09
2,29,1,0,19,1,1037,3.31
2,29,1,0,20,1,673,2.76
2,29,1,0,21,0,440,0.0
2,29,1,0,22,0,254,2.09
2,29,1,0,23,0,180,0.23
2,30,2,0,0,0,167,1.69
2,30,2,0,1,0,163,0.0
2,30,2,0,2,0,163,2.45
2,30,2,0,3,0,152,3.75
2,30,2,0,4,0,154,0.66
2,30,2,0,5,0,167,1.0
2,30,2,0,6,0,224,0.08
2,30,2,0,7,0,467,2.07
2,30,2,0,8,1,978,4.88
2,30,2,0,9,1,905,6.68
2,30,2,0,10,1,927,2.54
2,30,2,0,11,1,518,2.34
2,30,2,0,12,0,247,1.28
2,30,2,0,13,0,170,0.07
2,30,2,0,14,0,169,0.0
2,30,2,0,15,0,250,1.88
2,30,2,0,16,0,468,3.1
2,30,2,0,17,1,825,2.5
2,30,2,0,18,1,1197,2.75
2,30,2,0,19,1,1041,2.72
2,30,2,0,20,1,874,4.91
2,30,2,0,21,0,467,3.48
2,30,2,0,22,0,229,1.44
2,30,2,0,23,0,175,1.97
2,31,3,0,0,0,158,0.05
2,31,3,0,1,0,166,1.98
2,31,3,0,2,0,151,0.51
2,31,3,0,3,0,146,0.0
2,31,3,0,4,0,164,1.57
2,31,3,0,5,0,180,0.0
2,31,3,0,6,0,253,0.0
2,31,3,0,7,0,568,0.64
2,31,3,0,8,1,997,5.41
2,31,3,0,9,1,1037,2.45
2,31,3,0,10,1,931,2.46
2,31,3,0,11,1,516,1.34
2,31,3,0,12,0,223,0.0
2,31,3,0,13,0,182,0.0
2,31,3,0,14,0,171,1.73
2,31,3,0,15,0,270,0.67
2,31,3,0,16,0,437,2.5
2,31,3,0,17,1,717,3.2
2,31,3,0,18,1,1171,5.7
2,31,3,0,19,1,948,2.65
2,31,3,0,20,1,748,3.14
2,31,3,0,21,0,466,4.11
2,31,3,0,22,0,237,0.2
2,31,3,0,23,0,193,1.22
2,32,4,0,0,0,175,1.13
2,32,4,0,1,0,144,0.0
2,32,4,0,2,0,139,1.55
2,32,4,0,3,0,175,3.47
2,32,4,0,4,0,172,2.43
2,32,4,0,5,0,169,0.0
2,32,4,0,6,0,278,1.74
2,32,4,0,7,0,516,2.65
2,32,4,0,8,1,929,5.64
2,32,4,0,9,1,1233,5.75
2,32,4,0,10,1,967,4.64
2,32,4,0,11,1,493,3.11
2,32,4,0,12,0,231,2.5
2,32,4,0,13,0,162,1.08
2,32,4,0,14,0,167,1.5
2,32,4,0,15,0,246,0.0
2,32,4,0,16,0,464,0.99
2,32,4,0,17,1,861,3.45
2,32,4,0,18,1,1157,3.19
2,32,4,0,19,1,1069,3.59
2,32,4,0,20,1,859,5.95
2,32,4,0,21,0,420,3.3
2,32,4,0,22,0,204,0.0
2,32,4,0,23,0,163,0.0
2,33,5,1,0,0,76,0.92
2,33,5,1,1,0,86,0.91
2,33,5,1,2,0,92,0.77
2,33,5,1,3,0,92,0.26
2,33,5,1,4,0,80,1.91
2,33,5,1,5,0,92,0.0
2,33,5,1,6,0,141,0.0
2,33,5,1,7,0,272,1.6
2,33,5,1,8,1,512,0.7
2,33,5,1,9,1,590,3.97
2,33,5,1,10,1,518,5.18
2,33,5,1,11,1,308,2.95
2,33,5,1,12,0,127,1.65
2,33,5,1,13,0,98,0.0
2,33,5,1,14,0,99,1.81
2,33,5,1,15,0,141,0.0
2,33,5,1,16,0,261,0.09
2,33,5,1,17,1,450,1.34
2,33,5,1,18,1,606,3.57
2,33,5,1,19,1,565,5.18
2,33,5,1,20,1,378,0.62
2,33,5,1,21,0,254,1.89
2,33,5,1,22,0,134,0.45
2,33,5,1,23,0,100,0.05
2,34,6,1,0,0,97,1.65
2,34,6,1,1,0,93,0.0
2,34,6,1,2,0,87,0.0
2,34,6,1,3,0,80,0.86
2,34,6,1,4,0,85,1.32
2,34,6,1,5,0,89,2.93
2,34,6,1,6,0,133,0.86
2,34,6,1,7,0,299,0.34
2,34,6,1,8,1,532,0.28
2,34,6,1,9,1,686,2.77
2,34,6,1,10,1,474,1.45
2,34,6,1,11,1,299,0.32
2,34,6,1,12,0,134,0.2
2,34,6,1,13,0,89,3.09
2,34,6,1,14,0,94,1.62
2,34,6,1,15,0,138,0.0
2,34,6,1,16,0,247,2.16
2,34,6,1,17,1,435,3.53
2,34,6,1,18,1,667,4.05
2,34,6,1,19,1,594,0.76
2,34,6,1,20,1,420,1.97
2,34,6,1,21,0,258,0.0
2,34,6,1,22,0,135,0.78
2,34,6,1,23,0,95,2.32
2,35,0,0,0,0,165,2.63
2,35,0,0,1,0,156,2.03
2,35,0,0,2,0,180,2.69
2,35,0,0,3,0,145,0.2
2,35,0,0,4,0,157,1.36
2,35,0,0,5,0,187,0.0
2,35,0,0,6,0,262,0.0
2,35,0,0,7,0,571,1.52
2,35,0,0,8,1,910,3.18
2,35,0,0,9,1,1220,0.62
2,35,0,0,10,1,904,3.46
2,35,0,0,11,1,493,4.56
2,35,0,0,12,0,242,2.13
2,35,0,0,13,0,184,2.63
2,35,0,0,14,0,169,0.0
2,35,0,0,15,0,268,1.71
2,35,0,0,16,0,393,0.76
2,35,0,0,17,1,829,4.57
2,35,0,0,18,1,1060,0.0
2,35,0,0,19,1,1168,2.84
2,35,0,0,20,1,674,0.0
2,35,0,0,21,0,478,2.1
2,35,0,0,22,0,242,3.05
2,35,0,0,23,0,186,3.17
2,36,1,0,0,0,141,0.51
2,36,1,0,1,0,139,0.21
2,36,1,0,2,0,156,1.56
2,36,1,0,3,0,160,1.58
2,36,1,0,4,0,170,3.91
2,36,1,0,5,0,172,0.0
2,36,1,0,6,0,265,0.0
2,36,1,0,7,0,572,1.86
2,36,1,0,8,1,865,2.75
2,36,1,0,9,1,1182,4.49
2,36,1,0,10,1,859,5.93
2,36,1,0,11,1,477,1.96
2,36,1,0,12,0,274,0.0
2,36,1,0,13,0,186,0.0
2,36,1,0,14,0,190,0.0
2,36,1,0,15,0,260,2.7
2,36,1,0,16,0,480,2.3
2,36,1,0,17,1,789,2.29
2,36,1,0,18,1,1253,3.96
2,36,1,0,19,1,1028,5.11
2,36,1,0,20,1,753,1.59
2,36,1,0,21,0,397,0.86
2,36,1,0,22,0,245,1.34
2,36,1,0,23,0,190,1.55
2,37,2,0,0,0,157,0.33
2,37,2,0,1,0,166,2.57
2,37,2,0,2,0,161,0.0
2,37,2,0,3,0,147,0.0
2,37,2,0,4,0,170,1.55
2,37,2,0,5,0,185,0.55
2,37,2,0,6,0,290,0.43
2,37,2,0,7,0,551,2.15
2,37,2,0,8,1,861,4.33
2,37,2,0,9,1,1154,5.15
2,37,2,0,10,1,911,3.59
2,37,2,0,11,1,610,4.22
2,37,2,0,12,0,276,1.27
2,37,2,0,13,0,194,1.55
2,37,2,0,14,0,179,0.26
2,37,2,0,15,0,245,0.0
2,37,2,0,16,0,457,1.1
2,37,2,0,17,1,907,3.66
2,37,2,0,18,1,1015,3.99
2,37,2,0,19,1,1028,4.82
2,37,2,0,20,1,823,4.73
2,37,2,0,21,0,421,1.74
2,37,2,0,22,0,220,1.93
2,37,2,0,23,0,184,1.48
2,38,3,0,0,0,159,1.26
2,38,3,0,1,0,180,0.29
2,38,3,0,2,0,161,0.0
2,38,3,0,3,0,148,0.74
2,38,3,0,4,0,175,0.32
2,38,3,0,5,0,173,0.08
2,38,3,0,6,0,249,1.44
2,38,3,0,7,0,450,3.72
2,38,3,0,8,1,857,4.51
2,38,3,0,9,1,1004,5.02
2,38,3,0,10,1,954,4.39
2,38,3,0,11,1,471,2.26
2,38,3,0,12,0,236,0.56
2,38,3,0,13,0,194,1.97
2,38,3,0,14,0,179,0.0
2,38,3,0,15,0,259,1.07
2,38,3,0,16,0,366,2.64
2,38,3,0,17,1,803,5.02
2,38,3,0,18,1,1023,0.0
2,38,3,0,19,1,1146,5.02
2,38,3,0,20,1,695,1.31
2,38,3,0,21,0,548,1.73
2,38,3,0,22,0,261,0.07
2,38,3,0,23,0,147,0.33
2,39,4,0,0,0,156,0.02
2,39,4,0,1,0,158,1.03
2,39,4,0,2,0,157,0.0
2,39,4,0,3,0,166,0.0
2,39,4,0,4,0,135,1.65
2,39,4,0,5,0,184,0.65
2,39,4,0,6,0,231,0.0
2,39,4,0,7,0,501,0.0
2,39,4,0,8,1,852,4.39
2,39,4,0,9,1,1245,4.35
2,39,4,0,10,1,960,0.97
2,39,4,0,11,1,539,0.95
2,39,4,0,12,0,267,0.7
2,39,4,0,13,0,198,0.0
2,39,4,0,14,0,188,0.33
2,39,4,0,15,0,243,0.7
2,39,4,0,16,0,419,1.65
2,39,4,0,17,1,800,3.56
2,39,4,0,18,1,1129,5.71
2,39,4,0,19,1,1204,3.24
2,39,4,0,20,1,860,1.66
2,39,4,0,21,0,470,2.81
2,39,4,0,22,0,209,0.98
2,39,4,0,23,0,170,0.0
2,40,5,1,0,0,97,0.0
2,40,5,1,1,0,82,0.44
2,40,5,1,2,0,92,0.16
2,40,5,1,3,0,96,1.18
2,40,5,1,4,0,73,0.0
2,40,5,1,5,0,93,1.09
2,40,5,1,6,0,113,4.28
2,40,5,1,7,0,293,1.4
2,40,5,1,8,1,545,5.7
2,40,5,1,9,1,657,4.05
2,40,5,1,10,1,503,1.8
2,40,5,1,11,1,271,0.0
2,40,5,1,12,0,135,0.0
2,40,5,1,13,0,98,0.0
2,40,5,1,14,0,100,0.35
2,40,5,1,15,0,137,0.0
2,40,5,1,16,0,308,3.27
2,40,5,1,17,1,398,1.94
2,40,5,1,18,1,587,0.83
2,40,5,1,19,1,550,2.85
2,40,5,1,20,1,418,3.12
2,40,5,1,21,0,266,3.12
2,40,5,1,22,0,126,1.22
2,40,5,1,23,0,102,0.0
2,41,6,1,0,0,82,2.74
2,41,6,1,1,0,89,1.31
2,41,6,1,2,0,82,0.0
2,41,6,1,3,0,83,0.15
2,41,6,1,4,0,81,0.31
2,41,6,1,5,0,84,0.0
2,41,6,1,6,0,151,1.51
2,41,6,1,7,0,272,0.0
2,41,6,1,8,1,457,1.27
2,41,6,1,9,1,646,3.98
2,41,6,1,10,1,478,0.18
2,41,6,1,11,1,287,0.0
2,41,6,1,12,0,137,2.54
2,41,6,1,13,0,105,0.66
2,41,6,1,14,0,88,0.67
2,41,6,1,15,0,147,0.02
2,41,6,1,16,0,273,3.03
2,41,6,1,17,1,501,2.46
2,41,6,1,18,1,646,4.71
2,41,6,1,19,1,639,1.8
2,41,6,1,20,1,426,2.06
2,41,6,1,21,0,221,0.67
2,41,6,1,22,0,147,0.0
2,41,6,1,23,0,109,2.12
2,42,0,0,0,0,153,1.43
2,42,0,0,1,0,159,2.48
2,42,0,0,2,0,172,0.0
2,42,0,0,3,0,167,0.36
2,42,0,0,4,0,162,0.0
2,42,0,0,5,0,202,2.37
2,42,0,0,6,0,245,0.0
2,42,0,0,7,0,496,2.64
2,42,0,0,8,1,923,5.57
2,42,0,0,9,1,1188,6.21
2,42,0,0,10,1,929,1.63
2,42,0,0,11,1,504,3.61
2,42,0,0,12,0,259,1.79
2,42,0,0,13,0,175,0.0
2,42,0,0,14,0,177,1.17
2,42,0,0,15,0,234,0.58
2,42,0,0,16,0,415,3.34
2,42,0,0,17,1,785,5.32
2,42,0,0,18,1,1259,4.91
2,42,0,0,19,1,1031,1.0
2,42,0,0,20,1,709,0.78
2,42,0,0,21,0,499,2.17
2,42,0,0,22,0,254,0.0
2,42,0,0,23,0,160,1.97
2,43,1,0,0,0,163,0.43
2,43,1,0,1,0,166,3.12
2,43,1,0,2,0,156,0.73
2,43,1,0,3,0,162,4.24
2,43,1,0,4,0,134,1.56
2,43,1,0,5,0,175,1.55
2,43,1,0,6,0,247,0.91
2,43,1,0,7,0,541,6.83
2,43,1,0,8,1,964,2.58
2,43,1,0,9,1,1080,3.64
2,43,1,0,10,1,775,2.6
2,43,1,0,11,1,542,0.26
2,43,1,0,12,0,282,1.86
2,43,1,0,13,0,169,0.46
2,43,1,0,14,0,202,1.91
2,43,1,0,15,0,247,0.63
2,43,1,0,16,0,452,1.04
2,43,1,0,17,1,669,5.74
2,43,1,0,18,1,1135,5.14
2,43,1,0,19,1,1116,3.36
2,43,1,0,20,1,792,0.77
2,43,1,0,21,0,531,0.27
2,43,1,0,22,0,226,0.24
2,43,1,0,23,0,195,0.8
2,44,2,0,0,0,143,2.45
2,44,2,0,1,0,169,1.48
2,44,2,0,2,0,168,4.26
2,44,2,0,3,0,187,0.0
2,44,2,0,4,0,182,1.3
2,44,2,0,5,0,184,0.0
2,44,2,0,6,0,257,0.0
2,44,2,0,7,0,546,3.79
2,44,2,0,8,1,755,2.99
2,44,2,0,9,1,1218,4.59
2,44,2,0,10,1,958,4.36
2,44,2,0,11,1,526,1.7
2,44,2,0,12,0,235,0.0
2,44,2,0,13,0,189,0.79
2,44,2,0,14,0,177,0.07
2,44,2,0,15,0,241,2.53
2,44,2,0,16,0,437,0.0
2,44,2,0,17,1,852,3.1
2,44,2,0,18,1,1124,6.91
2,44,2,0,19,1,1120,4.91
2,44,2,0,20,1,728,2.58
2,44,2,0,21,0,471,0.0
2,44,2,0,22,0,250,1.15
2,44,2,0,23,0,177,2.26
2,45,3,0,0,0,163,2.87
2,45,3,0,1,0,147,0.79
2,45,3,0,2,0,160,0.0
2,45,3,0,3,0,172,4.18
2,45,3,0,4,0,161,1.4
2,45,3,0,5,0,178,0.0
2,45,3,0,6,0,222,0.0
2,45,3,0,7,0,455,4.38
2,45,3,0,8,1,897,3.07
2,45,3,0,9,1,1197,3.11
2,45,3,0,10,1,850,3.5
2,45,3,0,11,1,554,2.97
2,45,3,0,12,0,266,1.18
2,45,3,0,13,0,185,1.04
2,45,3,0,14,0,164,0.73
2,45,3,0,15,0,225,1.02
2,45,3,0,16,0,432,5.54
2,45,3,0,17,1,802,1.1
2,45,3,0,18,1,1109,5.22
2,45,3,0,19,1,1272,4.2
2,45,3,0,20,1,702,4.03
2,45,3,0,21,0,399,0.94
2,45,3,0,22,0,241,0.86
2,45,3,0,23,0,187,0.0
2,46,4,0,0,0,156,0.6
2,46,4,0,1,0,161,0.79
2,46,4,0,2,0,165,1.93
2,46,4,0,3,0,164,1.34
2,46,4,0,4,0,141,0.64
2,46,4,0,5,0,184,1.83
2,46,4,0,6,0,246,0.0
2,46,4,0,7,0,488,2.76
2,46,4,0,8,1,980,3.31
2,46,4,0,9,1,1199,4.98
2,46,4,0,10,1,897,3.27
2,46,4,0,11,1,542,2.66
2,46,4,0,12,0,308,0.0
2,46,4,0,13,0,187,0.0
2,46,4,0,14,0,166,0.65
2,46,4,0,15,0,249,5.37
2,46,4,0,16,0,442,0.07
2,46,4,0,17,1,822,0.18
2,46,4,0,18,1,1113,4.48
2,46,4,0,19,1,1193,6.23
2,46,4,0,20,1,772,2.86
2,46,4,0,21,0,421,0.0
2,46,4,0,22,0,253,0.0
2,46,4,0,23,0,171,0.0
2,47,5,1,0,0,91,3.07
2,47,5,1,1,0,78,0.0
2,47,5,1,2,0,86,0.37
2,47,5,1,3,0,89,0.0
2,47,5,1,4,0,87,0.9
2,47,5,1,5,0,105,0.0
2,47,5,1,6,0,139,0.88
2,47,5,1,7,0,261,3.64
2,47,5,1,8,1,472,1.83
2,47,5,1,9,1,642,1.68
2,47,5,1,10,1,424,1.05
2,47,5,1,11,1,304,0.71
2,47,5,1,12,0,133,1.92
2,47,5,1,13,0,96,0.0
2,47,5,1,14,0,99,1.55
2,47,5,1,15,0,161,1.88
2,47,5,1,16,0,270,0.32
2,47,5,1,17,1,406,1.72
2,47,5,1,18,1,622,0.87
2,47,5,1,19,1,608,3.03
2,47,5,1,20,1,455,2.58
2,47,5,1,21,0,252,0.25
2,47,5,1,22,0,130,0.0
2,47,5,1,23,0,111,0.46
2,48,6,1,0,0,86,0.0
2,48,6,1,1,0,108,0.0
2,48,6,1,2,0,84,0.96
2,48,6,1,3,0,92,1.8
2,48,6,1,4,0,101,1.16
2,48,6,1,5,0,89,0.0
2,48,6,1,6,0,146,3.69
2,48,6,1,7,0,250,2.8
2,48,6,1,8,1,505,3.28
2,48,6,1,9,1,609,1.17
2,48,6,1,10,1,528,3.09
2,48,6,1,11,1,303,1.19
2,48,6,1,12,0,136,0.0
2,48,6,1,13,0,105,1.06
2,48,6,1,14,0,90,0.0
2,48,6,1,15,0,130,0.0
2,48,6,1,16,0,231,0.0
2,48,6,1,17,1,427,0.6
2,48,6,1,18,1,536,5.18
2,48,6,1,19,1,678,1.54
2,48,6,1,20,1,452,2.43
2,48,6,1,21,0,270,0.0
2,48,6,1,22,0,147,0.0
2,48,6,1,23,0,87,1.43
2,49,0,0,0,0,176,4.59
2,49,0,0,1,0,144,1.62
2,49,0,0,2,0,154,1.79
2,49,0,0,3,0,141,0.0
2,49,0,0,4,0,151,0.72
2,49,0,0,5,0,168,1.66
2,49,0,0,6,0,282,2.03
2,49,0,0,7,0,578,2.94
2,49,0,0,8,1,817,5.31
2,49,0,0,9,1,1063,5.62
2,49,0,0,10,1,1020,4.77
2,49,0,0,11,1,450,0.42
2,49,0,0,12,0,288,0.9
2,49,0,0,13,0,180,1.86
2,49,0,0,14,0,189,1.17
2,49,0,0,15,0,243,0.5
2,49,0,0,16,0,480,2.75
2,49,0,0,17,1,788,4.78
2,49,0,0,18,1,1110,3.16
2,49,0,0,19,1,1053,2.74
2,49,0,0,20,1,787,5.0
2,49,0,0,21,0,420,1.96
2,49,0,0,22,0,234,0.55
2,49,0,0,23,0,155,0.29
2,50,1,0,0,0,157,1.44
2,50,1,0,1,0,162,0.0
2,50,1,0,2,0,173,1.01
2,50,1,0,3,0,162,0.63
2,50,1,0,4,0,154,0.94
2,50,1,0,5,0,184,0.0
2,50,1,0,6,0,249,0.61
2,50,1,0,7,0,522,3.88
2,50,1,0,8,1,850,2.65
2,50,1,0,9,1,1072,3.09
2,50,1,0,10,1,880,4.68
2,50,1,0,11,1,469,2.52
2,50,1,0,12,0,225,0.06
2,50,1,0,13,0,174,3.21
2,50,1,0,14,0,175,0.0
2,50,1,0,15,0,207,0.88
2,50,1,0,16,0,471,2.45
2,50,1,0,17,1,815,5.0
2,50,1,0,18,1,1073,5.63
2,50,1,0,19,1,975,2.54
2,50,1,0,20,1,688,2.34
2,50,1,0,21,0,447,1.96
2,50,1,0,22,0,248,0.0
2,50,1,0,23,0,174,0.0
2,51,2,0,0,0,177,0.25
2,51,2,0,1,0,153,3.0
2,51,2,0,2,0,143,0.0
2,51,2,0,3,0,145,0.48
2,51,2,0,4,0,167,1.78
2,51,2,0,5,0,213,0.0
2,51,2,0,6,0,273,0.26
2,51,2,0,7,0,488,1.02
2,51,2,0,8,1,840,5.89
2,51,2,0,9,1,1193,4.81
2,51,2,0,10,1,1003,1.74
2,51,2,0,11,1,457,0.0
2,51,2,0,12,0,246,1.23
2,51,2,0,13,0,181,0.95
2,51,2,0,14,0,158,1.84
2,51,2,0,15,0,251,2.1
2,51,2,0,16,0,381,1.99
2,51,2,0,17,1,728,2.32
2,51,2,0,18,1,1169,4.81
2,51,2,0,19,1,1045,4.19
2,51,2,0,20,1,706,4.55
2,51,2,0,21,0,442,3.45
2,51,2,0,22,0,236,0.16
2,51,2,0,23,0,166,1.98
2,52,3,0,0,0,150,1.57
2,52,3,0,1,0,154,0.0
2,52,3,0,2,0,152,0.0
2,52,3,0,3,0,160,0.0
2,52,3,0,4,0,173,0.56
2,52,3,0,5,0,174,1.68
2,52,3,0,6,0,280,1.09
2,52,3,0,7,0,480,0.0
2,52,3,0,8,1,856,2.5
2,52,3,0,9,1,1127,3.99
2,52,3,0,10,1,955,2.9
2,52,3,0,11,1,509,3.81
2,52,3,0,12,0,268,0.98
2,52,3,0,13,0,171,0.0
2,52,3,0,14,0,166,0.0
2,52,3,0,15,0,262,0.72
2,52,3,0,16,0,400,4.25
2,52,3,0,17,1,825,1.19
2,52,3,0,18,1,1082,4.49
2,52,3,0,19,1,1274,3.43
2,52,3,0,20,1,867,5.57
2,52,3,0,21,0,426,1.29
2,52,3,0,22,0,226,0.6
2,52,3,0,23,0,176,1.69
2,53,4,0,0,0,173,0.0
2,53,4,0,1,0,134,0.5
2,53,4,0,2,0,163,1.03
2,53,4,0,3,0,155,0.81
2,53,4,0,4,0,181,1.3
2,53,4,0,5,0,171,0.0
2,53,4,0,6,0,257,3.48
2,53,4,0,7,0,504,1.99
2,53,4,0,8,1,871,5.13
2,53,4,0,9,1,1293,5.85
2,53,4,0,10,1,912,3.7
2,53,4,0,11,1,414,2.77
2,53,4,0,12,0,263,1.69
2,53,4,0,13,0,169,0.1
2,53,4,0,14,0,173,2.22
2,53,4,0,15,0,239,4.08
2,53,4,0,16,0,465,0.0
2,53,4,0,17,1,796,2.21
2,53,4,0,18,1,924,6.1
2,53,4,0,19,1,1185,5.54
2,53,4,0,20,1,815,1.19
2,53,4,0,21,0,432,2.99
2,53,4,0,22,0,226,0.0
2,53,4,0,23,0,174,0.48
2,54,5,1,0,0,88,1.44
2,54,5,1,1,0,92,0.76
2,54,5,1,2,0,96,0.0
2,54,5,1,3,0,91,1.3
2,54,5,1,4,0,80,0.0
2,54,5,1,5,0,91,0.0
2,54,5,1,6,0,152,0.0
2,54,5,1,7,0,262,0.13
2,54,5,1,8,1,542,2.19
2,54,5,1,9,1,606,2.26
2,54,5,1,10,1,549,1.07
2,54,5,1,11,1,311,1.56
2,54,5,1,12,0,141,4.32
2,54,5,1,13,0,90,0.0
2,54,5,1,14,0,88,1.78
2,54,5,1,15,0,154,3.12
2,54,5,1,16,0,271,0.79
2,54,5,1,17,1,429,0.0
2,54,5,1,18,1,717,3.57
2,54,5,1,19,1,592,4.36
2,54,5,1,20,1,408,2.24
2,54,5,1,21,0,243,1.93
2,54,5,1,22,0,135,0.0
2,54,5,1,23,0,98,1.97
2,55,6,1,0,0,87,1.51
2,55,6,1,1,0,80,0.28
2,55,6,1,2,0,83,1.45
2,55,6,1,3,0,88,1.39
2,55,6,1,4,0,96,1.42
2,55,6,1,5,0,99,0.0
2,55,6,1,6,0,143,0.0
2,55,6,1,7,0,273,0.53
2,55,6,1,8,1,459,0.0
2,55,6,1,9,1,582,2.62
2,55,6,1,10,1,444,1.8
2,55,6,1,11,1,324,2.83
2,55,6,1,12,0,162,1.23
2,55,6,1,13,0,108,0.0
2,55,6,1,14,0,93,0.0
2,55,6,1,15,0,148,2.9
2,55,6,1,16,0,236,0.56
2,55,6,1,17,1,415,2.23
2,55,6,1,18,1,672,0.07
2,55,6,1,19,1,637,2.13
2,55,6,1,20,1,446,2.47
2,55,6,1,21,0,243,0.82
2,55,6,1,22,0,133,1.99
2,55,6,1,23,0,100,0.73
2,56,0,0,0,0,143,0.0
2,56,0,0,1,0,171,0.74
2,56,0,0,2,0,168,3.32
2,56,0,0,3,0,173,0.83
2,56,0,0,4,0,154,0.0
2,56,0,0,5,0,174,0.21
2,56,0,0,6,0,268,0.84
2,56,0,0,7,0,499,0.0
2,56,0,0,8,1,837,4.06
2,56,0,0,9,1,1271,4.94
2,56,0,0,10,1,929,5.14
2,56,0,0,11,1,479,2.47
2,56,0,0,12,0,245,2.28
2,56,0,0,13,0,181,1.17
2,56,0,0,14,0,167,1.73
2,56,0,0,15,0,288,0.0
2,56,0,0,16,0,437,2.1
2,56,0,0,17,1,855,2.58
2,56,0,0,18,1,867,5.51
2,56,0,0,19,1,1190,2.15
2,56,0,0,20,1,765,5.41
2,56,0,0,21,0,501,3.41
2,56,0,0,22,0,243,1.1
2,56,0,0,23,0,175,2.39
2,57,1,0,0,0,148,0.0
2,57,1,0,1,0,172,0.62
2,57,1,0,2,0,177,0.0
2,57,1,0,3,0,159,0.0
2,57,1,0,4,0,161,0.0
2,57,1,0,5,0,170,0.0
2,57,1,0,6,0,275,2.17
2,57,1,0,7,0,441,3.76
2,57,1,0,8,1,1087,4.42
2,57,1,0,9,1,1060,8.48
2,57,1,0,10,1,810,3.27
2,57,1,0,11,1,519,4.09
2,57,1,0,12,0,268,0.32
2,57,1,0,13,0,165,0.15
2,57,1,0,14,0,164,0.73
2,57,1,0,15,0,235,0.0
2,57,1,0,16,0,494,1.23
2,57,1,0,17,1,723,2.64
2,57,1,0,18,1,1128,1.89
2,57,1,0,19,1,1151,3.03
2,57,1,0,20,1,914,4.44
2,57,1,0,21,0,435,0.62
2,57,1,0,22,0,244,1.9
2,57,1,0,23,0,176,0.38
2,58,2,0,0,0,160,0.0
2,58,2,0,1,0,155,0.0
2,58,2,0,2,0,172,1.14
2,58,2,0,3,0,149,3.44
2,58,2,0,4,0,162,0.0
2,58,2,0,5,0,189,1.35
2,58,2,0,6,0,268,0.43
2,58,2,0,7,0,530,1.73
2,58,2,0,8,1,946,0.93
2,58,2,0,9,1,1079,6.9
2,58,2,0,10,1,850,2.49
2,58,2,0,11,1,493,0.15
2,58,2,0,12,0,214,0.51
2,58,2,0,13,0,181,0.65
2,58,2,0,14,0,177,0.77
2,58,2,0,15,0,267,0.78
2,58,2,0,16,0,428,1.29
2,58,2,0,17,1,842,5.49
2,58,2,0,18,1,1065,4.41
2,58,2,0,19,1,1152,3.12
2,58,2,0,20,1,806,1.03
2,58,2,0,21,0,385,2.09
2,58,2,0,22,0,239,1.26
2,58,2,0,23,0,177,0.0
2,59,3,0,0,0,159,0.0
2,59,3,0,1,0,177,0.0
2,59,3,0,2,0,157,0.0
2,59,3,0,3,0,167,0.17
2,59,3,0,4,0,154,1.9
2,59,3,0,5,0,177,1.48
2,59,3,0,6,0,240,0.0
2,59,3,0,7,0,516,1.59
2,59,3,0,8,1,951,3.68
2,59,3,0,9,1,1136,2.11
2,59,3,0,10,1,1042,3.92
2,59,3,0,11,1,540,0.91
2,59,3,0,12,0,267,0.0
2,59,3,0,13,0,186,0.21
2,59,3,0,14,0,179,1.76
2,59,3,0,15,0,222,0.0
2,59,3,0,16,0,465,5.01
2,59,3,0,17,1,795,4.07
2,59,3,0,18,1,1112,7.36
2,59,3,0,19,1,965,4.0
2,59,3,0,20,1,700,0.0
2,59,3,0,21,0,460,2.05
2,59,3,0,22,0,241,0.8
2,59,3,0,23,0,221,0.5
3,0,0,0,0,0,123,1.54
3,0,0,0,1,0,138,0.0
3,0,0,0,2,0,119,2.26
3,0,0,0,3,0,119,0.0
3,0,0,0,4,0,109,0.93
3,0,0,0,5,0,136,1.55
3,0,0,0,6,0,184,1.13
3,0,0,0,7,0,356,1.81
3,0,0,0,8,1,685,1.51
3,0,0,0,9,1,947,1.23
3,0,0,0,10,1,674,1.43
3,0,0,0,11,1,442,2.67
3,0,0,0,12,0,186,0.32
3,0,0,0,13,0,155,0.0
3,0,0,0,14,0,115,0.9
3,0,0,0,15,0,190,1.76
3,0,0,0,16,0,356,4.08
3,0,0,0,17,1,522,0.28
3,0,0,0,18,1,889,1.9
3,0,0,0,19,1,746,5.78
3,0,0,0,20,1,527,1.58
3,0,0,0,21,0,337,3.31
3,0,0,0,22,0,158,1.26
3,0,0,0,23,0,124,1.44
3,1,1,0,0,0,111,2.8
3,1,1,0,1,0,111,0.0
3,1,1,0,2,0,112,0.06
3,1,1,0,3,0,130,0.0
3,1,1,0,4,0,109,1.88
3,1,1,0,5,0,118,0.2
3,1,1,0,6,0,193,1.1
3,1,1,0,7,0,362,0.06
3,1,1,0,8,1,700,1.46
3,1,1,0,9,1,750,4.84
3,1,1,0,10,1,709,5.49
3,1,1,0,11,1,410,0.0
3,1,1,0,12,0,198,0.0
3,1,1,0,13,0,117,0.0
3,1,1,0,14,0,145,0.99
3,1,1,0,15,0,165,0.0
3,1,1,0,16,0,334,0.0
3,1,1,0,17,1,640,2.22
3,1,1,0,18,1,751,0.83
3,1,1,0,19,1,919,3.1
3,1,1,0,20,1,663,5.01
3,1,1,0,21,0,366,0.66
3,1,1,0,22,0,148,1.06
3,1,1,0,23,0,155,0.57
3,2,2,0,0,0,101,0.0
3,2,2,0,1,0,118,0.0
3,2,2,0,2,0,95,0.23
3,2,2,0,3,0,112,3.11
3,2,2,0,4,0,122,1.19
3,2,2,0,5,0,132,0.67
3,2,2,0,6,0,170,0.0
3,2,2,0,7,0,419,1.99
3,2,2,0,8,1,660,3.37
3,2,2,0,9,1,876,6.49
3,2,2,0,10,1,691,1.17
3,2,2,0,11,1,382,2.44
3,2,2,0,12,0,212,0.0
3,2,2,0,13,0,138,0.0
3,2,2,0,14,0,128,1.78
3,2,2,0,15,0,197,0.0
3,2,2,0,16,0,334,0.53
3,2,2,0,17,1,746,3.4
3,2,2,0,18,1,788,5.14
3,2,2,0,19,1,936,6.43
3,2,2,0,20,1,707,3.89
3,2,2,0,21,0,329,1.01
3,2,2,0,22,0,181,0.12
3,2,2,0,23,0,146,0.59
3,3,3,0,0,0,129,1.53
3,3,3,0,1,0,109,0.0
3,3,3,0,2,0,108,0.0
3,3,3,0,3,0,121,0.0
3,3,3,0,4,0,128,0.0
3,3,3,0,5,0,136,0.72
3,3,3,0,6,0,223,0.0
3,3,3,0,7,0,454,0.92
3,3,3,0,8,1,609,2.11
3,3,3,0,9,1,1060,5.58
3,3,3,0,10,1,715,4.05
3,3,3,0,11,1,362,1.94
3,3,3,0,12,0,196,3.5
3,3,3,0,13,0,134,0.0
3,3,3,0,14,0,122,0.7
3,3,3,0,15,0,190,0.0
3,3,3,0,16,0,350,1.75
3,3,3,0,17,1,655,4.44
3,3,3,0,18,1,851,1.85
3,3,3,0,19,1,789,5.8
3,3,3,0,20,1,614,5.08
3,3,3,0,21,0,352,2.54
3,3,3,0,22,0,200,0.0
3,3,3,0,23,0,136,0.0
3,4,4,0,0,0,117,1.43
3,4,4,0,1,0,110,1.28
3,4,4,0,2,0,105,2.13
3,4,4,0,3,0,114,0.0
3,4,4,0,4,0,107,0.0
3,4,4,0,5,0,113,0.0
3,4,4,0,6,0,213,0.57
3,4,4,0,7,0,349,1.74
3,4,4,0,8,1,690,5.69
3,4,4,0,9,1,895,4.04
3,4,4,0,10,1,731,2.72
3,4,4,0,11,1,383,4.02
3,4,4,0,12,0,170,2.13
3,4,4,0,13,0,134,0.1
3,4,4,0,14,0,129,0.75
3,4,4,0,15,0,185,0.12
3,4,4,0,16,0,319,0.0
3,4,4,0,17,1,571,1.52
3,4,4,0,18,1,855,6.36
3,4,4,0,19,1,803,1.68
3,4,4,0,20,1,571,2.51
3,4,4,0,21,0,354,2.51
3,4,4,0,22,0,198,2.25
3,4,4,0,23,0,130,3.6
3,5,5,1,0,0,64,0.42
3,5,5,1,1,0,73,1.14
3,5,5,1,2,0,54,0.22
3,5,5,1,3,0,70,0.0
3,5,5,1,4,0,70,0.87
3,5,5,1,5,0,80,0.0
3,5,5,1,6,0,116,0.7
3,5,5,1,7,0,242,5.15
3,5,5,1,8,1,421,2.4
3,5,5,1,9,1,549,3.1
3,5,5,1,10,1,348,1.33
3,5,5,1,11,1,225,2.14
3,5,5,1,12,0,98,0.0
3,5,5,1,13,0,72,1.09
3,5,5,1,14,0,78,0.52
3,5,5,1,15,0,95,2.99
3,5,5,1,16,0,170,2.63
3,5,5,1,17,1,353,3.33
3,5,5,1,18,1,448,1.58
3,5,5,1,19,1,466,1.15
3,5,5,1,20,1,339,3.72
3,5,5,1,21,0,166,0.0
3,5,5,1,22,0,96,0.24
3,5,5,1,23,0,72,1.45
3,6,6,1,0,0,66,0.72
3,6,6,1,1,0,68,0.64
3,6,6,1,2,0,69,0.09
3,6,6,1,3,0,74,4.11
3,6,6,1,4,0,70,0.62
3,6,6,1,5,0,77,0.0
3,6,6,1,6,0,109,0.0
3,6,6,1,7,0,220,0.0
3,6,6,1,8,1,365,0.0
3,6,6,1,9,1,419,2.21
3,6,6,1,10,1,349,2.99
3,6,6,1,11,1,196,1.46
3,6,6,1,12,0,101,0.98
3,6,6,1,13,0,65,0.0
3,6,6,1,14,0,69,1.6
3,6,6,1,15,0,106,0.0
3,6,6,1,16,0,183,0.0
3,6,6,1,17,1,358,3.34
3,6,6,1,18,1,411,2.88
3,6,6,1,19,1,434,1.36
3,6,6,1,20,1,334,4.06
3,6,6,1,21,0,171,1.94
3,6,6,1,22,0,92,0.0
3,6,6,1,23,0,73,0.32
3,7,0,0,0,0,93,2.11
3,7,0,0,1,0,99,0.18
3,7,0,0,2,0,133,3.85
3,7,0,0,3,0,116,0.0
3,7,0,0,4,0,134,1.83
3,7,0,0,5,0,128,0.0
3,7,0,0,6,0,185,0.22
3,7,0,0,7,0,395,0.73
3,7,0,0,8,1,658,3.59
3,7,0,0,9,1,742,2.4
3,7,0,0,10,1,591,2.53
3,7,0,0,11,1,326,2.64
3,7,0,0,12,0,175,0.0
3,7,0,0,13,0,131,3.09
3,7,0,0,14,0,142,0.0
3,7,0,0,15,0,166,0.07
3,7,0,0,16,0,399,0.19
3,7,0,0,17,1,561,4.54
3,7,0,0,18,1,858,5.01
3,7,0,0,19,1,796,3.03
3,7,0,0,20,1,670,2.46
3,7,0,0,21,0,369,2.06
3,7,0,0,22,0,170,0.66
3,7,0,0,23,0,144,1.58
3,8,1,0,0,0,119,0.0
3,8,1,0,1,0,103,0.0
3,8,1,0,2,0,115,0.0
3,8,1,0,3,0,106,1.96
3,8,1,0,4,0,109,0.0
3,8,1,0,5,0,134,2.0
3,8,1,0,6,0,228,1.79
3,8,1,0,7,0,434,0.0
3,8,1,0,8,1,800,0.41
3,8,1,0,9,1,808,4.07
3,8,1,0,10,1,594,0.99
3,8,1,0,11,1,352,0.94
3,8,1,0,12,0,218,0.9
3,8,1,0,13,0,130,0.0
3,8,1,0,14,0,140,1.75
3,8,1,0,15,0,160,0.54
3,8,1,0,16,0,343,2.82
3,8,1,0,17,1,571,0.97
3,8,1,0,18,1,814,5.18
3,8,1,0,19,1,915,3.63
3,8,1,0,20,1,655,0.0
3,8,1,0,21,0,360,0.0
3,8,1,0,22,0,212,0.0
3,8,1,0,23,0,124,1.34
3,9,2,0,0,0,126,0.0
3,9,2,0,1,0,123,1.24
3,9,2,0,2,0,124,0.0
3,9,2,0,3,0,125,2.61
3,9,2,0,4,0,109,0.0
3,9,2,0,5,0,133,0.0
3,9,2,0,6,0,168,2.31
3,9,2,0,7,0,317,0.66
3,9,2,0,8,1,723,3.29
3,9,2,0,9,1,816,1.62
3,9,2,0,10,1,701,1.32
3,9,2,0,11,1,394,1.79
3,9,2,0,12,0,198,0.0
3,9,2,0,13,0,157,1.17
3,9,2,0,14,0,131,0.92
3,9,2,0,15,0,174,0.12
3,9,2,0,16,0,403,0.46
3,9,2,0,17,1,602,1.72
3,9,2,0,18,1,774,3.73
3,9,2,0,19,1,847,4.75
3,9,2,0,20,1,645,3.93
3,9,2,0,21,0,313,2.21
3,9,2,0,22,0,195,0.0
3,9,2,0,23,0,130,0.0
3,10,3,0,0,0,126,1.5
3,10,3,0,1,0,134,0.19
3,10,3,0,2,0,124,1.98
3,10,3,0,3,0,113,0.0
3,10,3,0,4,0,114,0.0
3,10,3,0,5,0,124,0.0
3,10,3,0,6,0,210,0.7
3,10,3,0,7,0,395,0.75
3,10,3,0,8,1,648,3.02
3,10,3,0,9,1,850,4.57
3,10,3,0,10,1,753,1.97
3,10,3,0,11,1,412,0.03
3,10,3,0,12,0,229,0.0
3,10,3,0,13,0,142,0.0
3,10,3,0,14,0,133,2.85
3,10,3,0,15,0,173,4.0
3,10,3,0,16,0,338,2.82
3,10,3,0,17,1,625,3.19
3,10,3,0,18,1,748,2.28
3,10,3,0,19,1,926,3.19
3,10,3,0,20,1,612,0.13
3,10,3,0,21,0,324,2.98
3,10,3,0,22,0,166,1.74
3,10,3,0,23,0,135,0.19
3,11,4,0,0,0,117,0.0
3,11,4,0,1,0,116,1.86
3,11,4,0,2,0,116,3.18
3,11,4,0,3,0,123,0.0
3,11,4,0,4,0,131,1.46
3,11,4,0,5,0,115,0.0
3,11,4,0,6,0,194,0.0
3,11,4,0,7,0,450,3.03
3,11,4,0,8,1,681,2.21
3,11,4,0,9,1,801,0.26
3,11,4,0,10,1,587,5.2
3,11,4,0,11,1,434,0.87
3,11,4,0,12,0,210,1.6
3,11,4,0,13,0,142,0.0
3,11,4,0,14,0,115,2.23
3,11,4,0,15,0,156,0.4
3,11,4,0,16,0,328,0.62
3,11,4,0,17,1,621,1.47
3,11,4,0,18,1,871,3.7
3,11,4,0,19,1,987,1.87
3,11,4,0,20,1,607,3.08
3,11,4,0,21,0,331,0.0
3,11,4,0,22,0,204,1.32
3,11,4,0,23,0,120,1.14
3,12,5,1,0,0,75,0.25
3,12,5,1,1,0,66,2.62
3,12,5,1,2,0,61,2.84
3,12,5,1,3,0,71,0.0
3,12,5,1,4,0,63,0.0
3,12,5,1,5,0,62,0.64
3,12,5,1,6,0,100,0.84
3,12,5,1,7,0,190,2.14
3,12,5,1,8,1,397,0.53
3,12,5,1,9,1,476,2.03
3,12,5,1,10,1,419,0.13
3,12,5,1,11,1,209,0.0
3,12,5,1,12,0,108,1.23
3,12,5,1,13,0,70,0.0
3,12,5,1,14,0,79,2.35
3,12,5,1,15,0,106,0.22
3,12,5,1,16,0,182,1.55
3,12,5,1,17,1,339,0.0
3,12,5,1,18,1,486,0.65
3,12,5,1,19,1,412,0.0
3,12,5,1,20,1,327,0.0
3,12,5,1,21,0,151,0.07
3,12,5,1,22,0,98,0.17
3,12,5,1,23,0,69,3.02
3,13,6,1,0,0,68,0.0
3,13,6,1,1,0,65,2.38
3,13,6,1,2,0,71,0.0
3,13,6,1,3,0,61,0.0
3,13,6,1,4,0,64,0.0
3,13,6,1,5,0,73,1.4
3,13,6,1,6,0,115,0.0
3,13,6,1,7,0,184,0.0
3,13,6,1,8,1,359,0.0
3,13,6,1,9,1,505,0.25
3,13,6,1,10,1,393,0.0
3,13,6,1,11,1,223,0.68
3,13,6,1,12,0,121,0.0
3,13,6,1,13,0,71,0.0
3,13,6,1,14,0,73,0.0
3,13,6,1,15,0,99,0.0
3,13,6,1,16,0,155,2.11
3,13,6,1,17,1,409,2.08
3,13,6,1,18,1,422,0.14
3,13,6,1,19,1,487,2.53
3,13,6,1,20,1,325,2.43
3,13,6,1,21,0,155,1.75
3,13,6,1,22,0,104,0.0
3,13,6,1,23,0,65,0.44
3,14,0,0,0,0,133,0.19
3,14,0,0,1,0,112,0.73
3,14,0,0,2,0,137,1.19
3,14,0,0,3,0,125,2.33
3,14,0,0,4,0,126,0.0
3,14,0,0,5,0,114,0.0
3,14,0,0,6,0,179,1.7
3,14,0,0,7,0,410,1.9
3,14,0,0,8,1,613,5.13
3,14,0,0,9,1,814,4.16
3,14,0,0,10,1,685,3.05
3,14,0,0,11,1,403,0.57
3,14,0,0,12,0,217,0.0
3,14,0,0,13,0,124,2.43
3,14,0,0,14,0,141,4.37
3,14,0,0,15,0,187,3.3
3,14,0,0,16,0,288,0.0
3,14,0,0,17,1,649,0.0
3,14,0,0,18,1,831,5.07
3,14,0,0,19,1,879,3.53
3,14,0,0,20,1,584,2.64
3,14,0,0,21,0,354,0.42
3,14,0,0,22,0,191,2.38
3,14,0,0,23,0,131,0.63
3,15,1,0,0,0,124,1.32
3,15,1,0,1,0,128,0.0
3,15,1,0,2,0,115,0.0
3,15,1,0,3,0,111,0.0
3,15,1,0,4,0,90,2.15
3,15,1,0,5,0,116,2.81
3,15,1,0,6,0,208,0.22
3,15,1,0,7,0,404,2.25
3,15,1,0,8,1,622,2.47
3,15,1,0,9,1,776,4.09
3,15,1,0,10,1,643,2.43
3,15,1,0,11,1,381,1.71
3,15,1,0,12,0,222,0.53
3,15,1,0,13,0,148,1.31
3,15,1,0,14,0,150,0.09
3,15,1,0,15,0,196,0.7
3,15,1,0,16,0,257,0.0
3,15,1,0,17,1,634,3.31
3,15,1,0,18,1,757,3.36
3,15,1,0,19,1,879,3.46
3,15,1,0,20,1,641,3.45
3,15,1,0,21,0,337,0.58
3,15,1,0,22,0,201,1.5
3,15,1,0,23,0,118,0.8
3,16,2,0,0,0,109,0.0
3,16,2,0,1,0,114,0.52
3,16,2,0,2,0,123,0.0
3,16,2,0,3,0,116,0.0
3,16,2,0,4,0,131,0.0
3,16,2,0,5,0,130,2.84
3,16,2,0,6,0,204,2.72
3,16,2,0,7,0,323,0.0
3,16,2,0,8,1,710,5.17
3,16,2,0,9,1,765,2.48
3,16,2,0,10,1,704,0.64
3,16,2,0,11,1,402,0.0
3,16,2,0,12,0,204,0.0
3,16,2,0,13,0,130,1.5
3,16,2,0,14,0,139,0.54
3,16,2,0,15,0,200,0.0
3,16,2,0,16,0,344,0.19
3,16,2,0,17,1,650,3.63
3,16,2,0,18,1,894,6.04
3,16,2,0,19,1,921,3.45
3,16,2,0,20,1,606,3.33
3,16,2,0,21,0,342,2.43
3,16,2,0,22,0,152,3.43
3,16,2,0,23,0,134,0.0
3,17,3,0,0,0,111,0.0
3,17,3,0,1,0,109,0.22
3,17,3,0,2,0,134,1.15
3,17,3,0,3,0,122,0.0
3,17,3,0,4,0,113,0.0
3,17,3,0,5,0,125,0.0
3,17,3,0,6,0,192,0.26
3,17,3,0,7,0,365,1.66
3,17,3,0,8,1,665,0.27
3,17,3,0,9,1,844,3.2
3,17,3,0,10,1,596,1.5
3,17,3,0,11,1,404,0.0
3,17,3,0,12,0,177,0.22
3,17,3,0,13,0,142,3.28
3,17,3,0,14,0,142,2.2
3,17,3,0,15,0,191,0.0
3,17,3,0,16,0,356,1.3
3,17,3,0,17,1,624,1.08
3,17,3,0,18,1,876,3.32
3,17,3,0,19,1,860,3.31
3,17,3,0,20,1,592,3.1
3,17,3,0,21,0,327,0.0
3,17,3,0,22,0,158,0.91
3,17,3,0,23,0,128,0.0
3,18,4,0,0,0,121,0.34
3,18,4,0,1,0,115,0.83
3,18,4,0,2,0,132,2.45
3,18,4,0,3,0,121,0.36
3,18,4,0,4,0,123,0.96
3,18,4,0,5,0,130,0.78
3,18,4,0,6,0,171,0.81
3,18,4,0,7,0,400,0.87
3,18,4,0,8,1,677,1.04
3,18,4,0,9,1,757,3.34
3,18,4,0,10,1,642,0.0
3,18,4,0,11,1,351,0.0
3,18,4,0,12,0,208,1.1
3,18,4,0,13,0,125,0.0
3,18,4,0,14,0,149,2.0
3,18,4,0,15,0,169,2.42
3,18,4,0,16,0,336,2.54
3,18,4,0,17,1,598,4.17
3,18,4,0,18,1,766,2.68
3,18,4,0,19,1,927,0.12
3,18,4,0,20,1,603,1.82
3,18,4,0,21,0,357,3.03
3,18,4,0,22,0,196,1.15
3,18,4,0,23,0,134,0.02
3,19,5,1,0,0,67,2.46
3,19,5,1,1,0,61,0.0
3,19,5,1,2,0,65,1.76
3,19,5,1,3,0,67,1.74
3,19,5,1,4,0,72,1.18
3,19,5,1,5,0,67,2.76
3,19,5,1,6,0,120,0.58
3,19,5,1,7,0,188,0.0
3,19,5,1,8,1,383,0.48
3,19,5,1,9,1,399,0.0
3,19,5,1,10,1,361,1.74
3,19,5,1,11,1,236,1.67
3,19,5,1,12,0,104,0.99
3,19,5,1,13,0,76,1.41
3,19,5,1,14,0,74,1.85
3,19,5,1,15,0,109,0.56
3,19,5,1,16,0,184,2.12
3,19,5,1,17,1,314,0.0
3,19,5,1,18,1,408,0.44
3,19,5,1,19,1,489,1.32
3,19,5,1,20,1,338,0.61
3,19,5,1,21,0,178,0.0
3,19,5,1,22,0,101,0.14
3,19,5,1,23,0,75,0.73
3,20,6,1,0,0,65,0.0
3,20,6,1,1,0,71,0.16
3,20,6,1,2,0,66,2.66
3,20,6,1,3,0,71,0.95
3,20,6,1,4,0,66,0.25
3,20,6,1,5,0,74,0.91
3,20,6,1,6,0,122,4.2
3,20,6,1,7,0,217,0.0
3,20,6,1,8,1,346,4.1
3,20,6,1,9,1,489,2.6
3,20,6,1,10,1,370,0.0
3,20,6,1,11,1,240,0.0
3,20,6,1,12,0,114,0.0
3,20,6,1,13,0,73,1.78
3,20,6,1,14,0,72,0.0
3,20,6,1,15,0,102,0.0
3,20,6,1,16,0,163,1.72
3,20,6,1,17,1,322,2.35
3,20,6,1,18,1,506,3.82
3,20,6,1,19,1,404,0.57
3,20,6,1,20,1,347,2.22
3,20,6,1,21,0,219,0.0
3,20,6,1,22,0,111,1.0
3,20,6,1,23,0,63,0.0
3,21,0,0,0,0,122,0.0
3,21,0,0,1,0,100,0.0
3,21,0,0,2,0,122,0.0
3,21,0,0,3,0,114,0.0
3,21,0,0,4,0,107,0.0
3,21,0,0,5,0,114,2.24
3,21,0,0,6,0,222,0.0
3,21,0,0,7,0,371,0.88
3,21,0,0,8,1,673,4.19
3,21,0,0,9,1,810,3.11
3,21,0,0,10,1,845,3.21
3,21,0,0,11,1,440,2.51
3,21,0,0,12,0,187,0.0
3,21,0,0,13,0,135,0.0
3,21,0,0,14,0,125,0.0
3,21,0,0,15,0,190,3.5
3,21,0,0,16,0,325,1.99
3,21,0,0,17,1,527,3.7
3,21,0,0,18,1,728,4.11
3,21,0,0,19,1,839,3.18
3,21,0,0,20,1,591,0.41
3,21,0,0,21,0,304,2.47
3,21,0,0,22,0,186,0.28
3,21,0,0,23,0,138,0.7
3,22,1,0,0,0,112,4.14
3,22,1,0,1,0,127,0.7
3,22,1,0,2,0,115,1.89
3,22,1,0,3,0,112,0.0
3,22,1,0,4,0,138,0.6
3,22,1,0,5,0,125,0.51
3,22,1,0,6,0,209,1.77
3,22,1,0,7,0,415,0.0
3,22,1,0,8,1,734,2.67
3,22,1,0,9,1,848,5.21
3,22,1,0,10,1,720,3.41
3,22,1,0,11,1,324,1.23
3,22,1,0,12,0,184,1.8
3,22,1,0,13,0,146,0.13
3,22,1,0,14,0,127,2.84
3,22,1,0,15,0,177,0.0
3,22,1,0,16,0,316,0.43
3,22,1,0,17,1,564,3.52
3,22,1,0,18,1,696,1.46
3,22,1,0,19,1,841,3.68
3,22,1,0,20,1,688,5.07
3,22,1,0,21,0,295,0.0
3,22,1,0,22,0,186,0.0
3,22,1,0,23,0,120,0.5
3,23,2,0,0,0,122,0.0
3,23,2,0,1,0,114,0.0
3,23,2,0,2,0,116,1.28
3,23,2,0,3,0,110,0.0
3,23,2,0,4,0,117,0.46
3,23,2,0,5,0,136,3.61
3,23,2,0,6,0,205,1.71
3,23,2,0,7,0,377,0.04
3,23,2,0,8,1,653,1.55
3,23,2,0,9,1,868,1.0
3,23,2,0,10,1,714,2.68
3,23,2,0,11,1,408,0.55
3,23,2,0,12,0,182,0.12
3,23,2,0,13,0,130,1.73
3,23,2,0,14,0,143,3.43
3,23,2,0,15,0,178,0.0
3,23,2,0,16,0,327,1.65
3,23,2,0,17,1,640,3.02
3,23,2,0,18,1,811,5.82
3,23,2,0,19,1,775,2.69
3,23,2,0,20,1,553,2.24
3,23,2,0,21,0,381,1.31
3,23,2,0,22,0,184,0.0
3,23,2,0,23,0,130,2.25
3,24,3,0,0,0,117,0.0
3,24,3,0,1,0,130,0.05
3,24,3,0,2,0,132,0.0
3,24,3,0,3,0,126,2.97
3,24,3,0,4,0,131,0.0
3,24,3,0,5,0,126,0.14
3,24,3,0,6,0,212,0.0
3,24,3,0,7,0,354,0.0
3,24,3,0,8,1,637,0.67
3,24,3,0,9,1,949,2.82
3,24,3,0,10,1,720,2.91
3,24,3,0,11,1,386,0.66
3,24,3,0,12,0,208,1.06
3,24,3,0,13,0,136,0.0
3,24,3,0,14,0,130,1.4
3,24,3,0,15,0,189,0.94
3,24,3,0,16,0,318,4.19
3,24,3,0,17,1,582,2.28
3,24,3,0,18,1,832,6.26
3,24,3,0,19,1,825,2.73
3,24,3,0,20,1,611,1.4
3,24,3,0,21,0,341,4.92
3,24,3,0,22,0,190,1.15
3,24,3,0,23,0,125,3.06
3,25,4,0,0,0,138,1.83
3,25,4,0,1,0,126,0.15
3,25,4,0,2,0,124,0.0
3,25,4,0,3,0,109,0.0
3,25,4,0,4,0,125,0.0
3,25,4,0,5,0,128,0.42
3,25,4,0,6,0,212,0.0
3,25,4,0,7,0,420,3.09
3,25,4,0,8,1,624,4.18
3,25,4,0,9,1,823,2.54
3,25,4,0,10,1,667,2.66
3,25,4,0,11,1,373,0.23
3,25,4,0,12,0,184,0.94
3,25,4,0,13,0,133,1.32
3,25,4,0,14,0,135,0.66
3,25,4,0,15,0,194,2.9
3,25,4,0,16,0,378,3.52
3,25,4,0,17,1,648,5.72
3,25,4,0,18,1,874,3.98
3,25,4,0,19,1,996,0.0
3,25,4,0,20,1,595,4.26
3,25,4,0,21,0,365,5.31
3,25,4,0,22,0,187,0.1
3,25,4,0,23,0,130,1.0
3,26,5,1,0,0,74,2.75
3,26,5,1,1,0,65,0.64
3,26,5,1,2,0,62,0.0
3,26,5,1,3,0,71,2.69
3,26,5,1,4,0,63,0.62
3,26,5,1,5,0,72,1.58
3,26,5,1,6,0,104,0.0
3,26,5,1,7,0,229,0.46
3,26,5,1,8,1,369,2.13
3,26,5,1,9,1,476,2.59
3,26,5,1,10,1,326,2.14
3,26,5,1,11,1,179,1.87
3,26,5,1,12,0,117,0.0
3,26,5,1,13,0,76,1.89
3,26,5,1,14,0,71,1.29
3,26,5,1,15,0,79,1.96
3,26,5,1,16,0,186,0.36
3,26,5,1,17,1,359,4.03
3,26,5,1,18,1,482,4.34
3,26,5,1,19,1,407,2.63
3,26,5,1,20,1,329,0.13
3,26,5,1,21,0,157,1.55
3,26,5,1,22,0,109,2.45
3,26,5,1,23,0,80,0.0
3,27,6,1,0,0,73,2.39
3,27,6,1,1,0,64,0.3
3,27,6,1,2,0,61,2.47
3,27,6,1,3,0,58,1.03
3,27,6,1,4,0,63,0.0
3,27,6,1,5,0,62,0.0
3,27,6,1,6,0,97,0.47
3,27,6,1,7,0,242,1.27
3,27,6,1,8,1,435,0.27
3,27,6,1,9,1,415,0.12
3,27,6,1,10,1,373,5.58
3,27,6,1,11,1,184,1.67
3,27,6,1,12,0,102,0.07
3,27,6,1,13,0,66,1.58
3,27,6,1,14,0,73,1.92
3,27,6,1,15,0,103,0.0
3,27,6,1,16,0,202,0.0
3,27,6,1,17,1,283,0.0
3,27,6,1,18,1,431,3.82
3,27,6,1,19,1,458,3.7
3,27,6,1,20,1,318,1.75
3,27,6,1,21,0,193,1.82
3,27,6,1,22,0,98,0.0
3,27,6,1,23,0,71,0.0
3,28,0,0,0,0,119,0.0
3,28,0,0,1,0,125,0.64
3,28,0,0,2,0,133,0.64
3,28,0,0,3,0,114,0.54
3,28,0,0,4,0,128,0.0
3,28,0,0,5,0,125,0.0
3,28,0,0,6,0,202,1.6
3,28,0,0,7,0,389,0.0
3,28,0,0,8,1,592,2.01
3,28,0,0,9,1,808,3.24
3,28,0,0,10,1,656,4.92
3,28,0,0,11,1,315,1.71
3,28,0,0,12,0,209,1.89
3,28,0,0,13,0,143,1.97
3,28,0,0,14,0,128,0.0
3,28,0,0,15,0,155,0.08
3,28,0,0,16,0,317,3.01
3,28,0,0,17,1,592,0.82
3,28,0,0,18,1,764,6.04
3,28,0,0,19,1,843,2.2
3,28,0,0,20,1,612,5.29
3,28,0,0,21,0,328,2.34
3,28,0,0,22,0,203,0.0
3,28,0,0,23,0,126,2.1
3,29,1,0,0,0,113,1.07
3,29,1,0,1,0,113,0.0
3,29,1,0,2,0,114,1.41
3,29,1,0,3,0,122,0.64
3,29,1,0,4,0,146,3.19
3,29,1,0,5,0,112,0.0
3,29,1,0,6,0,234,0.07
3,29,1,0,7,0,450,1.16
3,29,1,0,8,1,669,3.97
3,29,1,0,9,1,836,4.09
3,29,1,0,10,1,768,4.21
3,29,1,0,11,1,390,4.07
3,29,1,0,12,0,210,0.0
3,29,1,0,13,0,156,1.59
3,29,1,0,14,0,132,0.0
3,29,1,0,15,0,165,3.21
3,29,1,0,16,0,385,1.67
3,29,1,0,17,1,520,0.45
3,29,1,0,18,1,735,0.45
3,29,1,0,19,1,982,7.02
3,29,1,0,20,1,551,2.19
3,29,1,0,21,0,303,1.19
3,29,1,0,22,0,210,2.46
3,29,1,0,23,0,142,0.28
3,30,2,0,0,0,132,1.5
3,30,2,0,1,0,124,0.32
3,30,2,0,2,0,123,0.92
3,30,2,0,3,0,115,0.0
3,30,2,0,4,0,112,0.0
3,30,2,0,5,0,131,0.0
3,30,2,0,6,0,186,0.0
3,30,2,0,7,0,394,3.64
3,30,2,0,8,1,681,2.61
3,30,2,0,9,1,779,2.78
3,30,2,0,10,1,747,4.54
3,30,2,0,11,1,415,3.06
3,30,2,0,12,0,203,1.41
3,30,2,0,13,0,137,0.0
3,30,2,0,14,0,135,0.86
3,30,2,0,15,0,195,0.93
3,30,2,0,16,0,395,0.0
3,30,2,0,17,1,642,2.51
3,30,2,0,18,1,845,2.16
3,30,2,0,19,1,914,4.64
3,30,2,0,20,1,646,2.84
3,30,2,0,21,0,329,1.22
3,30,2,0,22,0,192,0.0
3,30,2,0,23,0,142,4.21
3,31,3,0,0,0,124,0.07
3,31,3,0,1,0,118,1.53
3,31,3,0,2,0,117,1.77
3,31,3,0,3,0,118,3.04
3,31,3,0,4,0,138,0.06
3,31,3,0,5,0,132,0.49
3,31,3,0,6,0,196,0.0
3,31,3,0,7,0,352,3.28
3,31,3,0,8,1,742,4.58
3,31,3,0,9,1,837,6.19
3,31,3,0,10,1,681,4.02
3,31,3,0,11,1,343,1.03
3,31,3,0,12,0,194,0.68
3,31,3,0,13,0,120,1.54
3,31,3,0,14,0,146,0.0
3,31,3,0,15,0,169,0.0
3,31,3,0,16,0,352,0.51
3,31,3,0,17,1,599,0.79
3,31,3,0,18,1,979,4.03
3,31,3,0,19,1,922,4.43
3,31,3,0,20,1,604,2.28
3,31,3,0,21,0,318,0.6
3,31,3,0,22,0,171,0.0
3,31,3,0,23,0,155,1.04
3,32,4,0,0,0,134,0.0
3,32,4,0,1,0,108,0.0
3,32,4,0,2,0,116,0.52
3,32,4,0,3,0,118,0.0
3,32,4,0,4,0,122,0.75
3,32,4,0,5,0,141,2.77
3,32,4,0,6,0,190,2.58
3,32,4,0,7,0,387,0.0
3,32,4,0,8,1,779,6.52
3,32,4,0,9,1,883,3.67
3,32,4,0,10,1,667,1.97
3,32,4,0,11,1,423,1.67
3,32,4,0,12,0,222,0.94
3,32,4,0,13,0,130,0.0
3,32,4,0,14,0,126,1.28
3,32,4,0,15,0,166,0.0
3,32,4,0,16,0,374,0.06
3,32,4,0,17,1,648,0.0
3,32,4,0,18,1,943,1.87
3,32,4,0,19,1,785,4.16
3,32,4,0,20,1,619,3.82
3,32,4,0,21,0,304,0.79
3,32,4,0,22,0,176,0.0
3,32,4,0,23,0,139,1.97
3,33,5,1,0,0,64,2.54
3,33,5,1,1,0,62,2.5
3,33,5,1,2,0,69,0.0
3,33,5,1,3,0,76,0.0
3,33,5,1,4,0,73,0.51
3,33,5,1,5,0,75,1.65
3,33,5,1,6,0,115,0.0
3,33,5,1,7,0,221,1.57
3,33,5,1,8,1,381,1.22
3,33,5,1,9,1,471,4.84
3,33,5,1,10,1,366,3.27
3,33,5,1,11,1,201,0.0
3,33,5,1,12,0,136,1.35
3,33,5,1,13,0,77,1.2
3,33,5,1,14,0,82,0.94
3,33,5,1,15,0,109,0.0
3,33,5,1,16,0,200,0.44
3,33,5,1,17,1,351,0.0
3,33,5,1,18,1,488,0.0
3,33,5,1,19,1,454,0.0
3,33,5,1,20,1,350,1.5
3,33,5,1,21,0,174,2.85
3,33,5,1,22,0,95,0.0
3,33,5,1,23,0,76,0.0
3,34,6,1,0,0,61,0.0
3,34,6,1,1,0,58,0.0
3,34,6,1,2,0,58,0.48
3,34,6,1,3,0,59,0.28
3,34,6,1,4,0,73,1.47
3,34,6,1,5,0,72,0.0
3,34,6,1,6,0,109,0.0
3,34,6,1,7,0,215,0.0
3,34,6,1,8,1,399,1.65
3,34,6,1,9,1,545,4.14
3,34,6,1,10,1,392,1.38
3,34,6,1,11,1,199,2.21
3,34,6,1,12,0,106,2.18
3,34,6,1,13,0,76,0.92
3,34,6,1,14,0,77,0.0
3,34,6,1,15,0,94,0.0
3,34,6,1,16,0,201,0.0
3,34,6,1,17,1,311,2.05
3,34,6,1,18,1,455,1.25
3,34,6,1,19,1,447,0.0
3,34,6,1,20,1,307,3.0
3,34,6,1,21,0,178,0.0
3,34,6,1,22,0,94,0.92
3,34,6,1,23,0,75,0.0
3,35,0,0,0,0,113,0.0
3,35,0,0,1,0,123,1.75
3,35,0,0,2,0,132,0.0
3,35,0,0,3,0,133,0.45
3,35,0,0,4,0,121,1.82
3,35,0,0,5,0,127,0.0
3,35,0,0,6,0,207,1.35
3,35,0,0,7,0,374,2.43
3,35,0,0,8,1,727,0.64
3,35,0,0,9,1,843,0.0
3,35,0,0,10,1,675,2.14
3,35,0,0,11,1,401,0.0
3,35,0,0,12,0,189,0.0
3,35,0,0,13,0,141,0.43
3,35,0,0,14,0,135,0.0
3,35,0,0,15,0,192,3.25
3,35,0,0,16,0,333,2.31
3,35,0,0,17,1,563,2.14
3,35,0,0,18,1,741,4.15
3,35,0,0,19,1,855,1.59
3,35,0,0,20,1,567,2.36
3,35,0,0,21,0,363,3.67
3,35,0,0,22,0,184,0.0
3,35,0,0,23,0,136,3.22
3,36,1,0,0,0,104,0.0
3,36,1,0,1,0,126,0.73
3,36,1,0,2,0,115,0.79
3,36,1,0,3,0,129,0.37
3,36,1,0,4,0,119,1.36
3,36,1,0,5,0,130,2.23
3,36,1,0,6,0,228,0.0
3,36,1,0,7,0,347,1.95
3,36,1,0,8,1,612,0.49
3,36,1,0,9,1,704,2.24
3,36,1,0,10,1,680,1.94
3,36,1,0,11,1,428,3.69
3,36,1,0,12,0,226,0.97
3,36,1,0,13,0,148,1.06
3,36,1,0,14,0,137,0.0
3,36,1,0,15,0,152,1.56
3,36,1,0,16,0,369,0.0
3,36,1,0,17,1,605,3.91
3,36,1,0,18,1,820,5.07
3,36,1,0,19,1,835,2.55
3,36,1,0,20,1,666,1.26
3,36,1,0,21,0,319,0.0
3,36,1,0,22,0,169,0.91
3,36,1,0,23,0,128,1.24
3,37,2,0,0,0,103,0.0
3,37,2,0,1,0,120,2.68
3,37,2,0,2,0,123,0.0
3,37,2,0,3,0,106,0.0
3,37,2,0,4,0,121,0.0
3,37,2,0,5,0,120,0.0
3,37,2,0,6,0,192,0.69
3,37,2,0,7,0,367,2.23
3,37,2,0,8,1,689,2.2
3,37,2,0,9,1,885,4.38
3,37,2,0,10,1,603,2.36
3,37,2,0,11,1,413,3.24
3,37,2,0,12,0,202,0.46
3,37,2,0,13,0,139,1.77
3,37,2,0,14,0,136,0.89
3,37,2,0,15,0,182,0.0
3,37,2,0,16,0,333,0.32
3,37,2,0,17,1,573,4.44
3,37,2,0,18,1,909,1.1
3,37,2,0,19,1,771,2.54
3,37,2,0,20,1,575,2.78
3,37,2,0,21,0,304,2.65
3,37,2,0,22,0,185,0.23
3,37,2,0,23,0,133,0.0
3,38,3,0,0,0,100,0.42
3,38,3,0,1,0,117,0.0
3,38,3,0,2,0,130,1.52
3,38,3,0,3,0,143,1.82
3,38,3,0,4,0,115,0.0
3,38,3,0,5,0,128,0.0
3,38,3,0,6,0,198,0.0
3,38,3,0,7,0,405,1.76
3,38,3,0,8,1,711,1.13
3,38,3,0,9,1,858,5.38
3,38,3,0,10,1,635,1.21
3,38,3,0,11,1,407,0.17
3,38,3,0,12,0,192,2.98
3,38,3,0,13,0,125,2.82
3,38,3,0,14,0,131,0.0
3,38,3,0,15,0,195,0.94
3,38,3,0,16,0,339,0.2
3,38,3,0,17,1,611,0.0
3,38,3,0,18,1,859,5.38
3,38,3,0,19,1,725,2.29
3,38,3,0,20,1,563,0.0
3,38,3,0,21,0,283,0.0
3,38,3,0,22,0,182,2.45
3,38,3,0,23,0,117,0.91
3,39,4,0,0,0,122,3.0
3,39,4,0,1,0,125,1.44
3,39,4,0,2,0,127,0.0
3,39,4,0,3,0,114,2.13
3,39,4,0,4,0,101,0.0
3,39,4,0,5,0,119,0.83
3,39,4,0,6,0,189,1.69
3,39,4,0,7,0,382,0.0
3,39,4,0,8,1,600,2.39
3,39,4,0,9,1,790,2.36
3,39,4,0,10,1,733,4.07
3,39,4,0,11,1,441,1.29
3,39,4,0,12,0,186,1.37
3,39,4,0,13,0,129,0.0
3,39,4,0,14,0,132,3.01
3,39,4,0,15,0,196,2.0
3,39,4,0,16,0,382,2.88
3,39,4,0,17,1,551,3.54
3,39,4,0,18,1,913,4.63
3,39,4,0,19,1,831,4.14
3,39,4,0,20,1,605,0.95
3,39,4,0,21,0,318,2.33
3,39,4,0,22,0,172,0.0
3,39,4,0,23,0,141,0.76
3,40,5,1,0,0,69,0.0
3,40,5,1,1,0,69,0.0
3,40,5,1,2,0,60,0.0
3,40,5,1,3,0,73,0.0
3,40,5,1,4,0,78,0.0
3,40,5,1,5,0,64,2.24
3,40,5,1,6,0,121,0.0
3,40,5,1,7,0,213,1.92
3,40,5,1,8,1,368,1.7
3,40,5,1,9,1,463,0.0
3,40,5,1,10,1,365,1.48
3,40,5,1,11,1,213,0.0
3,40,5,1,12,0,114,0.65
3,40,5,1,13,0,68,2.97
3,40,5,1,14,0,72,0.0
3,40,5,1,15,0,107,3.25
3,40,5,1,16,0,196,2.02
3,40,5,1,17,1,306,1.35
3,40,5,1,18,1,445,2.84
3,40,5,1,19,1,494,4.43
3,40,5,1,20,1,275,0.15
3,40,5,1,21,0,205,0.0
3,40,5,1,22,0,108,2.13
3,40,5,1,23,0,73,0.0
3,41,6,1,0,0,65,2.45
3,41,6,1,1,0,74,0.61
3,41,6,1,2,0,61,2.85
3,41,6,1,3,0,70,0.0
3,41,6,1,4,0,68,0.72
3,41,6,1,5,0,69,0.8
3,41,6,1,6,0,117,0.02
3,41,6,1,7,0,232,0.0
3,41,6,1,8,1,442,1.85
3,41,6,1,9,1,502,2.34
3,41,6,1,10,1,350,1.35
3,41,6,1,11,1,179,1.75
3,41,6,1,12,0,109,0.15
3,41,6,1,13,0,78,0.37
3,41,6,1,14,0,77,1.75
3,41,6,1,15,0,97,0.0
3,41,6,1,16,0,160,0.82
3,41,6,1,17,1,345,0.0
3,41,6,1,18,1,517,0.83
3,41,6,1,19,1,386,3.79
3,41,6,1,20,1,280,2.57
3,41,6,1,21,0,196,1.26
3,41,6,1,22,0,98,1.15
3,41,6,1,23,0,79,0.0
3,42,0,0,0,0,129,1.91
3,42,0,0,1,0,123,0.0
3,42,0,0,2,0,129,1.28
3,42,0,0,3,0,110,0.0
3,42,0,0,4,0,129,0.69
3,42,0,0,5,0,145,0.07
3,42,0,0,6,0,180,4.01
3,42,0,0,7,0,334,0.59
3,42,0,0,8,1,697,4.27
3,42,0,0,9,1,885,7.01
3,42,0,0,10,1,676,1.39
3,42,0,0,11,1,379,1.04
3,42,0,0,12,0,195,0.0
3,42,0,0,13,0,143,1.13
3,42,0,0,14,0,121,1.94
3,42,0,0,15,0,174,0.0
3,42,0,0,16,0,341,0.0
3,42,0,0,17,1,634,0.0
3,42,0,0,18,1,775,5.46
3,42,0,0,19,1,798,2.42
3,42,0,0,20,1,667,1.48
3,42,0,0,21,0,359,3.2
3,42,0,0,22,0,193,0.0
3,42,0,0,23,0,127,4.58
3,43,1,0,0,0,115,4.94
3,43,1,0,1,0,136,1.32
3,43,1,0,2,0,123,0.0
3,43,1,0,3,0,119,0.0
3,43,1,0,4,0,121,0.0
3,43,1,0,5,0,118,2.42
3,43,1,0,6,0,171,2.01
3,43,1,0,7,0,327,2.25
3,43,1,0,8,1,671,4.67
3,43,1,0,9,1,819,0.26
3,43,1,0,10,1,672,2.93
3,43,1,0,11,1,381,2.39
3,43,1,0,12,0,187,0.0
3,43,1,0,13,0,124,0.0
3,43,1,0,14,0,129,4.13
3,43,1,0,15,0,204,1.85
3,43,1,0,16,0,350,1.85
3,43,1,0,17,1,620,2.72
3,43,1,0,18,1,847,0.25
3,43,1,0,19,1,820,2.92
3,43,1,0,20,1,569,1.44
3,43,1,0,21,0,346,2.54
3,43,1,0,22,0,190,1.87
3,43,1,0,23,0,141,0.11
3,44,2,0,0,0,125,0.0
3,44,2,0,1,0,116,0.0
3,44,2,0,2,0,135,1.05
3,44,2,0,3,0,107,1.32
3,44,2,0,4,0,130,0.39
3,44,2,0,5,0,140,0.0
3,44,2,0,6,0,153,0.0
3,44,2,0,7,0,390,3.86
3,44,2,0,8,1,621,1.2
3,44,2,0,9,1,848,2.65
3,44,2,0,10,1,652,1.98
3,44,2,0,11,1,426,3.38
3,44,2,0,12,0,196,3.27
3,44,2,0,13,0,140,2.29
3,44,2,0,14,0,125,0.0
3,44,2,0,15,0,176,0.57
3,44,2,0,16,0,340,1.85
3,44,2,0,17,1,701,3.89
3,44,2,0,18,1,810,3.24
3,44,2,0,19,1,946,4.96
3,44,2,0,20,1,678,1.99
3,44,2,0,21,0,319,0.23
3,44,2,0,22,0,180,0.0
3,44,2,0,23,0,136,1.01
3,45,3,0,0,0,133,0.0
3,45,3,0,1,0,111,1.65
3,45,3,0,2,0,122,0.56
3,45,3,0,3,0,132,0.0
3,45,3,0,4,0,114,0.0
3,45,3,0,5,0,112,0.65
3,45,3,0,6,0,188,0.0
3,45,3,0,7,0,357,1.4
3,45,3,0,8,1,638,2.88
3,45,3,0,9,1,873,3.05
3,45,3,0,10,1,662,2.93
3,45,3,0,11,1,385,3.54
3,45,3,0,12,0,201,2.45
3,45,3,0,13,0,141,0.0
3,45,3,0,14,0,128,0.44
3,45,3,0,15,0,199,3.69
3,45,3,0,16,0,325,1.38
3,45,3,0,17,1,644,2.49
3,45,3,0,18,1,956,1.8
3,45,3,0,19,1,891,4.57
3,45,3,0,20,1,662,2.74
3,45,3,0,21,0,362,1.07
3,45,3,0,22,0,174,0.0
3,45,3,0,23,0,118,0.0
3,46,4,0,0,0,123,0.18
3,46,4,0,1,0,122,2.34
3,46,4,0,2,0,115,3.97
3,46,4,0,3,0,127,0.21
3,46,4,0,4,0,119,0.0
3,46,4,0,5,0,133,0.0
3,46,4,0,6,0,216,0.0
3,46,4,0,7,0,387,0.0
3,46,4,0,8,1,644,1.72
3,46,4,0,9,1,971,2.23
3,46,4,0,10,1,732,4.67
3,46,4,0,11,1,313,0.33
3,46,4,0,12,0,219,0.0
3,46,4,0,13,0,148,0.57
3,46,4,0,14,0,134,0.64
3,46,4,0,15,0,191,0.0
3,46,4,0,16,0,331,1.88
3,46,4,0,17,1,614,2.98
3,46,4,0,18,1,796,4.13
3,46,4,0,19,1,853,1.04
3,46,4,0,20,1,580,0.98
3,46,4,0,21,0,314,0.54
3,46,4,0,22,0,195,0.0
3,46,4,0,23,0,136,0.64
3,47,5,1,0,0,62,0.0
3,47,5,1,1,0,70,0.5
3,47,5,1,2,0,69,2.18
3,47,5,1,3,0,68,0.0
3,47,5,1,4,0,68,0.0
3,47,5,1,5,0,84,0.93
3,47,5,1,6,0,102,1.26
3,47,5,1,7,0,213,0.0
3,47,5,1,8,1,401,1.0
3,47,5,1,9,1,515,1.87
3,47,5,1,10,1,418,2.31
3,47,5,1,11,1,228,0.17
3,47,5,1,12,0,111,0.0
3,47,5,1,13,0,73,0.0
3,47,5,1,14,0,67,0.0
3,47,5,1,15,0,107,0.21
3,47,5,1,16,0,186,0.48
3,47,5,1,17,1,362,1.45
3,47,5,1,18,1,474,1.04
3,47,5,1,19,1,507,3.86
3,47,5,1,20,1,332,0.45
3,47,5,1,21,0,162,0.0
3,47,5,1,22,0,84,0.0
3,47,5,1,23,0,75,0.22
3,48,6,1,0,0,78,0.0
3,48,6,1,1,0,63,1.85
3,48,6,1,2,0,55,0.0
3,48,6,1,3,0,69,0.0
3,48,6,1,4,0,66,0.0
3,48,6,1,5,0,74,0.0
3,48,6,1,6,0,108,0.0
3,48,6,1,7,0,209,3.87
3,48,6,1,8,1,362,1.25
3,48,6,1,9,1,455,2.08
3,48,6,1,10,1,389,1.94
3,48,6,1,11,1,216,0.59
3,48,6,1,12,0,108,0.11
3,48,6,1,13,0,63,4.2
3,48,6,1,14,0,78,0.0
3,48,6,1,15,0,104,0.0
3,48,6,1,16,0,178,0.0
3,48,6,1,17,1,332,0.0
3,48,6,1,18,1,479,2.94
3,48,6,1,19,1,434,1.98
3,48,6,1,20,1,309,2.0
3,48,6,1,21,0,175,1.88
3,48,6,1,22,0,87,0.0
3,48,6,1,23,0,66,0.57
3,49,0,0,0,0,125,0.92
3,49,0,0,1,0,115,0.0
3,49,0,0,2,0,120,1.66
3,49,0,0,3,0,146,0.0
3,49,0,0,4,0,115,0.94
3,49,0,0,5,0,130,2.43
3,49,0,0,6,0,183,0.36
3,49,0,0,7,0,412,2.11
3,49,0,0,8,1,745,2.33
3,49,0,0,9,1,927,1.21
3,49,0,0,10,1,593,4.29
3,49,0,0,11,1,386,2.93
3,49,0,0,12,0,198,0.78
3,49,0,0,13,0,120,0.44
3,49,0,0,14,0,149,0.68
3,49,0,0,15,0,196,1.77
3,49,0,0,16,0,311,2.53
3,49,0,0,17,1,590,1.97
3,49,0,0,18,1,987,4.84
3,49,0,0,19,1,802,3.3
3,49,0,0,20,1,607,4.96
3,49,0,0,21,0,339,4.67
3,49,0,0,22,0,166,0.62
3,49,0,0,23,0,125,0.0
3,50,1,0,0,0,115,0.0
3,50,1,0,1,0,136,2.68
3,50,1,0,2,0,124,0.0
3,50,1,0,3,0,113,1.56
3,50,1,0,4,0,124,0.28
3,50,1,0,5,0,139,1.89
3,50,1,0,6,0,193,0.0
3,50,1,0,7,0,345,1.76
3,50,1,0,8,1,800,1.53
3,50,1,0,9,1,916,2.65
3,50,1,0,10,1,656,4.0
3,50,1,0,11,1,378,1.88
3,50,1,0,12,0,200,0.0
3,50,1,0,13,0,145,0.49
3,50,1,0,14,0,119,0.0
3,50,1,0,15,0,139,0.63
3,50,1,0,16,0,373,0.0
3,50,1,0,17,1,634,3.18
3,50,1,0,18,1,794,5.48
3,50,1,0,19,1,826,6.32
3,50,1,0,20,1,526,1.7
3,50,1,0,21,0,334,1.28
3,50,1,0,22,0,196,5.88
3,50,1,0,23,0,138,0.59
3,51,2,0,0,0,109,0.0
3,51,2,0,1,0,131,0.0
3,51,2,0,2,0,145,1.88
3,51,2,0,3,0,123,1.08
3,51,2,0,4,0,125,0.0
3,51,2,0,5,0,114,0.0
3,51,2,0,6,0,196,0.0
3,51,2,0,7,0,346,0.26
3,51,2,0,8,1,739,4.08
3,51,2,0,9,1,853,4.29
3,51,2,0,10,1,620,1.29
3,51,2,0,11,1,395,0.07
3,51,2,0,12,0,198,0.0
3,51,2,0,13,0,117,1.57
3,51,2,0,14,0,146,0.0
3,51,2,0,15,0,163,0.0
3,51,2,0,16,0,388,1.72
3,51,2,0,17,1,576,1.76
3,51,2,0,18,1,715,3.79
3,51,2,0,19,1,980,2.75
3,51,2,0,20,1,721,2.71
3,51,2,0,21,0,383,1.99
3,51,2,0,22,0,190,3.53
3,51,2,0,23,0,141,1.13
3,52,3,0,0,0,101,0.0
3,52,3,0,1,0,124,2.7
3,52,3,0,2,0,121,0.0
3,52,3,0,3,0,102,0.0
3,52,3,0,4,0,122,0.0
3,52,3,0,5,0,123,0.42
3,52,3,0,6,0,219,1.9
3,52,3,0,7,0,394,1.86
3,52,3,0,8,1,712,2.68
3,52,3,0,9,1,814,4.36
3,52,3,0,10,1,670,0.9
3,52,3,0,11,1,430,0.0
3,52,3,0,12,0,220,1.64
3,52,3,0,13,0,124,0.53
3,52,3,0,14,0,130,1.73
3,52,3,0,15,0,197,1.48
3,52,3,0,16,0,358,1.26
3,52,3,0,17,1,691,4.6
3,52,3,0,18,1,812,4.46
3,52,3,0,19,1,894,3.19
3,52,3,0,20,1,589,4.18
3,52,3,0,21,0,338,1.74
3,52,3,0,22,0,206,4.62
3,52,3,0,23,0,127,0.18
3,53,4,0,0,0,121,0.63
3,53,4,0,1,0,123,0.0
3,53,4,0,2,0,108,3.06
3,53,4,0,3,0,126,0.0
3,53,4,0,4,0,125,3.25
3,53,4,0,5,0,125,0.82
3,53,4,0,6,0,174,0.52
3,53,4,0,7,0,404,0.0
3,53,4,0,8,1,672,3.89
3,53,4,0,9,1,881,1.79
3,53,4,0,10,1,702,3.65
3,53,4,0,11,1,389,3.19
3,53,4,0,12,0,187,1.37
3,53,4,0,13,0,122,0.0
3,53,4,0,14,0,143,0.6
3,53,4,0,15,0,179,0.0
3,53,4,0,16,0,361,0.0
3,53,4,0,17,1,654,3.29
3,53,4,0,18,1,746,3.17
3,53,4,0,19,1,1024,5.88
3,53,4,0,20,1,566,3.34
3,53,4,0,21,0,300,0.0
3,53,4,0,22,0,185,1.57
3,53,4,0,23,0,142,1.81
3,54,5,1,0,0,68,0.0
3,54,5,1,1,0,65,1.71
3,54,5,1,2,0,68,0.55
3,54,5,1,3,0,67,0.74
3,54,5,1,4,0,56,1.96
3,54,5,1,5,0,72,1.35
3,54,5,1,6,0,88,2.84
3,54,5,1,7,0,192,4.58
3,54,5,1,8,1,439,0.0
3,54,5,1,9,1,493,0.45
3,54,5,1,10,1,356,0.5
3,54,5,1,11,1,219,1.36
3,54,5,1,12,0,97,1.05
3,54,5,1,13,0,73,0.0
3,54,5,1,14,0,71,2.77
3,54,5,1,15,0,99,0.0
3,54,5,1,16,0,198,0.0
3,54,5,1,17,1,339,1.1
3,54,5,1,18,1,530,1.86
3,54,5,1,19,1,422,0.98
3,54,5,1,20,1,300,0.89
3,54,5,1,21,0,212,2.72
3,54,5,1,22,0,119,1.19
3,54,5,1,23,0,74,0.0
3,55,6,1,0,0,67,0.07
3,55,6,1,1,0,70,0.0
3,55,6,1,2,0,66,0.0
3,55,6,1,3,0,68,1.29
3,55,6,1,4,0,58,0.0
3,55,6,1,5,0,65,0.0
3,55,6,1,6,0,95,2.45
3,55,6,1,7,0,219,1.77
3,55,6,1,8,1,327,3.25
3,55,6,1,9,1,487,0.92
3,55,6,1,10,1,329,1.2
3,55,6,1,11,1,204,0.18
3,55,6,1,12,0,102,1.49
3,55,6,1,13,0,58,2.38
3,55,6,1,14,0,80,0.64
3,55,6,1,15,0,101,2.03
3,55,6,1,16,0,185,0.32
3,55,6,1,17,1,363,4.59
3,55,6,1,18,1,428,2.35
3,55,6,1,19,1,424,2.45
3,55,6,1,20,1,312,3.07
3,55,6,1,21,0,184,0.81
3,55,6,1,22,0,115,0.0
3,55,6,1,23,0,77,0.0
3,56,0,0,0,0,131,3.2
3,56,0,0,1,0,117,0.0
3,56,0,0,2,0,113,4.1
3,56,0,0,3,0,114,3.11
3,56,0,0,4,0,115,0.0
3,56,0,0,5,0,141,1.55
3,56,0,0,6,0,209,0.84
3,56,0,0,7,0,417,3.11
3,56,0,0,8,1,745,2.04
3,56,0,0,9,1,911,2.86
3,56,0,0,10,1,673,2.43
3,56,0,0,11,1,355,0.0
3,56,0,0,12,0,215,0.0
3,56,0,0,13,0,132,0.0
3,56,0,0,14,0,132,0.0
3,56,0,0,15,0,205,0.0
3,56,0,0,16,0,385,3.25
3,56,0,0,17,1,583,2.81
3,56,0,0,18,1,880,4.78
3,56,0,0,19,1,908,3.91
3,56,0,0,20,1,559,3.2
3,56,0,0,21,0,332,0.0
3,56,0,0,22,0,191,0.0
3,56,0,0,23,0,128,0.52
3,57,1,0,0,0,105,0.63
3,57,1,0,1,0,117,0.0
3,57,1,0,2,0,120,0.0
3,57,1,0,3,0,121,1.19
3,57,1,0,4,0,124,1.68
3,57,1,0,5,0,145,0.46
3,57,1,0,6,0,213,0.72
3,57,1,0,7,0,364,0.87
3,57,1,0,8,1,697,4.42
3,57,1,0,9,1,842,2.36
3,57,1,0,10,1,761,0.89
3,57,1,0,11,1,365,2.8
3,57,1,0,12,0,224,1.62
3,57,1,0,13,0,138,0.12
3,57,1,0,14,0,140,0.75
3,57,1,0,15,0,174,0.23
3,57,1,0,16,0,315,1.28
3,57,1,0,17,1,614,4.91
3,57,1,0,18,1,804,2.94
3,57,1,0,19,1,930,6.43
3,57,1,0,20,1,629,2.14
3,57,1,0,21,0,325,0.0
3,57,1,0,22,0,172,0.84
3,57,1,0,23,0,131,1.46
3,58,2,0,0,0,118,0.0
3,58,2,0,1,0,123,4.25
3,58,2,0,2,0,117,0.68
3,58,2,0,3,0,128,0.0
3,58,2,0,4,0,134,0.0
3,58,2,0,5,0,129,0.05
3,58,2,0,6,0,198,0.0
3,58,2,0,7,0,427,2.33
3,58,2,0,8,1,743,5.39
3,58,2,0,9,1,792,0.0
3,58,2,0,10,1,745,2.55
3,58,2,0,11,1,350,2.26
3,58,2,0,12,0,235,0.78
3,58,2,0,13,0,145,0.0
3,58,2,0,14,0,116,1.83
3,58,2,0,15,0,194,0.08
3,58,2,0,16,0,384,0.0
3,58,2,0,17,1,546,1.37
3,58,2,0,18,1,821,5.48
3,58,2,0,19,1,848,3.1
3,58,2,0,20,1,544,3.81
3,58,2,0,21,0,307,0.0
3,58,2,0,22,0,180,0.96
3,58,2,0,23,0,125,1.56
3,59,3,0,0,0,117,2.05
3,59,3,0,1,0,125,3.19
3,59,3,0,2,0,116,1.73
3,59,3,0,3,0,103,4.75
3,59,3,0,4,0,129,0.07
3,59,3,0,5,0,130,0.15
3,59,3,0,6,0,225,2.25
3,59,3,0,7,0,372,0.0
3,59,3,0,8,1,747,4.25
3,59,3,0,9,1,889,3.43
3,59,3,0,10,1,666,5.19
3,59,3,0,11,1,440,2.72
3,59,3,0,12,0,211,1.2
3,59,3,0,13,0,120,0.0
3,59,3,0,14,0,147,2.5
3,59,3,0,15,0,201,1.32
3,59,3,0,16,0,368,1.38
3,59,3,0,17,1,636,2.24
3,59,3,0,18,1,773,4.39
3,59,3,0,19,1,931,7.43
3,59,3,0,20,1,619,0.9
3,59,3,0,21,0,329,1.11
3,59,3,0,22,0,188,1.46
3,59,3,0,23,0,137,1.71
4,0,0,0,0,0,179,0.94
4,0,0,0,1,0,160,0.94
4,0,0,0,2,0,160,0.46
4,0,0,0,3,0,153,1.97
4,0,0,0,4,0,185,0.0
4,0,0,0,5,0,169,0.0
4,0,0,0,6,0,283,0.25
4,0,0,0,7,0,437,2.71
4,0,0,0,8,1,997,4.98
4,0,0,0,9,1,1097,5.0
4,0,0,0,10,1,974,2.58
4,0,0,0,11,1,490,1.28
4,0,0,0,12,0,228,0.42
4,0,0,0,13,0,188,1.6
4,0,0,0,14,0,181,0.94
4,0,0,0,15,0,248,0.0
4,0,0,0,16,0,423,1.98
4,0,0,0,17,1,794,3.66
4,0,0,0,18,1,1071,3.72
4,0,0,0,19,1,1357,6.79
4,0,0,0,20,1,802,2.86
4,0,0,0,21,0,418,1.48
4,0,0,0,22,0,244,0.0
4,0,0,0,23,0,149,0.0
4,1,1,0,0,0,156,0.27
4,1,1,0,1,0,172,0.0
4,1,1,0,2,0,144,2.86
4,1,1,0,3,0,155,1.95
4,1,1,0,4,0,181,0.0
4,1,1,0,5,0,169,0.27
4,1,1,0,6,0,212,0.38
4,1,1,0,7,0,529,2.93
4,1,1,0,8,1,918,3.11
4,1,1,0,9,1,1023,6.0
4,1,1,0,10,1,840,3.8
4,1,1,0,11,1,501,4.2
4,1,1,0,12,0,271,0.0
4,1,1,0,13,0,157,1.5
4,1,1,0,14,0,172,0.01
4,1,1,0,15,0,258,1.31
4,1,1,0,16,0,435,2.91
4,1,1,0,17,1,753,5.36
4,1,1,0,18,1,1015,5.05
4,1,1,0,19,1,1207,2.76
4,1,1,0,20,1,755,4.73
4,1,1,0,21,0,474,1.64
4,1,1,0,22,0,224,2.33
4,1,1,0,23,0,187,0.0
4,2,2,0,0,0,139,0.89
4,2,2,0,1,0,162,0.2
4,2,2,0,2,0,162,0.0
4,2,2,0,3,0,128,0.0
4,2,2,0,4,0,156,0.21
4,2,2,0,5,0,155,0.0
4,2,2,0,6,0,241,2.31
4,2,2,0,7,0,544,3.96
4,2,2,0,8,1,817,1.54
4,2,2,0,9,1,1122,5.44
4,2,2,0,10,1,903,0.59
4,2,2,0,11,1,460,1.8
4,2,2,0,12,0,261,2.19
4,2,2,0,13,0,175,1.2
4,2,2,0,14,0,174,1.72
4,2,2,0,15,0,244,1.07
4,2,2,0,16,0,424,1.82
4,2,2,0,17,1,807,3.63
4,2,2,0,18,1,1116,6.48
4,2,2,0,19,1,1106,3.45
4,2,2,0,20,1,832,1.28
4,2,2,0,21,0,396,2.09
4,2,2,0,22,0,248,0.0
4,2,2,0,23,0,166,0.0
4,3,3,0,0,0,148,2.01
4,3,3,0,1,0,162,0.62
4,3,3,0,2,0,147,0.0
4,3,3,0,3,0,171,1.57
4,3,3,0,4,0,147,1.67
4,3,3,0,5,0,170,0.25
4,3,3,0,6,0,260,0.0
4,3,3,0,7,0,481,2.11
4,3,3,0,8,1,840,4.36
4,3,3,0,9,1,1241,3.83
4,3,3,0,10,1,758,0.03
4,3,3,0,11,1,488,0.96
4,3,3,0,12,0,256,1.22
4,3,3,0,13,0,151,0.0
4,3,3,0,14,0,177,0.91
4,3,3,0,15,0,230,0.0
4,3,3,0,16,0,450,3.71
4,3,3,0,17,1,794,1.9
4,3,3,0,18,1,1087,2.3
4,3,3,0,19,1,1175,4.82
4,3,3,0,20,1,667,2.22
4,3,3,0,21,0,450,1.3
4,3,3,0,22,0,233,0.0
4,3,3,0,23,0,179,0.0
4,4,4,0,0,0,127,0.0
4,4,4,0,1,0,166,0.08
4,4,4,0,2,0,175,1.34
4,4,4,0,3,0,158,0.44
4,4,4,0,4,0,155,0.22
4,4,4,0,5,0,167,1.46
4,4,4,0,6,0,232,0.0
4,4,4,0,7,0,450,4.87
4,4,4,0,8,1,912,4.1
4,4,4,0,9,1,988,4.89
4,4,4,0,10,1,866,3.79
4,4,4,0,11,1,456,2.06
4,4,4,0,12,0,243,0.0
4,4,4,0,13,0,183,0.0
4,4,4,0,14,0,180,1.75
4,4,4,0,15,0,221,0.0
4,4,4,0,16,0,426,2.13
4,4,4,0,17,1,767,3.72
4,4,4,0,18,1,1236,4.18
4,4,4,0,19,1,934,4.97
4,4,4,0,20,1,881,4.11
4,4,4,0,21,0,396,1.4
4,4,4,0,22,0,217,1.83
4,4,4,0,23,0,152,0.16
4,5,5,1,0,0,78,0.5
4,5,5,1,1,0,82,0.59
4,5,5,1,2,0,84,0.0
4,5,5,1,3,0,89,0.28
4,5,5,1,4,0,79,3.68
4,5,5,1,5,0,97,0.16
4,5,5,1,6,0,154,3.38
4,5,5,1,7,0,268,1.59
4,5,5,1,8,1,443,1.55
4,5,5,1,9,1,584,2.61
4,5,5,1,10,1,494,2.82
4,5,5,1,11,1,277,0.0
4,5,5,1,12,0,128,0.0
4,5,5,1,13,0,93,1.95
4,5,5,1,14,0,86,0.0
4,5,5,1,15,0,141,0.11
4,5,5,1,16,0,247,0.78
4,5,5,1,17,1,436,1.4
4,5,5,1,18,1,627,0.19
4,5,5,1,19,1,578,2.76
4,5,5,1,20,1,445,4.02
4,5,5,1,21,0,231,3.14
4,5,5,1,22,0,124,2.49
4,5,5,1,23,0,100,0.0
4,6,6,1,0,0,86,0.27
4,6,6,1,1,0,89,0.02
4,6,6,1,2,0,82,2.38
4,6,6,1,3,0,84,1.58
4,6,6,1,4,0,84,2.84
4,6,6,1,5,0,89,0.0
4,6,6,1,6,0,155,0.0
4,6,6,1,7,0,306,2.56
4,6,6,1,8,1,475,0.0
4,6,6,1,9,1,592,2.52
4,6,6,1,10,1,526,4.49
4,6,6,1,11,1,257,2.23
4,6,6,1,12,0,147,2.2
4,6,6,1,13,0,99,0.0
4,6,6,1,14,0,94,0.0
4,6,6,1,15,0,129,1.99
4,6,6,1,16,0,244,2.7
4,6,6,1,17,1,439,0.0
4,6,6,1,18,1,475,2.12
4,6,6,1,19,1,585,0.87
4,6,6,1,20,1,369,0.37
4,6,6,1,21,0,235,1.94
4,6,6,1,22,0,133,2.94
4,6,6,1,23,0,86,1.67
4,7,0,0,0,0,154,1.66
4,7,0,0,1,0,148,2.2
4,7,0,0,2,0,157,0.0
4,7,0,0,3,0,154,0.26
4,7,0,0,4,0,162,0.0
4,7,0,0,5,0,170,1.27
4,7,0,0,6,0,252,3.03
4,7,0,0,7,0,525,2.09
4,7,0,0,8,1,890,4.0
4,7,0,0,9,1,1114,1.72
4,7,0,0,10,1,853,1.19
4,7,0,0,11,1,545,2.09
4,7,0,0,12,0,248,2.34
4,7,0,0,13,0,179,0.0
4,7,0,0,14,0,172,0.19
4,7,0,0,15,0,205,0.0
4,7,0,0,16,0,427,1.54
4,7,0,0,17,1,685,4.47
4,7,0,0,18,1,1074,4.35
4,7,0,0,19,1,1118,3.29
4,7,0,0,20,1,805,2.67
4,7,0,0,21,0,403,2.47
4,7,0,0,22,0,267,2.16
4,7,0,0,23,0,183,0.0
4,8,1,0,0,0,134,2.77
4,8,1,0,1,0,179,3.03
4,8,1,0,2,0,150,0.0
4,8,1,0,3,0,141,0.0
4,8,1,0,4,0,154,3.02
4,8,1,0,5,0,169,1.13
4,8,1,0,6,0,279,0.51
4,8,1,0,7,0,575,5.29
4,8,1,0,8,1,865,2.59
4,8,1,0,9,1,1140,4.04
4,8,1,0,10,1,794,5.1
4,8,1,0,11,1,542,2.4
4,8,1,0,12,0,226,0.0
4,8,1,0,13,0,175,0.0
4,8,1,0,14,0,168,2.2
4,8,1,0,15,0,252,3.08
4,8,1,0,16,0,399,1.08
4,8,1,0,17,1,824,3.97
4,8,1,0,18,1,1216,5.49
4,8,1,0,19,1,1243,5.78
4,8,1,0,20,1,843,2.89
4,8,1,0,21,0,434,3.1
4,8,1,0,22,0,269,2.17
4,8,1,0,23,0,170,2.75
4,9,2,0,0,0,127,0.0
4,9,2,0,1,0,162,0.67
4,9,2,0,2,0,161,0.74
4,9,2,0,3,0,161,0.0
4,9,2,0,4,0,163,2.14
4,9,2,0,5,0,187,3.77
4,9,2,0,6,0,256,1.43
4,9,2,0,7,0,434,0.94
4,9,2,0,8,1,861,5.02
4,9,2,0,9,1,1027,5.3
4,9,2,0,10,1,874,3.23
4,9,2,0,11,1,504,1.43
4,9,2,0,12,0,243,0.0
4,9,2,0,13,0,170,0.0
4,9,2,0,14,0,165,1.29
4,9,2,0,15,0,251,1.35
4,9,2,0,16,0,468,2.74
4,9,2,0,17,1,758,2.34
4,9,2,0,18,1,1110,5.3
4,9,2,0,19,1,1204,6.6
4,9,2,0,20,1,743,2.82
4,9,2,0,21,0,457,3.43
4,9,2,0,22,0,256,0.93
4,9,2,0,23,0,154,0.0
4,10,3,0,0,0,157,1.14
4,10,3,0,1,0,140,0.63
4,10,3,0,2,0,162,0.0
4,10,3,0,3,0,168,0.11
4,10,3,0,4,0,171,0.0
4,10,3,0,5,0,157,0.0
4,10,3,0,6,0,249,0.41
4,10,3,0,7,0,486,2.44
4,10,3,0,8,1,863,3.35
4,10,3,0,9,1,932,4.32
4,10,3,0,10,1,868,5.89
4,10,3,0,11,1,457,0.0
4,10,3,0,12,0,264,1.58
4,10,3,0,13,0,159,0.0
4,10,3,0,14,0,194,2.9
4,10,3,0,15,0,191,0.08
4,10,3,0,16,0,491,1.25
4,10,3,0,17,1,746,2.56
4,10,3,0,18,1,986,1.39
4,10,3,0,19,1,1174,1.93
4,10,3,0,20,1,792,4.5
4,10,3,0,21,0,383,0.15
4,10,3,0,22,0,261,1.84
4,10,3,0,23,0,162,2.45
4,11,4,0,0,0,169,1.08
4,11,4,0,1,0,143,0.0
4,11,4,0,2,0,157,0.35
4,11,4,0,3,0,165,0.0
4,11,4,0,4,0,137,0.82
4,11,4,0,5,0,164,0.0
4,11,4,0,6,0,216,0.89
4,11,4,0,7,0,492,2.95
4,11,4,0,8,1,879,3.32
4,11,4,0,9,1,1181,2.76
4,11,4,0,10,1,912,1.14
4,11,4,0,11,1,461,0.03
4,11,4,0,12,0,267,0.97
4,11,4,0,13,0,173,0.0
4,11,4,0,14,0,168,0.0
4,11,4,0,15,0,245,0.0
4,11,4,0,16,0,480,0.0
4,11,4,0,17,1,727,5.42
4,11,4,0,18,1,1045,2.21
4,11,4,0,19,1,1102,3.69
4,11,4,0,20,1,725,1.26
4,11,4,0,21,0,530,1.74
4,11,4,0,22,0,201,3.04
4,11,4,0,23,0,179,0.0
4,12,5,1,0,0,78,1.32
4,12,5,1,1,0,83,0.0
4,12,5,1,2,0,96,0.0
4,12,5,1,3,0,95,2.3
4,12,5,1,4,0,78,1.86
4,12,5,1,5,0,89,0.0
4,12,5,1,6,0,133,1.13
4,12,5,1,7,0,262,0.59
4,12,5,1,8,1,525,2.26
4,12,5,1,9,1,553,3.27
4,12,5,1,10,1,488,0.0
4,12,5,1,11,1,281,1.71
4,12,5,1,12,0,138,1.89
4,12,5,1,13,0,90,0.86
4,12,5,1,14,0,83,0.94
4,12,5,1,15,0,151,0.0
4,12,5,1,16,0,224,0.0
4,12,5,1,17,1,431,0.13
4,12,5,1,18,1,616,3.73
4,12,5,1,19,1,621,0.0
4,12,5,1,20,1,461,3.25
4,12,5,1,21,0,254,1.58
4,12,5,1,22,0,133,2.08
4,12,5,1,23,0,108,0.0
4,13,6,1,0,0,92,0.24
4,13,6,1,1,0,83,0.0
4,13,6,1,2,0,82,0.0
4,13,6,1,3,0,81,0.0
4,13,6,1,4,0,82,0.0
4,13,6,1,5,0,94,0.0
4,13,6,1,6,0,122,1.03
4,13,6,1,7,0,254,2.63
4,13,6,1,8,1,489,2.87
4,13,6,1,9,1,660,2.18
4,13,6,1,10,1,459,3.14
4,13,6,1,11,1,283,0.85
4,13,6,1,12,0,154,0.3
4,13,6,1,13,0,95,0.41
4,13,6,1,14,0,88,0.47
4,13,6,1,15,0,145,1.25
4,13,6,1,16,0,239,0.71
4,13,6,1,17,1,438,2.88
4,13,6,1,18,1,625,2.0
4,13,6,1,19,1,611,3.16
4,13,6,1,20,1,393,1.82
4,13,6,1,21,0,197,1.51
4,13,6,1,22,0,138,1.67
4,13,6,1,23,0,91,0.83
4,14,0,0,0,0,171,2.8
4,14,0,0,1,0,153,0.82
4,14,0,0,2,0,167,0.0
4,14,0,0,3,0,150,2.6
4,14,0,0,4,0,168,1.23
4,14,0,0,5,0,150,0.53
4,14,0,0,6,0,239,1.45
4,14,0,0,7,0,462,0.31
4,14,0,0,8,1,730,4.75
4,14,0,0,9,1,1045,4.42
4,14,0,0,10,1,874,1.89
4,14,0,0,11,1,444,0.27
4,14,0,0,12,0,237,1.5
4,14,0,0,13,0,162,3.27
4,14,0,0,14,0,187,1.96
4,14,0,0,15,0,236,3.22
4,14,0,0,16,0,426,1.66
4,14,0,0,17,1,787,4.2
4,14,0,0,18,1,1138,3.84
4,14,0,0,19,1,1037,5.11
4,14,0,0,20,1,821,2.69
4,14,0,0,21,0,379,1.21
4,14,0,0,22,0,250,3.71
4,14,0,0,23,0,154,0.0
4,15,1,0,0,0,149,2.63
4,15,1,0,1,0,153,0.0
4,15,1,0,2,0,161,0.04
4,15,1,0,3,0,139,0.0
4,15,1,0,4,0,177,1.28
4,15,1,0,5,0,172,0.31
4,15,1,0,6,0,257,1.45
4,15,1,0,7,0,506,2.2
4,15,1,0,8,1,935,3.77
4,15,1,0,9,1,995,3.06
4,15,1,0,10,1,736,5.98
4,15,1,0,11,1,528,0.87
4,15,1,0,12,0,246,0.03
4,15,1,0,13,0,194,0.0
4,15,1,0,14,0,174,0.53
4,15,1,0,15,0,254,0.86
4,15,1,0,16,0,373,1.12
4,15,1,0,17,1,716,2.98
4,15,1,0,18,1,1207,2.22
4,15,1,0,19,1,1014,3.23
4,15,1,0,20,1,753,4.12
4,15,1,0,21,0,428,2.34
4,15,1,0,22,0,226,1.25
4,15,1,0,23,0,181,0.0
4,16,2,0,0,0,163,0.73
4,16,2,0,1,0,167,0.37
4,16,2,0,2,0,158,0.57
4,16,2,0,3,0,153,1.0
4,16,2,0,4,0,162,0.0
4,16,2,0,5,0,190,0.0
4,16,2,0,6,0,238,0.81
4,16,2,0,7,0,511,4.41
4,16,2,0,8,1,744,2.21
4,16,2,0,9,1,896,3.63
4,16,2,0,10,1,894,5.96
4,16,2,0,11,1,499,3.56
4,16,2,0,12,0,263,0.4
4,16,2,0,13,0,153,1.02
4,16,2,0,14,0,152,2.55
4,16,2,0,15,0,235,2.73
4,16,2,0,16,0,417,2.07
4,16,2,0,17,1,790,3.09
4,16,2,0,18,1,1046,4.77
4,16,2,0,19,1,1003,2.2
4,16,2,0,20,1,854,4.51
4,16,2,0,21,0,436,4.24
4,16,2,0,22,0,233,2.92
4,16,2,0,23,0,173,0.0
4,17,3,0,0,0,177,2.19
4,17,3,0,1,0,152,1.7
4,17,3,0,2,0,149,1.84
4,17,3,0,3,0,124,0.0
4,17,3,0,4,0,168,0.3
4,17,3,0,5,0,174,0.0
4,17,3,0,6,0,289,2.94
4,17,3,0,7,0,486,1.34
4,17,3,0,8,1,947,6.76
4,17,3,0,9,1,1162,7.91
4,17,3,0,10,1,810,2.01
4,17,3,0,11,1,447,2.45
4,17,3,0,12,0,255,0.79
4,17,3,0,13,0,184,2.58
4,17,3,0,14,0,151,0.0
4,17,3,0,15,0,254,0.31
4,17,3,0,16,0,406,3.15
4,17,3,0,17,1,697,2.34
4,17,3,0,18,1,1112,3.59
4,17,3,0,19,1,1151,3.75
4,17,3,0,20,1,864,3.27
4,17,3,0,21,0,457,2.95
4,17,3,0,22,0,226,0.0
4,17,3,0,23,0,176,0.81
4,18,4,0,0,0,161,0.3
4,18,4,0,1,0,148,3.6
4,18,4,0,2,0,136,1.64
4,18,4,0,3,0,147,0.08
4,18,4,0,4,0,152,0.0
4,18,4,0,5,0,179,2.8
4,18,4,0,6,0,261,1.2
4,18,4,0,7,0,455,2.6
4,18,4,0,8,1,1026,3.53
4,18,4,0,9,1,1047,3.35
4,18,4,0,10,1,840,0.0
4,18,4,0,11,1,510,0.77
4,18,4,0,12,0,219,2.01
4,18,4,0,13,0,158,0.12
4,18,4,0,14,0,193,0.0
4,18,4,0,15,0,209,1.24
4,18,4,0,16,0,474,0.0
4,18,4,0,17,1,802,4.08
4,18,4,0,18,1,905,4.82
4,18,4,0,19,1,1159,4.17
4,18,4,0,20,1,855,5.12
4,18,4,0,21,0,437,1.07
4,18,4,0,22,0,219,0.82
4,18,4,0,23,0,179,0.23
4,19,5,1,0,0,69,2.18
4,19,5,1,1,0,86,0.0
4,19,5,1,2,0,90,2.65
4,19,5,1,3,0,65,0.91
4,19,5,1,4,0,76,1.05
4,19,5,1,5,0,95,1.33
4,19,5,1,6,0,132,0.0
4,19,5,1,7,0,262,1.66
4,19,5,1,8,1,520,0.32
4,19,5,1,9,1,642,1.6
4,19,5,1,10,1,495,1.22
4,19,5,1,11,1,276,2.44
4,19,5,1,12,0,125,0.0
4,19,5,1,13,0,96,3.99
4,19,5,1,14,0,88,3.41
4,19,5,1,15,0,152,0.46
4,19,5,1,16,0,233,0.0
4,19,5,1,17,1,425,0.0
4,19,5,1,18,1,592,4.61
4,19,5,1,19,1,566,1.9
4,19,5,1,20,1,369,2.04
4,19,5,1,21,0,243,1.07
4,19,5,1,22,0,128,0.07
4,19,5,1,23,0,97,0.34
4,20,6,1,0,0,86,0.67
4,20,6,1,1,0,92,1.38
4,20,6,1,2,0,86,2.62
4,20,6,1,3,0,87,2.31
4,20,6,1,4,0,89,0.0
4,20,6,1,5,0,103,0.61
4,20,6,1,6,0,137,0.97
4,20,6,1,7,0,264,1.4
4,20,6,1,8,1,458,3.74
4,20,6,1,9,1,588,1.78
4,20,6,1,10,1,445,2.18
4,20,6,1,11,1,276,1.69
4,20,6,1,12,0,127,0.0
4,20,6,1,13,0,100,2.63
4,20,6,1,14,0,87,2.73
4,20,6,1,15,0,134,0.53
4,20,6,1,16,0,231,0.0
4,20,6,1,17,1,461,0.68
4,20,6,1,18,1,558,3.72
4,20,6,1,19,1,506,0.0
4,20,6,1,20,1,426,2.14
4,20,6,1,21,0,248,0.54
4,20,6,1,22,0,157,0.29
4,20,6,1,23,0,92,0.0
4,21,0,0,0,0,155,1.54
4,21,0,0,1,0,169,0.0
4,21,0,0,2,0,151,1.27
4,21,0,0,3,0,161,0.65
4,21,0,0,4,0,162,0.0
4,21,0,0,5,0,192,2.26
4,21,0,0,6,0,224,0.0
4,21,0,0,7,0,453,2.83
4,21,0,0,8,1,785,2.64
4,21,0,0,9,1,1119,4.38
4,21,0,0,10,1,893,1.97
4,21,0,0,11,1,518,1.15
4,21,0,0,12,0,245,1.34
4,21,0,0,13,0,174,0.73
4,21,0,0,14,0,162,0.2
4,21,0,0,15,0,238,0.0
4,21,0,0,16,0,418,2.25
4,21,0,0,17,1,697,4.52
4,21,0,0,18,1,1193,2.9
4,21,0,0,19,1,1201,4.59
4,21,0,0,20,1,803,2.47
4,21,0,0,21,0,466,2.47
4,21,0,0,22,0,223,0.0
4,21,0,0,23,0,151,0.89
4,22,1,0,0,0,161,1.62
4,22,1,0,1,0,152,0.0
4,22,1,0,2,0,145,2.31
4,22,1,0,3,0,148,0.81
4,22,1,0,4,0,142,1.07
4,22,1,0,5,0,164,2.23
4,22,1,0,6,0,267,0.32
4,22,1,0,7,0,489,1.13
4,22,1,0,8,1,775,1.81
4,22,1,0,9,1,1096,4.87
4,22,1,0,10,1,885,3.09
4,22,1,0,11,1,531,2.22
4,22,1,0,12,0,266,0.0
4,22,1,0,13,0,119,0.9
4,22,1,0,14,0,153,0.29
4,22,1,0,15,0,232,3.31
4,22,1,0,16,0,448,2.04
4,22,1,0,17,1,829,3.87
4,22,1,0,18,1,1043,5.78
4,22,1,0,19,1,987,4.43
4,22,1,0,20,1,680,3.03
4,22,1,0,21,0,440,4.27
4,22,1,0,22,0,208,0.0
4,22,1,0,23,0,182,1.23
4,23,2,0,0,0,156,0.0
4,23,2,0,1,0,146,2.45
4,23,2,0,2,0,153,1.18
4,23,2,0,3,0,152,0.0
4,23,2,0,4,0,167,1.42
4,23,2,0,5,0,202,0.0
4,23,2,0,6,0,268,0.0
4,23,2,0,7,0,500,3.46
4,23,2,0,8,1,730,2.61
4,23,2,0,9,1,1031,3.07
4,23,2,0,10,1,902,5.29
4,23,2,0,11,1,489,2.26
4,23,2,0,12,0,254,1.02
4,23,2,0,13,0,158,2.29
4,23,2,0,14,0,177,1.3
4,23,2,0,15,0,223,0.2
4,23,2,0,16,0,428,0.0
4,23,2,0,17,1,672,1.79
4,23,2,0,18,1,1128,3.53
4,23,2,0,19,1,995,2.76
4,23,2,0,20,1,748,2.46
4,23,2,0,21,0,509,3.62
4,23,2,0,22,0,258,2.78
4,23,2,0,23,0,157,0.0
4,24,3,0,0,0,140,2.56
4,24,3,0,1,0,147,0.0
4,24,3,0,2,0,148,0.23
4,24,3,0,3,0,157,1.0
4,24,3,0,4,0,145,1.61
4,24,3,0,5,0,162,0.41
4,24,3,0,6,0,265,0.1
4,24,3,0,7,0,472,2.78
4,24,3,0,8,1,815,2.68
4,24,3,0,9,1,1127,7.59
4,24,3,0,10,1,917,4.38
4,24,3,0,11,1,515,0.45
4,24,3,0,12,0,254,0.97
4,24,3,0,13,0,177,0.88
4,24,3,0,14,0,178,0.24
4,24,3,0,15,0,239,0.0
4,24,3,0,16,0,423,3.78
4,24,3,0,17,1,797,3.16
4,24,3,0,18,1,1247,2.95
4,24,3,0,19,1,987,6.52
4,24,3,0,20,1,780,2.76
4,24,3,0,21,0,392,2.24
4,24,3,0,22,0,248,0.0
4,24,3,0,23,0,169,0.17
4,25,4,0,0,0,157,0.0
4,25,4,0,1,0,169,2.05
4,25,4,0,2,0,149,0.27
4,25,4,0,3,0,152,0.0
4,25,4,0,4,0,150,0.19
4,25,4,0,5,0,193,2.19
4,25,4,0,6,0,270,1.63
4,25,4,0,7,0,450,1.74
4,25,4,0,8,1,943,1.88
4,25,4,0,9,1,1134,8.02
4,25,4,0,10,1,949,5.92
4,25,4,0,11,1,503,3.46
4,25,4,0,12,0,237,2.14
4,25,4,0,13,0,182,1.16
4,25,4,0,14,0,191,0.0
4,25,4,0,15,0,235,1.08
4,25,4,0,16,0,398,1.93
4,25,4,0,17,1,670,4.25
4,25,4,0,18,1,1087,3.57
4,25,4,0,19,1,1011,3.69
4,25,4,0,20,1,819,4.1
4,25,4,0,21,0,409,0.37
4,25,4,0,22,0,251,0.0
4,25,4,0,23,0,172,0.87
4,26,5,1,0,0,86,1.63
4,26,5,1,1,0,76,0.0
4,26,5,1,2,0,80,3.02
4,26,5,1,3,0,98,3.14
4,26,5,1,4,0,84,0.0
4,26,5,1,5,0,76,0.0
4,26,5,1,6,0,136,2.49
4,26,5,1,7,0,291,1.51
4,26,5,1,8,1,447,0.35
4,26,5,1,9,1,605,3.47
4,26,5,1,10,1,496,0.43
4,26,5,1,11,1,286,1.78
4,26,5,1,12,0,126,0.0
4,26,5,1,13,0,100,0.05
4,26,5,1,14,0,107,1.18
4,26,5,1,15,0,126,0.49
4,26,5,1,16,0,240,0.0
4,26,5,1,17,1,396,2.64
4,26,5,1,18,1,636,3.45
4,26,5,1,19,1,668,1.86
4,26,5,1,20,1,484,0.58
4,26,5,1,21,0,219,0.0
4,26,5,1,22,0,126,0.0
4,26,5,1,23,0,98,0.76
4,27,6,1,0,0,76,0.0
4,27,6,1,1,0,82,0.0
4,27,6,1,2,0,78,0.0
4,27,6,1,3,0,94,0.66
4,27,6,1,4,0,90,0.0
4,27,6,1,5,0,103,2.36
4,27,6,1,6,0,116,0.0
4,27,6,1,7,0,282,2.09
4,27,6,1,8,1,455,1.36
4,27,6,1,9,1,565,2.43
4,27,6,1,10,1,527,0.95
4,27,6,1,11,1,293,0.0
4,27,6,1,12,0,129,1.74
4,27,6,1,13,0,102,1.69
4,27,6,1,14,0,85,0.0
4,27,6,1,15,0,139,0.62
4,27,6,1,16,0,218,1.56
4,27,6,1,17,1,403,4.3
4,27,6,1,18,1,669,3.58
4,27,6,1,19,1,660,2.74
4,27,6,1,20,1,453,4.03
4,27,6,1,21,0,243,0.59
4,27,6,1,22,0,113,0.33
4,27,6,1,23,0,100,1.82
4,28,0,0,0,0,160,0.0
4,28,0,0,1,0,129,0.0
4,28,0,0,2,0,150,0.13
4,28,0,0,3,0,162,3.63
4,28,0,0,4,0,157,0.3
4,28,0,0,5,0,167,0.85
4,28,0,0,6,0,235,1.12
4,28,0,0,7,0,512,2.36
4,28,0,0,8,1,907,4.28
4,28,0,0,9,1,926,4.66
4,28,0,0,10,1,828,1.67
4,28,0,0,11,1,451,2.45
4,28,0,0,12,0,247,0.0
4,28,0,0,13,0,180,0.0
4,28,0,0,14,0,175,1.06
4,28,0,0,15,0,255,3.69
4,28,0,0,16,0,386,1.47
4,28,0,0,17,1,760,3.69
4,28,0,0,18,1,1102,3.88
4,28,0,0,19,1,1045,2.51
4,28,0,0,20,1,838,4.04
4,28,0,0,21,0,466,1.4
4,28,0,0,22,0,226,0.0
4,28,0,0,23,0,176,0.0
4,29,1,0,0,0,177,0.0
4,29,1,0,1,0,157,2.98
4,29,1,0,2,0,161,0.91
4,29,1,0,3,0,142,0.0
4,29,1,0,4,0,165,2.92
4,29,1,0,5,0,165,0.0
4,29,1,0,6,0,202,0.0
4,29,1,0,7,0,490,4.36
4,29,1,0,8,1,922,4.15
4,29,1,0,9,1,1045,3.31
4,29,1,0,10,1,973,4.19
4,29,1,0,11,1,411,0.63
4,29,1,0,12,0,234,0.12
4,29,1,0,13,0,181,0.56
4,29,1,0,14,0,172,2.66
4,29,1,0,15,0,225,3.7
4,29,1,0,16,0,410,1.77
4,29,1,0,17,1,759,3.22
4,29,1,0,18,1,1122,5.14
4,29,1,0,19,1,1018,2.39
4,29,1,0,20,1,932,3.0
4,29,1,0,21,0,458,0.0
4,29,1,0,22,0,233,0.74
4,29,1,0,23,0,177,0.0
4,30,2,0,0,0,156,0.0
4,30,2,0,1,0,158,0.0
4,30,2,0,2,0,143,0.16
4,30,2,0,3,0,141,0.0
4,30,2,0,4,0,141,0.0
4,30,2,0,5,0,185,0.0
4,30,2,0,6,0,248,2.12
4,30,2,0,7,0,470,0.64
4,30,2,0,8,1,890,5.24
4,30,2,0,9,1,978,3.69
4,30,2,0,10,1,753,2.42
4,30,2,0,11,1,496,0.7
4,30,2,0,12,0,242,0.0
4,30,2,0,13,0,174,2.28
4,30,2,0,14,0,157,0.0
4,30,2,0,15,0,248,2.81
4,30,2,0,16,0,382,1.27
4,30,2,0,17,1,794,3.02
4,30,2,0,18,1,868,4.22
4,30,2,0,19,1,1215,5.03
4,30,2,0,20,1,713,2.08
4,30,2,0,21,0,495,3.34
4,30,2,0,22,0,250,1.53
4,30,2,0,23,0,162,0.35
4,31,3,0,0,0,153,1.44
4,31,3,0,1,0,172,2.37
4,31,3,0,2,0,136,0.88
4,31,3,0,3,0,163,1.58
4,31,3,0,4,0,148,4.96
4,31,3,0,5,0,153,0.0
4,31,3,0,6,0,256,4.2
4,31,3,0,7,0,461,1.45
4,31,3,0,8,1,950,3.77
4,31,3,0,9,1,1050,5.05
4,31,3,0,10,1,894,5.12
4,31,3,0,11,1,545,2.64
4,31,3,0,12,0,257,1.35
4,31,3,0,13,0,180,0.8
4,31,3,0,14,0,173,2.49
4,31,3,0,15,0,267,0.0
4,31,3,0,16,0,434,0.7
4,31,3,0,17,1,757,3.63
4,31,3,0,18,1,1141,4.4
4,31,3,0,19,1,917,2.22
4,31,3,0,20,1,832,0.0
4,31,3,0,21,0,475,2.68
4,31,3,0,22,0,263,0.75
4,31,3,0,23,0,143,1.22
4,32,4,0,0,0,169,2.06
4,32,4,0,1,0,146,0.71
4,32,4,0,2,0,147,0.0
4,32,4,0,3,0,166,0.0
4,32,4,0,4,0,144,0.0
4,32,4,0,5,0,150,0.82
4,32,4,0,6,0,275,0.82
4,32,4,0,7,0,435,3.0
4,32,4,0,8,1,993,3.0
4,32,4,0,9,1,1038,4.93
4,32,4,0,10,1,988,3.17
4,32,4,0,11,1,442,2.72
4,32,4,0,12,0,268,1.08
4,32,4,0,13,0,165,2.15
4,32,4,0,14,0,180,0.0
4,32,4,0,15,0,239,0.0
4,32,4,0,16,0,457,1.43
4,32,4,0,17,1,750,2.95
4,32,4,0,18,1,1087,5.69
4,32,4,0,19,1,1134,4.3
4,32,4,0,20,1,824,3.9
4,32,4,0,21,0,419,1.49
4,32,4,0,22,0,235,1.7
4,32,4,0,23,0,166,0.08
4,33,5,1,0,0,98,1.8
4,33,5,1,1,0,79,1.17
4,33,5,1,2,0,85,0.93
4,33,5,1,3,0,85,2.12
4,33,5,1,4,0,88,0.26
4,33,5,1,5,0,102,0.76
4,33,5,1,6,0,139,1.03
4,33,5,1,7,0,270,1.09
4,33,5,1,8,1,458,0.71
4,33,5,1,9,1,546,0.1
4,33,5,1,10,1,447,1.53
4,33,5,1,11,1,274,0.69
4,33,5,1,12,0,112,2.81
4,33,5,1,13,0,103,1.08
4,33,5,1,14,0,109,0.0
4,33,5,1,15,0,151,0.0
4,33,5,1,16,0,243,0.0
4,33,5,1,17,1,427,2.29
4,33,5,1,18,1,588,3.42
4,33,5,1,19,1,600,1.62
4,33,5,1,20,1,408,2.85
4,33,5,1,21,0,226,2.28
4,33,5,1,22,0,144,0.0
4,33,5,1,23,0,102,3.5
4,34,6,1,0,0,86,1.24
4,34,6,1,1,0,91,0.0
4,34,6,1,2,0,86,0.0
4,34,6,1,3,0,85,1.09
4,34,6,1,4,0,89,1.95
4,34,6,1,5,0,88,0.0
4,34,6,1,6,0,159,0.41
4,34,6,1,7,0,276,1.0
4,34,6,1,8,1,449,4.23
4,34,6,1,9,1,568,0.58
4,34,6,1,10,1,463,0.0
4,34,6,1,11,1,257,0.0
4,34,6,1,12,0,145,0.0
4,34,6,1,13,0,102,2.51
4,34,6,1,14,0,101,0.08
4,34,6,1,15,0,132,0.0
4,34,6,1,16,0,236,0.0
4,34,6,1,17,1,451,5.66
4,34,6,1,18,1,619,0.0
4,34,6,1,19,1,578,2.5
4,34,6,1,20,1,430,0.62
4,34,6,1,21,0,243,0.0
4,34,6,1,22,0,121,1.45
4,34,6,1,23,0,86,1.15
4,35,0,0,0,0,137,3.2
4,35,0,0,1,0,144,0.24
4,35,0,0,2,0,158,0.0
4,35,0,0,3,0,156,1.49
4,35,0,0,4,0,168,1.86
4,35,0,0,5,0,168,0.45
4,35,0,0,6,0,299,2.62
4,35,0,0,7,0,458,1.98
4,35,0,0,8,1,851,3.2
4,35,0,0,9,1,973,3.27
4,35,0,0,10,1,1001,4.87
4,35,0,0,11,1,396,3.41
4,35,0,0,12,0,273,0.55
4,35,0,0,13,0,183,0.0
4,35,0,0,14,0,166,2.91
4,35,0,0,15,0,233,0.0
4,35,0,0,16,0,431,1.61
4,35,0,0,17,1,851,3.43
4,35,0,0,18,1,1047,5.76
4,35,0,0,19,1,1094,3.25
4,35,0,0,20,1,849,3.69
4,35,0,0,21,0,434,2.0
4,35,0,0,22,0,218,0.08
4,35,0,0,23,0,171,0.39
4,36,1,0,0,0,169,1.0
4,36,1,0,1,0,164,0.67
4,36,1,0,2,0,167,1.26
4,36,1,0,3,0,154,0.6
4,36,1,0,4,0,144,1.34
4,36,1,0,5,0,170,0.0
4,36,1,0,6,0,274,0.0
4,36,1,0,7,0,478,3.45
4,36,1,0,8,1,897,3.52
4,36,1,0,9,1,1101,4.67
4,36,1,0,10,1,768,2.55
4,36,1,0,11,1,558,1.24
4,36,1,0,12,0,245,0.17
4,36,1,0,13,0,172,0.0
4,36,1,0,14,0,179,1.01
4,36,1,0,15,0,253,0.0
4,36,1,0,16,0,422,1.35
4,36,1,0,17,1,805,2.03
4,36,1,0,18,1,1162,6.43
4,36,1,0,19,1,997,3.25
4,36,1,0,20,1,744,6.92
4,36,1,0,21,0,419,4.19
4,36,1,0,22,0,214,0.0
4,36,1,0,23,0,161,0.0
4,37,2,0,0,0,150,0.0
4,37,2,0,1,0,144,2.31
4,37,2,0,2,0,169,2.1
4,37,2,0,3,0,160,0.78
4,37,2,0,4,0,149,0.0
4,37,2,0,5,0,176,0.0
4,37,2,0,6,0,231,2.65
4,37,2,0,7,0,569,2.87
4,37,2,0,8,1,952,3.44
4,37,2,0,9,1,964,4.77
4,37,2,0,10,1,914,3.76
4,37,2,0,11,1,485,3.38
4,37,2,0,12,0,232,0.0
4,37,2,0,13,0,159,0.76
4,37,2,0,14,0,158,0.0
4,37,2,0,15,0,225,0.51
4,37,2,0,16,0,382,1.66
4,37,2,0,17,1,854,3.62
4,37,2,0,18,1,1217,6.87
4,37,2,0,19,1,1150,4.71
4,37,2,0,20,1,778,4.26
4,37,2,0,21,0,420,0.0
4,37,2,0,22,0,247,0.0
4,37,2,0,23,0,158,0.63
4,38,3,0,0,0,153,0.0
4,38,3,0,1,0,156,2.07
4,38,3,0,2,0,140,2.47
4,38,3,0,3,0,135,3.72
4,38,3,0,4,0,150,0.82
4,38,3,0,5,0,145,0.49
4,38,3,0,6,0,256,0.89
4,38,3,0,7,0,472,0.47
4,38,3,0,8,1,954,3.86
4,38,3,0,9,1,1212,4.06
4,38,3,0,10,1,844,4.6
4,38,3,0,11,1,430,0.0
4,38,3,0,12,0,274,0.0
4,38,3,0,13,0,148,3.39
4,38,3,0,14,0,153,0.89
4,38,3,0,15,0,239,0.0
4,38,3,0,16,0,424,2.37
4,38,3,0,17,1,799,4.55
4,38,3,0,18,1,1049,5.26
4,38,3,0,19,1,1023,1.98
4,38,3,0,20,1,696,0.59
4,38,3,0,21,0,469,0.0
4,38,3,0,22,0,243,0.57
4,38,3,0,23,0,169,2.72
4,39,4,0,0,0,148,1.51
4,39,4,0,1,0,154,0.39
4,39,4,0,2,0,182,0.0
4,39,4,0,3,0,170,1.66
4,39,4,0,4,0,150,3.04
4,39,4,0,5,0,145,0.0
4,39,4,0,6,0,227,1.53
4,39,4,0,7,0,450,2.45
4,39,4,0,8,1,862,2.73
4,39,4,0,9,1,1113,4.05
4,39,4,0,10,1,798,7.39
4,39,4,0,11,1,475,0.0
4,39,4,0,12,0,235,0.0
4,39,4,0,13,0,184,1.22
4,39,4,0,14,0,178,0.16
4,39,4,0,15,0,233,0.38
4,39,4,0,16,0,431,2.98
4,39,4,0,17,1,798,3.94
4,39,4,0,18,1,1126,5.83
4,39,4,0,19,1,1108,4.97
4,39,4,0,20,1,851,2.41
4,39,4,0,21,0,404,0.0
4,39,4,0,22,0,242,0.0
4,39,4,0,23,0,177,0.54
4,40,5,1,0,0,92,0.0
4,40,5,1,1,0,83,2.02
4,40,5,1,2,0,94,0.0
4,40,5,1,3,0,86,0.79
4,40,5,1,4,0,88,0.0
4,40,5,1,5,0,103,0.0
4,40,5,1,6,0,133,1.2
4,40,5,1,7,0,282,3.16
4,40,5,1,8,1,527,1.68
4,40,5,1,9,1,655,1.55
4,40,5,1,10,1,517,4.78
4,40,5,1,11,1,298,1.35
4,40,5,1,12,0,134,0.0
4,40,5,1,13,0,97,0.0
4,40,5,1,14,0,89,0.0
4,40,5,1,15,0,126,0.46
4,40,5,1,16,0,244,0.08
4,40,5,1,17,1,464,1.54
4,40,5,1,18,1,558,2.57
4,40,5,1,19,1,689,3.26
4,40,5,1,20,1,415,0.0
4,40,5,1,21,0,234,1.29
4,40,5,1,22,0,127,0.0
4,40,5,1,23,0,87,2.53
4,41,6,1,0,0,94,0.0
4,41,6,1,1,0,89,0.0
4,41,6,1,2,0,94,0.74
4,41,6,1,3,0,91,0.0
4,41,6,1,4,0,90,0.35
4,41,6,1,5,0,100,1.77
4,41,6,1,6,0,139,0.0
4,41,6,1,7,0,289,1.07
4,41,6,1,8,1,447,0.41
4,41,6,1,9,1,523,1.33
4,41,6,1,10,1,523,2.36
4,41,6,1,11,1,260,2.25
4,41,6,1,12,0,129,0.66
4,41,6,1,13,0,94,1.54
4,41,6,1,14,0,83,0.0
4,41,6,1,15,0,114,0.07
4,41,6,1,16,0,261,0.29
4,41,6,1,17,1,409,2.94
4,41,6,1,18,1,646,2.45
4,41,6,1,19,1,628,0.9
4,41,6,1,20,1,474,5.12
4,41,6,1,21,0,248,0.0
4,41,6,1,22,0,125,1.42
4,41,6,1,23,0,91,2.27
4,42,0,0,0,0,161,0.0
4,42,0,0,1,0,154,0.0
4,42,0,0,2,0,152,0.0
4,42,0,0,3,0,168,3.85
4,42,0,0,4,0,138,0.0
4,42,0,0,5,0,167,0.0
4,42,0,0,6,0,252,2.13
4,42,0,0,7,0,553,2.51
4,42,0,0,8,1,861,0.48
4,42,0,0,9,1,1082,4.43
4,42,0,0,10,1,919,2.61
4,42,0,0,11,1,477,0.0
4,42,0,0,12,0,205,0.0
4,42,0,0,13,0,151,1.11
4,42,0,0,14,0,165,0.0
4,42,0,0,15,0,219,0.0
4,42,0,0,16,0,486,0.44
4,42,0,0,17,1,751,0.82
4,42,0,0,18,1,1167,4.88
4,42,0,0,19,1,1011,3.46
4,42,0,0,20,1,881,3.41
4,42,0,0,21,0,427,0.3
4,42,0,0,22,0,202,0.57
4,42,0,0,23,0,175,2.35
4,43,1,0,0,0,126,0.0
4,43,1,0,1,0,147,0.58
4,43,1,0,2,0,152,0.43
4,43,1,0,3,0,159,0.0
4,43,1,0,4,0,167,1.32
4,43,1,0,5,0,166,3.07
4,43,1,0,6,0,283,2.53
4,43,1,0,7,0,375,3.87
4,43,1,0,8,1,930,6.73
4,43,1,0,9,1,1186,7.11
4,43,1,0,10,1,936,5.77
4,43,1,0,11,1,573,2.62
4,43,1,0,12,0,220,0.42
4,43,1,0,13,0,178,0.82
4,43,1,0,14,0,155,0.0
4,43,1,0,15,0,224,2.11
4,43,1,0,16,0,489,3.33
4,43,1,0,17,1,842,3.25
4,43,1,0,18,1,932,3.05
4,43,1,0,19,1,1061,3.5
4,43,1,0,20,1,780,3.78
4,43,1,0,21,0,463,1.43
4,43,1,0,22,0,202,0.08
4,43,1,0,23,0,171,2.52
4,44,2,0,0,0,147,1.36
4,44,2,0,1,0,157,0.69
4,44,2,0,2,0,165,0.0
4,44,2,0,3,0,147,0.57
4,44,2,0,4,0,148,1.35
4,44,2,0,5,0,161,0.98
4,44,2,0,6,0,249,1.32
4,44,2,0,7,0,476,1.4
4,44,2,0,8,1,881,3.83
4,44,2,0,9,1,1079,6.87
4,44,2,0,10,1,805,3.12
4,44,2,0,11,1,432,2.29
4,44,2,0,12,0,229,0.5
4,44,2,0,13,0,168,1.09
4,44,2,0,14,0,165,0.0
4,44,2,0,15,0,266,1.49
4,44,2,0,16,0,414,1.28
4,44,2,0,17,1,879,3.16
4,44,2,0,18,1,1023,3.06
4,44,2,0,19,1,1035,3.25
4,44,2,0,20,1,697,1.1
4,44,2,0,21,0,405,2.51
4,44,2,0,22,0,231,0.61
4,44,2,0,23,0,188,2.69
4,45,3,0,0,0,150,0.0
4,45,3,0,1,0,143,1.61
4,45,3,0,2,0,151,0.02
4,45,3,0,3,0,144,0.0
4,45,3,0,4,0,160,0.0
4,45,3,0,5,0,184,0.0
4,45,3,0,6,0,248,0.0
4,45,3,0,7,0,494,1.48
4,45,3,0,8,1,871,5.69
4,45,3,0,9,1,1095,3.19
4,45,3,0,10,1,825,4.19
4,45,3,0,11,1,546,2.61
4,45,3,0,12,0,265,1.97
4,45,3,0,13,0,193,0.0
4,45,3,0,14,0,182,2.2
4,45,3,0,15,0,213,0.0
4,45,3,0,16,0,404,0.52
4,45,3,0,17,1,747,3.35
4,45,3,0,18,1,1158,6.25
4,45,3,0,19,1,1010,2.77
4,45,3,0,20,1,859,4.41
4,45,3,0,21,0,437,2.46
4,45,3,0,22,0,237,1.73
4,45,3,0,23,0,166,1.07
4,46,4,0,0,0,135,0.0
4,46,4,0,1,0,145,0.02
4,46,4,0,2,0,142,0.0
4,46,4,0,3,0,135,1.36
4,46,4,0,4,0,155,0.0
4,46,4,0,5,0,159,1.14
4,46,4,0,6,0,240,0.0
4,46,4,0,7,0,491,2.48
4,46,4,0,8,1,774,3.92
4,46,4,0,9,1,1010,4.01
4,46,4,0,10,1,872,2.7
4,46,4,0,11,1,454,1.39
4,46,4,0,12,0,284,0.0
4,46,4,0,13,0,197,0.4
4,46,4,0,14,0,173,0.0
4,46,4,0,15,0,223,0.14
4,46,4,0,16,0,397,1.27
4,46,4,0,17,1,751,5.78
4,46,4,0,18,1,982,4.08
4,46,4,0,19,1,1105,2.81
4,46,4,0,20,1,819,2.68
4,46,4,0,21,0,347,2.38
4,46,4,0,22,0,217,0.0
4,46,4,0,23,0,180,0.2
4,47,5,1,0,0,91,2.18
4,47,5,1,1,0,80,1.51
4,47,5,1,2,0,79,3.67
4,47,5,1,3,0,80,1.86
4,47,5,1,4,0,91,0.84
4,47,5,1,5,0,89,0.13
4,47,5,1,6,0,114,0.79
4,47,5,1,7,0,279,1.32
4,47,5,1,8,1,366,0.0
4,47,5,1,9,1,558,2.67
4,47,5,1,10,1,492,1.71
4,47,5,1,11,1,285,0.0
4,47,5,1,12,0,145,1.29
4,47,5,1,13,0,98,0.12
4,47,5,1,14,0,109,1.18
4,47,5,1,15,0,121,0.86
4,47,5,1,16,0,253,0.13
4,47,5,1,17,1,464,2.43
4,47,5,1,18,1,484,2.39
4,47,5,1,19,1,576,3.11
4,47,5,1,20,1,459,2.13
4,47,5,1,21,0,270,0.81
4,47,5,1,22,0,137,1.76
4,47,5,1,23,0,93,1.54
4,48,6,1,0,0,80,0.0
4,48,6,1,1,0,75,0.66
4,48,6,1,2,0,87,2.12
4,48,6,1,3,0,90,0.0
4,48,6,1,4,0,77,0.96
4,48,6,1,5,0,102,1.54
4,48,6,1,6,0,150,0.28
4,48,6,1,7,0,261,0.0
4,48,6,1,8,1,479,1.8
4,48,6,1,9,1,603,2.22
4,48,6,1,10,1,476,0.74
4,48,6,1,11,1,292,1.28
4,48,6,1,12,0,136,0.0
4,48,6,1,13,0,85,2.3
4,48,6,1,14,0,99,0.0
4,48,6,1,15,0,139,1.94
4,48,6,1,16,0,241,3.36
4,48,6,1,17,1,434,0.0
4,48,6,1,18,1,613,2.82
4,48,6,1,19,1,567,3.13
4,48,6,1,20,1,370,2.97
4,48,6,1,21,0,222,0.0
4,48,6,1,22,0,130,1.17
4,48,6,1,23,0,95,0.0
4,49,0,0,0,0,148,0.0
4,49,0,0,1,0,151,2.22
4,49,0,0,2,0,154,1.91
4,49,0,0,3,0,172,0.0
4,49,0,0,4,0,153,3.87
4,49,0,0,5,0,190,0.0
4,49,0,0,6,0,259,1.04
4,49,0,0,7,0,527,0.99
4,49,0,0,8,1,816,2.25
4,49,0,0,9,1,1030,5.34
4,49,0,0,10,1,792,2.23
4,49,0,0,11,1,423,3.2
4,49,0,0,12,0,277,0.62
4,49,0,0,13,0,169,1.36
4,49,0,0,14,0,193,1.38
4,49,0,0,15,0,225,0.0
4,49,0,0,16,0,395,1.69
4,49,0,0,17,1,736,3.24
4,49,0,0,18,1,1035,2.55
4,49,0,0,19,1,981,6.27
4,49,0,0,20,1,832,5.92
4,49,0,0,21,0,452,1.16
4,49,0,0,22,0,263,1.0
4,49,0,0,23,0,174,0.63
4,50,1,0,0,0,117,2.88
4,50,1,0,1,0,160,1.13
4,50,1,0,2,0,153,0.86
4,50,1,0,3,0,146,1.51
4,50,1,0,4,0,139,0.84
4,50,1,0,5,0,178,0.41
4,50,1,0,6,0,259,0.0
4,50,1,0,7,0,456,2.18
4,50,1,0,8,1,922,0.88
4,50,1,0,9,1,1124,3.68
4,50,1,0,10,1,861,1.43
4,50,1,0,11,1,461,3.29
4,50,1,0,12,0,252,0.43
4,50,1,0,13,0,171,1.42
4,50,1,0,14,0,179,0.6
4,50,1,0,15,0,259,2.49
4,50,1,0,16,0,448,1.87
4,50,1,0,17,1,818,3.74
4,50,1,0,18,1,1175,6.05
4,50,1,0,19,1,995,2.35
4,50,1,0,20,1,733,4.4
4,50,1,0,21,0,379,2.11
4,50,1,0,22,0,245,2.72
4,50,1,0,23,0,173,0.0
4,51,2,0,0,0,142,0.0
4,51,2,0,1,0,147,0.31
4,51,2,0,2,0,139,2.76
4,51,2,0,3,0,138,2.57
4,51,2,0,4,0,170,2.03
4,51,2,0,5,0,161,1.16
4,51,2,0,6,0,226,2.27
4,51,2,0,7,0,491,1.35
4,51,2,0,8,1,789,0.0
4,51,2,0,9,1,990,5.63
4,51,2,0,10,1,846,3.13
4,51,2,0,11,1,520,4.79
4,51,2,0,12,0,278,0.0
4,51,2,0,13,0,146,4.12
4,51,2,0,14,0,204,1.1
4,51,2,0,15,0,214,2.3
4,51,2,0,16,0,430,1.55
4,51,2,0,17,1,832,3.83
4,51,2,0,18,1,980,3.43
4,51,2,0,19,1,1140,5.33
4,51,2,0,20,1,793,4.57
4,51,2,0,21,0,421,1.95
4,51,2,0,22,0,174,0.02
4,51,2,0,23,0,181,0.14
4,52,3,0,0,0,148,0.0
4,52,3,0,1,0,166,1.49
4,52,3,0,2,0,164,0.0
4,52,3,0,3,0,152,0.19
4,52,3,0,4,0,152,0.0
4,52,3,0,5,0,166,1.94
4,52,3,0,6,0,213,3.52
4,52,3,0,7,0,513,1.99
4,52,3,0,8,1,938,1.57
4,52,3,0,9,1,1022,3.91
4,52,3,0,10,1,970,3.81
4,52,3,0,11,1,512,1.16
4,52,3,0,12,0,261,3.56
4,52,3,0,13,0,187,0.63
4,52,3,0,14,0,182,1.59
4,52,3,0,15,0,248,2.66
4,52,3,0,16,0,472,1.7
4,52,3,0,17,1,817,2.69
4,52,3,0,18,1,1003,3.61
4,52,3,0,19,1,1076,1.81
4,52,3,0,20,1,830,0.0
4,52,3,0,21,0,528,4.36
4,52,3,0,22,0,233,0.95
4,52,3,0,23,0,175,0.0
4,53,4,0,0,0,156,0.41
4,53,4,0,1,0,153,0.88
4,53,4,0,2,0,138,0.61
4,53,4,0,3,0,156,0.82
4,53,4,0,4,0,153,2.32
4,53,4,0,5,0,166,1.0
4,53,4,0,6,0,277,0.99
4,53,4,0,7,0,503,1.87
4,53,4,0,8,1,961,3.46
4,53,4,0,9,1,1190,4.6
4,53,4,0,10,1,814,4.28
4,53,4,0,11,1,482,2.86
4,53,4,0,12,0,196,0.79
4,53,4,0,13,0,167,0.0
4,53,4,0,14,0,165,0.0
4,53,4,0,15,0,237,0.0
4,53,4,0,16,0,445,3.83
4,53,4,0,17,1,794,4.39
4,53,4,0,18,1,1178,6.57
4,53,4,0,19,1,1245,4.23
4,53,4,0,20,1,732,4.1
4,53,4,0,21,0,458,3.0
4,53,4,0,22,0,274,1.11
4,53,4,0,23,0,177,0.0
4,54,5,1,0,0,99,0.0
4,54,5,1,1,0,82,0.0
4,54,5,1,2,0,80,0.0
4,54,5,1,3,0,81,0.0
4,54,5,1,4,0,80,3.24
4,54,5,1,5,0,99,1.78
4,54,5,1,6,0,151,3.36
4,54,5,1,7,0,233,0.0
4,54,5,1,8,1,450,1.1
4,54,5,1,9,1,579,1.65
4,54,5,1,10,1,489,2.01
4,54,5,1,11,1,256,0.0
4,54,5,1,12,0,127,0.0
4,54,5,1,13,0,93,0.0
4,54,5,1,14,0,91,0.0
4,54,5,1,15,0,129,0.0
4,54,5,1,16,0,222,0.0
4,54,5,1,17,1,422,0.39
4,54,5,1,18,1,639,3.16
4,54,5,1,19,1,592,1.17
4,54,5,1,20,1,440,2.8
4,54,5,1,21,0,241,3.37
4,54,5,1,22,0,136,1.91
4,54,5,1,23,0,95,1.39
4,55,6,1,0,0,79,0.0
4,55,6,1,1,0,87,0.86
4,55,6,1,2,0,88,2.0
4,55,6,1,3,0,75,0.0
4,55,6,1,4,0,87,0.0
4,55,6,1,5,0,119,1.25
4,55,6,1,6,0,137,0.0
4,55,6,1,7,0,261,1.09
4,55,6,1,8,1,485,1.25
4,55,6,1,9,1,580,4.34
4,55,6,1,10,1,534,2.51
4,55,6,1,11,1,242,1.78
4,55,6,1,12,0,155,2.67
4,55,6,1,13,0,101,2.54
4,55,6,1,14,0,95,1.32
4,55,6,1,15,0,124,0.93
4,55,6,1,16,0,264,0.17
4,55,6,1,17,1,397,1.73
4,55,6,1,18,1,585,3.31
4,55,6,1,19,1,574,4.87
4,55,6,1,20,1,383,3.41
4,55,6,1,21,0,224,0.0
4,55,6,1,22,0,133,0.15
4,55,6,1,23,0,85,0.0
4,56,0,0,0,0,154,2.08
4,56,0,0,1,0,161,0.73
4,56,0,0,2,0,160,0.6
4,56,0,0,3,0,136,0.0
4,56,0,0,4,0,153,0.37
4,56,0,0,5,0,182,1.86
4,56,0,0,6,0,263,0.63
4,56,0,0,7,0,440,2.38
4,56,0,0,8,1,911,0.06
4,56,0,0,9,1,1007,2.99
4,56,0,0,10,1,883,2.33
4,56,0,0,11,1,493,1.66
4,56,0,0,12,0,248,0.0
4,56,0,0,13,0,164,0.0
4,56,0,0,14,0,178,1.57
4,56,0,0,15,0,223,3.17
4,56,0,0,16,0,423,3.99
4,56,0,0,17,1,737,0.0
4,56,0,0,18,1,1118,4.84
4,56,0,0,19,1,1086,3.38
4,56,0,0,20,1,775,2.33
4,56,0,0,21,0,423,2.95
4,56,0,0,22,0,242,1.88
4,56,0,0,23,0,168,0.16
4,57,1,0,0,0,140,0.0
4,57,1,0,1,0,113,0.0
4,57,1,0,2,0,153,1.46
4,57,1,0,3,0,151,1.13
4,57,1,0,4,0,128,0.43
4,57,1,0,5,0,148,0.0
4,57,1,0,6,0,248,2.91
4,57,1,0,7,0,509,2.06
4,57,1,0,8,1,873,2.42
4,57,1,0,9,1,1032,4.77
4,57,1,0,10,1,778,4.0
4,57,1,0,11,1,479,3.15
4,57,1,0,12,0,271,0.0
4,57,1,0,13,0,165,0.0
4,57,1,0,14,0,147,0.0
4,57,1,0,15,0,285,2.05
4,57,1,0,16,0,500,3.24
4,57,1,0,17,1,731,2.35
4,57,1,0,18,1,1134,5.19
4,57,1,0,19,1,1033,1.87
4,57,1,0,20,1,981,3.71
4,57,1,0,21,0,422,1.86
4,57,1,0,22,0,233,1.12
4,57,1,0,23,0,188,0.57
4,58,2,0,0,0,139,0.31
4,58,2,0,1,0,148,2.73
4,58,2,0,2,0,168,0.83
4,58,2,0,3,0,138,0.0
4,58,2,0,4,0,156,1.13
4,58,2,0,5,0,166,0.0
4,58,2,0,6,0,239,0.92
4,58,2,0,7,0,400,0.0
4,58,2,0,8,1,831,5.14
4,58,2,0,9,1,1009,4.31
4,58,2,0,10,1,890,5.51
4,58,2,0,11,1,544,2.09
4,58,2,0,12,0,242,0.0
4,58,2,0,13,0,170,0.03
4,58,2,0,14,0,180,1.35
4,58,2,0,15,0,249,2.88
4,58,2,0,16,0,498,2.18
4,58,2,0,17,1,845,2.85
4,58,2,0,18,1,1186,6.34
4,58,2,0,19,1,1170,4.82
4,58,2,0,20,1,735,0.85
4,58,2,0,21,0,432,4.03
4,58,2,0,22,0,232,2.11
4,58,2,0,23,0,182,0.3
4,59,3,0,0,0,170,0.0
4,59,3,0,1,0,139,0.0
4,59,3,0,2,0,144,1.08
4,59,3,0,3,0,157,1.22
4,59,3,0,4,0,163,0.0
4,59,3,0,5,0,154,1.21
4,59,3,0,6,0,239,0.0
4,59,3,0,7,0,533,4.22
4,59,3,0,8,1,984,4.22
4,59,3,0,9,1,1133,6.59
4,59,3,0,10,1,830,4.99
4,59,3,0,11,1,505,3.39
4,59,3,0,12,0,255,2.96
4,59,3,0,13,0,176,0.0
4,59,3,0,14,0,193,0.0
4,59,3,0,15,0,262,0.91
4,59,3,0,16,0,475,3.6
4,59,3,0,17,1,803,3.97
4,59,3,0,18,1,1120,1.46
4,59,3,0,19,1,1093,2.7
4,59,3,0,20,1,787,1.43
4,59,3,0,21,0,393,3.98
4,59,3,0,22,0,258,1.03
4,59,3,0,23,0,173,0.32
5,0,0,0,0,0,115,2.6
5,0,0,0,1,0,121,2.1
5,0,0,0,2,0,122,0.07
5,0,0,0,3,0,116,0.0
5,0,0,0,4,0,132,0.0
5,0,0,0,5,0,139,0.0
5,0,0,0,6,0,180,1.55
5,0,0,0,7,0,364,0.86
5,0,0,0,8,1,616,1.72
5,0,0,0,9,1,846,2.95
5,0,0,0,10,1,729,3.13
5,0,0,0,11,1,482,2.56
5,0,0,0,12,0,169,0.36
5,0,0,0,13,0,134,0.0
5,0,0,0,14,0,136,0.0
5,0,0,0,15,0,191,0.0
5,0,0,0,16,0,370,0.0
5,0,0,0,17,1,595,1.28
5,0,0,0,18,1,868,3.2
5,0,0,0,19,1,865,5.13
5,0,0,0,20,1,645,2.63
5,0,0,0,21,0,352,4.35
5,0,0,0,22,0,198,0.35
5,0,0,0,23,0,147,1.17
5,1,1,0,0,0,111,0.17
5,1,1,0,1,0,106,0.0
5,1,1,0,2,0,111,0.63
5,1,1,0,3,0,122,0.0
5,1,1,0,4,0,98,2.6
5,1,1,0,5,0,135,2.87
5,1,1,0,6,0,220,1.98
5,1,1,0,7,0,389,0.96
5,1,1,0,8,1,724,2.66
5,1,1,0,9,1,805,0.07
5,1,1,0,10,1,680,4.37
5,1,1,0,11,1,426,1.78
5,1,1,0,12,0,183,2.09
5,1,1,0,13,0,135,0.0
5,1,1,0,14,0,119,3.63
5,1,1,0,15,0,197,2.06
5,1,1,0,16,0,316,1.38
5,1,1,0,17,1,604,3.59
5,1,1,0,18,1,940,1.61
5,1,1,0,19,1,775,4.07
5,1,1,0,20,1,583,3.55
5,1,1,0,21,0,329,0.0
5,1,1,0,22,0,160,1.37
5,1,1,0,23,0,139,2.01
5,2,2,0,0,0,123,0.0
5,2,2,0,1,0,125,0.0
5,2,2,0,2,0,102,0.0
5,2,2,0,3,0,100,0.82
5,2,2,0,4,0,114,0.0
5,2,2,0,5,0,134,0.0
5,2,2,0,6,0,212,3.02
5,2,2,0,7,0,380,3.59
5,2,2,0,8,1,760,3.17
5,2,2,0,9,1,962,2.92
5,2,2,0,10,1,577,0.0
5,2,2,0,11,1,366,2.27
5,2,2,0,12,0,179,0.0
5,2,2,0,13,0,122,0.0
5,2,2,0,14,0,150,1.14
5,2,2,0,15,0,178,2.54
5,2,2,0,16,0,340,1.56
5,2,2,0,17,1,663,2.14
5,2,2,0,18,1,910,4.91
5,2,2,0,19,1,838,1.26
5,2,2,0,20,1,608,4.14
5,2,2,0,21,0,362,4.01
5,2,2,0,22,0,179,1.88
5,2,2,0,23,0,123,0.79
5,3,3,0,0,0,131,1.88
5,3,3,0,1,0,121,0.08
5,3,3,0,2,0,111,0.11
5,3,3,0,3,0,108,0.0
5,3,3,0,4,0,104,0.0
5,3,3,0,5,0,143,1.68
5,3,3,0,6,0,192,0.87
5,3,3,0,7,0,393,2.26
5,3,3,0,8,1,704,0.81
5,3,3,0,9,1,679,1.19
5,3,3,0,10,1,676,4.14
5,3,3,0,11,1,394,2.38
5,3,3,0,12,0,183,0.63
5,3,3,0,13,0,136,0.0
5,3,3,0,14,0,123,0.15
5,3,3,0,15,0,196,0.0
5,3,3,0,16,0,334,3.37
5,3,3,0,17,1,583,2.34
5,3,3,0,18,1,840,3.08
5,3,3,0,19,1,961,4.3
5,3,3,0,20,1,531,4.42
5,3,3,0,21,0,347,0.83
5,3,3,0,22,0,206,0.0
5,3,3,0,23,0,152,0.75
5,4,4,0,0,0,130,5.12
5,4,4,0,1,0,122,0.34
5,4,4,0,2,0,110,0.26
5,4,4,0,3,0,110,0.16
5,4,4,0,4,0,150,0.78
5,4,4,0,5,0,128,0.2
5,4,4,0,6,0,190,2.33
5,4,4,0,7,0,384,3.95
5,4,4,0,8,1,667,2.29
5,4,4,0,9,1,784,2.56
5,4,4,0,10,1,589,0.0
5,4,4,0,11,1,406,0.0
5,4,4,0,12,0,203,0.06
5,4,4,0,13,0,146,0.0
5,4,4,0,14,0,141,1.06
5,4,4,0,15,0,192,2.45
5,4,4,0,16,0,341,0.0
5,4,4,0,17,1,630,3.0
5,4,4,0,18,1,831,2.06
5,4,4,0,19,1,823,5.48
5,4,4,0,20,1,563,0.0
5,4,4,0,21,0,299,1.14
5,4,4,0,22,0,211,4.15
5,4,4,0,23,0,141,0.0
5,5,5,1,0,0,61,1.56
5,5,5,1,1,0,73,0.0
5,5,5,1,2,0,73,0.0
5,5,5,1,3,0,70,2.0
5,5,5,1,4,0,59,0.91
5,5,5,1,5,0,82,0.0
5,5,5,1,6,0,99,1.14
5,5,5,1,7,0,215,0.37
5,5,5,1,8,1,376,0.0
5,5,5,1,9,1,479,4.3
5,5,5,1,10,1,355,0.18
5,5,5,1,11,1,215,5.13
5,5,5,1,12,0,118,0.33
5,5,5,1,13,0,74,2.09
5,5,5,1,14,0,69,1.19
5,5,5,1,15,0,93,1.76
5,5,5,1,16,0,182,1.03
5,5,5,1,17,1,324,2.34
5,5,5,1,18,1,459,5.07
5,5,5,1,19,1,519,0.12
5,5,5,1,20,1,339,2.46
5,5,5,1,21,0,180,2.54
5,5,5,1,22,0,111,0.32
5,5,5,1,23,0,79,0.0
5,6,6,1,0,0,73,1.62
5,6,6,1,1,0,60,0.62
5,6,6,1,2,0,55,0.0
5,6,6,1,3,0,72,0.27
5,6,6,1,4,0,66,0.33
5,6,6,1,5,0,73,1.77
5,6,6,1,6,0,103,1.04
5,6,6,1,7,0,193,1.88
5,6,6,1,8,1,367,1.41
5,6,6,1,9,1,451,1.45
5,6,6,1,10,1,346,1.88
5,6,6,1,11,1,222,0.0
5,6,6,1,12,0,103,0.46
5,6,6,1,13,0,71,0.0
5,6,6,1,14,0,84,0.0
5,6,6,1,15,0,83,0.0
5,6,6,1,16,0,181,0.0
5,6,6,1,17,1,341,0.0
5,6,6,1,18,1,422,0.68
5,6,6,1,19,1,442,4.95
5,6,6,1,20,1,376,0.0
5,6,6,1,21,0,158,0.5
5,6,6,1,22,0,118,1.47
5,6,6,1,23,0,73,0.0
5,7,0,0,0,0,131,0.79
5,7,0,0,1,0,137,0.0
5,7,0,0,2,0,124,0.0
5,7,0,0,3,0,124,0.87
5,7,0,0,4,0,127,1.97
5,7,0,0,5,0,148,3.52
5,7,0,0,6,0,197,0.0
5,7,0,0,7,0,349,2.05
5,7,0,0,8,1,730,0.9
5,7,0,0,9,1,922,3.54
5,7,0,0,10,1,616,1.19
5,7,0,0,11,1,358,0.04
5,7,0,0,12,0,206,2.12
5,7,0,0,13,0,154,0.0
5,7,0,0,14,0,139,0.0
5,7,0,0,15,0,187,0.0
5,7,0,0,16,0,309,2.44
5,7,0,0,17,1,536,3.07
5,7,0,0,18,1,802,0.32
5,7,0,0,19,1,675,4.9
5,7,0,0,20,1,515,1.96
5,7,0,0,21,0,349,0.0
5,7,0,0,22,0,178,1.43
5,7,0,0,23,0,137,0.0
5,8,1,0,0,0,123,0.34
5,8,1,0,1,0,111,2.24
5,8,1,0,2,0,122,0.0
5,8,1,0,3,0,125,0.0
5,8,1,0,4,0,119,0.49
5,8,1,0,5,0,125,3.2
5,8,1,0,6,0,173,0.78
5,8,1,0,7,0,399,1.66
5,8,1,0,8,1,674,2.13
5,8,1,0,9,1,790,1.93
5,8,1,0,10,1,748,2.33
5,8,1,0,11,1,453,2.82
5,8,1,0,12,0,155,1.94
5,8,1,0,13,0,135,0.0
5,8,1,0,14,0,149,0.0
5,8,1,0,15,0,179,1.28
5,8,1,0,16,0,370,1.65
5,8,1,0,17,1,610,1.39
5,8,1,0,18,1,924,3.88
5,8,1,0,19,1,832,2.8
5,8,1,0,20,1,658,2.24
5,8,1,0,21,0,367,0.76
5,8,1,0,22,0,197,1.1
5,8,1,0,23,0,123,0.36
5,9,2,0,0,0,99,0.0
5,9,2,0,1,0,105,3.42
5,9,2,0,2,0,105,4.3
5,9,2,0,3,0,125,0.0
5,9,2,0,4,0,130,0.0
5,9,2,0,5,0,118,0.59
5,9,2,0,6,0,208,2.75
5,9,2,0,7,0,402,0.81
5,9,2,0,8,1,760,4.78
5,9,2,0,9,1,863,5.27
5,9,2,0,10,1,804,2.4
5,9,2,0,11,1,359,0.58
5,9,2,0,12,0,175,1.59
5,9,2,0,13,0,118,2.37
5,9,2,0,14,0,128,2.55
5,9,2,0,15,0,148,0.01
5,9,2,0,16,0,304,3.25
5,9,2,0,17,1,690,0.0
5,9,2,0,18,1,906,5.23
5,9,2,0,19,1,870,4.36
5,9,2,0,20,1,633,3.84
5,9,2,0,21,0,310,3.04
5,9,2,0,22,0,189,0.98
5,9,2,0,23,0,140,0.0
5,10,3,0,0,0,105,0.24
5,10,3,0,1,0,135,0.0
5,10,3,0,2,0,122,0.0
5,10,3,0,3,0,112,1.2
5,10,3,0,4,0,129,0.0
5,10,3,0,5,0,148,1.23
5,10,3,0,6,0,193,1.29
5,10,3,0,7,0,450,2.93
5,10,3,0,8,1,646,2.56
5,10,3,0,9,1,854,4.41
5,10,3,0,10,1,698,5.63
5,10,3,0,11,1,380,0.0
5,10,3,0,12,0,200,0.14
5,10,3,0,13,0,119,0.0
5,10,3,0,14,0,131,2.23
5,10,3,0,15,0,164,1.18
5,10,3,0,16,0,400,1.34
5,10,3,0,17,1,598,3.47
5,10,3,0,18,1,883,5.66
5,10,3,0,19,1,836,4.4
5,10,3,0,20,1,643,2.07
5,10,3,0,21,0,336,1.33
5,10,3,0,22,0,168,0.09
5,10,3,0,23,0,150,2.16
5,11,4,0,0,0,115,0.44
5,11,4,0,1,0,130,1.19
5,11,4,0,2,0,128,1.31
5,11,4,0,3,0,122,0.24
5,11,4,0,4,0,110,1.48
5,11,4,0,5,0,131,0.0
5,11,4,0,6,0,188,2.03
5,11,4,0,7,0,327,0.0
5,11,4,0,8,1,692,4.88
5,11,4,0,9,1,912,5.9
5,11,4,0,10,1,696,2.47
5,11,4,0,11,1,413,0.3
5,11,4,0,12,0,181,0.0
5,11,4,0,13,0,147,0.0
5,11,4,0,14,0,146,0.81
5,11,4,0,15,0,203,0.0
5,11,4,0,16,0,322,1.97
5,11,4,0,17,1,587,0.0
5,11,4,0,18,1,754,1.35
5,11,4,0,19,1,777,4.13
5,11,4,0,20,1,624,2.74
5,11,4,0,21,0,394,3.34
5,11,4,0,22,0,198,0.0
5,11,4,0,23,0,134,0.98
5,12,5,1,0,0,64,2.82
5,12,5,1,1,0,66,0.0
5,12,5,1,2,0,61,3.67
5,12,5,1,3,0,64,0.0
5,12,5,1,4,0,63,0.0
5,12,5,1,5,0,79,0.0
5,12,5,1,6,0,96,0.39
5,12,5,1,7,0,231,0.82
5,12,5,1,8,1,338,1.63
5,12,5,1,9,1,447,3.49
5,12,5,1,10,1,402,0.8
5,12,5,1,11,1,226,1.31
5,12,5,1,12,0,120,1.59
5,12,5,1,13,0,77,2.3
5,12,5,1,14,0,74,0.0
5,12,5,1,15,0,104,0.0
5,12,5,1,16,0,195,0.87
5,12,5,1,17,1,345,0.0
5,12,5,1,18,1,485,0.01
5,12,5,1,19,1,502,3.45
5,12,5,1,20,1,343,1.84
5,12,5,1,21,0,183,0.0
5,12,5,1,22,0,102,3.38
5,12,5,1,23,0,75,0.0
5,13,6,1,0,0,57,0.0
5,13,6,1,1,0,64,2.15
5,13,6,1,2,0,60,2.37
5,13,6,1,3,0,67,0.99
5,13,6,1,4,0,69,1.16
5,13,6,1,5,0,71,0.0
5,13,6,1,6,0,103,0.0
5,13,6,1,7,0,218,1.2
5,13,6,1,8,1,368,4.11
5,13,6,1,9,1,441,0.0
5,13,6,1,10,1,380,3.3
5,13,6,1,11,1,217,0.33
5,13,6,1,12,0,110,3.2
5,13,6,1,13,0,69,0.32
5,13,6,1,14,0,78,0.69
5,13,6,1,15,0,100,0.0
5,13,6,1,16,0,182,1.53
5,13,6,1,17,1,347,4.53
5,13,6,1,18,1,409,4.27
5,13,6,1,19,1,458,1.7
5,13,6,1,20,1,357,2.71
5,13,6,1,21,0,204,2.88
5,13,6,1,22,0,102,2.49
5,13,6,1,23,0,70,0.0
5,14,0,0,0,0,118,0.0
5,14,0,0,1,0,121,1.83
5,14,0,0,2,0,127,0.0
5,14,0,0,3,0,114,0.0
5,14,0,0,4,0,123,0.0
5,14,0,0,5,0,124,0.0
5,14,0,0,6,0,213,0.65
5,14,0,0,7,0,418,1.95
5,14,0,0,8,1,658,1.98
5,14,0,0,9,1,766,6.67
5,14,0,0,10,1,745,3.89
5,14,0,0,11,1,346,0.71
5,14,0,0,12,0,181,0.92
5,14,0,0,13,0,125,0.0
5,14,0,0,14,0,125,0.14
5,14,0,0,15,0,187,0.43
5,14,0,0,16,0,381,2.74
5,14,0,0,17,1,570,2.77
5,14,0,0,18,1,800,2.61
5,14,0,0,19,1,880,4.52
5,14,0,0,20,1,579,0.66
5,14,0,0,21,0,342,2.02
5,14,0,0,22,0,177,1.93
5,14,0,0,23,0,140,0.0
5,15,1,0,0,0,131,2.27
5,15,1,0,1,0,140,3.13
5,15,1,0,2,0,112,1.84
5,15,1,0,3,0,129,0.0
5,15,1,0,4,0,126,0.0
5,15,1,0,5,0,113,0.0
5,15,1,0,6,0,203,1.47
5,15,1,0,7,0,378,4.09
5,15,1,0,8,1,738,0.55
5,15,1,0,9,1,833,1.92
5,15,1,0,10,1,707,2.78
5,15,1,0,11,1,359,3.98
5,15,1,0,12,0,198,0.17
5,15,1,0,13,0,133,2.96
5,15,1,0,14,0,145,0.34
5,15,1,0,15,0,171,0.0
5,15,1,0,16,0,326,2.06
5,15,1,0,17,1,645,1.49
5,15,1,0,18,1,902,2.25
5,15,1,0,19,1,806,1.05
5,15,1,0,20,1,536,0.76
5,15,1,0,21,0,339,0.0
5,15,1,0,22,0,209,0.0
5,15,1,0,23,0,136,2.52
5,16,2,0,0,0,121,0.0
5,16,2,0,1,0,122,0.0
5,16,2,0,2,0,111,1.36
5,16,2,0,3,0,115,1.87
5,16,2,0,4,0,129,0.77
5,16,2,0,5,0,144,0.0
5,16,2,0,6,0,209,2.0
5,16,2,0,7,0,377,0.86
5,16,2,0,8,1,702,5.76
5,16,2,0,9,1,829,2.64
5,16,2,0,10,1,749,3.1
5,16,2,0,11,1,414,3.87
5,16,2,0,12,0,167,0.61
5,16,2,0,13,0,133,0.0
5,16,2,0,14,0,114,0.0
5,16,2,0,15,0,188,0.0
5,16,2,0,16,0,318,1.41
5,16,2,0,17,1,574,4.23
5,16,2,0,18,1,805,5.48
5,16,2,0,19,1,846,2.41
5,16,2,0,20,1,573,4.56
5,16,2,0,21,0,358,0.29
5,16,2,0,22,0,188,0.0
5,16,2,0,23,0,119,0.0
5,17,3,0,0,0,113,2.27
5,17,3,0,1,0,102,0.0
5,17,3,0,2,0,125,0.85
5,17,3,0,3,0,117,3.55
5,17,3,0,4,0,128,2.35
5,17,3,0,5,0,133,0.0
5,17,3,0,6,0,188,2.14
5,17,3,0,7,0,411,1.32
5,17,3,0,8,1,710,4.28
5,17,3,0,9,1,807,2.71
5,17,3,0,10,1,709,0.15
5,17,3,0,11,1,401,0.0
5,17,3,0,12,0,212,4.07
5,17,3,0,13,0,128,0.0
5,17,3,0,14,0,133,0.13
5,17,3,0,15,0,196,1.14
5,17,3,0,16,0,331,1.46
5,17,3,0,17,1,553,3.46
5,17,3,0,18,1,957,2.03
5,17,3,0,19,1,740,2.36
5,17,3,0,20,1,548,0.28
5,17,3,0,21,0,301,0.91
5,17,3,0,22,0,180,1.28
5,17,3,0,23,0,128,0.0
5,18,4,0,0,0,120,0.0
5,18,4,0,1,0,125,0.0
5,18,4,0,2,0,99,0.0
5,18,4,0,3,0,116,0.03
5,18,4,0,4,0,123,0.0
5,18,4,0,5,0,124,2.65
5,18,4,0,6,0,215,2.34
5,18,4,0,7,0,396,2.17
5,18,4,0,8,1,640,2.78
5,18,4,0,9,1,781,1.54
5,18,4,0,10,1,596,2.99
5,18,4,0,11,1,392,1.11
5,18,4,0,12,0,190,0.0
5,18,4,0,13,0,138,0.08
5,18,4,0,14,0,145,0.8
5,18,4,0,15,0,197,0.78
5,18,4,0,16,0,344,2.77
5,18,4,0,17,1,598,3.1
5,18,4,0,18,1,818,3.08
5,18,4,0,19,1,956,4.78
5,18,4,0,20,1,581,2.96
5,18,4,0,21,0,305,0.89
5,18,4,0,22,0,172,1.37
5,18,4,0,23,0,132,0.95
5,19,5,1,0,0,70,0.0
5,19,5,1,1,0,64,0.2
5,19,5,1,2,0,61,0.23
5,19,5,1,3,0,66,0.61
5,19,5,1,4,0,69,0.0
5,19,5,1,5,0,66,0.0
5,19,5,1,6,0,109,0.01
5,19,5,1,7,0,174,3.62
5,19,5,1,8,1,316,1.31
5,19,5,1,9,1,485,0.86
5,19,5,1,10,1,395,0.07
5,19,5,1,11,1,215,0.0
5,19,5,1,12,0,118,0.47
5,19,5,1,13,0,65,1.2
5,19,5,1,14,0,84,0.0
5,19,5,1,15,0,101,0.0
5,19,5,1,16,0,175,0.0
5,19,5,1,17,1,317,0.38
5,19,5,1,18,1,453,1.17
5,19,5,1,19,1,494,2.98
5,19,5,1,20,1,293,0.28
5,19,5,1,21,0,205,1.26
5,19,5,1,22,0,105,0.78
5,19,5,1,23,0,72,0.23
5,20,6,1,0,0,64,1.54
5,20,6,1,1,0,64,0.09
5,20,6,1,2,0,70,0.0
5,20,6,1,3,0,66,0.0
5,20,6,1,4,0,66,0.0
5,20,6,1,5,0,70,0.0
5,20,6,1,6,0,106,1.95
5,20,6,1,7,0,223,0.0
5,20,6,1,8,1,363,0.49
5,20,6,1,9,1,406,2.04
5,20,6,1,10,1,373,4.53
5,20,6,1,11,1,207,0.0
5,20,6,1,12,0,100,0.0
5,20,6,1,13,0,78,1.37
5,20,6,1,14,0,91,0.0
5,20,6,1,15,0,103,0.0
5,20,6,1,16,0,192,2.84
5,20,6,1,17,1,357,0.0
5,20,6,1,18,1,492,0.0
5,20,6,1,19,1,377,1.13
5,20,6,1,20,1,350,1.92
5,20,6,1,21,0,215,1.02
5,20,6,1,22,0,101,2.14
5,20,6,1,23,0,71,0.87
5,21,0,0,0,0,125,0.0
5,21,0,0,1,0,124,3.77
5,21,0,0,2,0,131,0.0
5,21,0,0,3,0,143,1.61
5,21,0,0,4,0,126,0.36
5,21,0,0,5,0,141,0.73
5,21,0,0,6,0,197,0.59
5,21,0,0,7,0,417,2.96
5,21,0,0,8,1,676,0.43
5,21,0,0,9,1,847,2.31
5,21,0,0,10,1,658,2.44
5,21,0,0,11,1,354,0.0
5,21,0,0,12,0,201,0.84
5,21,0,0,13,0,135,1.31
5,21,0,0,14,0,128,1.01
5,21,0,0,15,0,206,0.44
5,21,0,0,16,0,391,1.64
5,21,0,0,17,1,566,3.54
5,21,0,0,18,1,840,4.94
5,21,0,0,19,1,876,3.01
5,21,0,0,20,1,682,1.98
5,21,0,0,21,0,280,2.44
5,21,0,0,22,0,191,2.69
5,21,0,0,23,0,124,0.13
5,22,1,0,0,0,117,1.87
5,22,1,0,1,0,127,0.83
5,22,1,0,2,0,122,0.0
5,22,1,0,3,0,128,1.7
5,22,1,0,4,0,144,1.28
5,22,1,0,5,0,140,1.28
5,22,1,0,6,0,186,2.62
5,22,1,0,7,0,385,1.25
5,22,1,0,8,1,677,2.61
5,22,1,0,9,1,812,3.57
5,22,1,0,10,1,679,2.44
5,22,1,0,11,1,402,1.72
5,22,1,0,12,0,188,0.0
5,22,1,0,13,0,136,0.0
5,22,1,0,14,0,126,0.0
5,22,1,0,15,0,190,2.55
5,22,1,0,16,0,349,2.73
5,22,1,0,17,1,604,2.63
5,22,1,0,18,1,960,5.08
5,22,1,0,19,1,911,3.25
5,22,1,0,20,1,608,3.04
5,22,1,0,21,0,323,0.0
5,22,1,0,22,0,192,2.21
5,22,1,0,23,0,134,0.0
5,23,2,0,0,0,117,0.0
5,23,2,0,1,0,117,0.0
5,23,2,0,2,0,113,0.0
5,23,2,0,3,0,108,0.0
5,23,2,0,4,0,128,0.0
5,23,2,0,5,0,122,1.62
5,23,2,0,6,0,199,0.0
5,23,2,0,7,0,418,1.78
5,23,2,0,8,1,727,2.57
5,23,2,0,9,1,953,3.24
5,23,2,0,10,1,540,0.83
5,23,2,0,11,1,402,1.85
5,23,2,0,12,0,195,0.0
5,23,2,0,13,0,136,0.52
5,23,2,0,14,0,135,1.35
5,23,2,0,15,0,189,0.38
5,23,2,0,16,0,312,3.29
5,23,2,0,17,1,704,5.43
5,23,2,0,18,1,895,1.07
5,23,2,0,19,1,726,2.08
5,23,2,0,20,1,605,2.28
5,23,2,0,21,0,345,0.0
5,23,2,0,22,0,210,3.1
5,23,2,0,23,0,119,0.0
5,24,3,0,0,0,119,2.37
5,24,3,0,1,0,120,0.87
5,24,3,0,2,0,116,0.68
5,24,3,0,3,0,129,1.13
5,24,3,0,4,0,127,0.0
5,24,3,0,5,0,156,0.0
5,24,3,0,6,0,199,0.57
5,24,3,0,7,0,383,2.84
5,24,3,0,8,1,646,1.93
5,24,3,0,9,1,767,4.75
5,24,3,0,10,1,699,3.75
5,24,3,0,11,1,412,4.64
5,24,3,0,12,0,225,1.38
5,24,3,0,13,0,137,0.0
5,24,3,0,14,0,143,1.63
5,24,3,0,15,0,175,1.78
5,24,3,0,16,0,367,0.0
5,24,3,0,17,1,617,2.37
5,24,3,0,18,1,847,1.96
5,24,3,0,19,1,724,1.76
5,24,3,0,20,1,564,2.79
5,24,3,0,21,0,349,1.86
5,24,3,0,22,0,165,0.0
5,24,3,0,23,0,127,0.54
5,25,4,0,0,0,117,0.93
5,25,4,0,1,0,130,0.0
5,25,4,0,2,0,111,0.65
5,25,4,0,3,0,120,1.6
5,25,4,0,4,0,122,3.1
5,25,4,0,5,0,116,1.72
5,25,4,0,6,0,200,0.0
5,25,4,0,7,0,323,0.0
5,25,4,0,8,1,751,4.65
5,25,4,0,9,1,836,2.8
5,25,4,0,10,1,638,2.27
5,25,4,0,11,1,372,4.05
5,25,4,0,12,0,177,1.3
5,25,4,0,13,0,154,1.78
5,25,4,0,14,0,123,0.0
5,25,4,0,15,0,190,0.99
5,25,4,0,16,0,373,2.31
5,25,4,0,17,1,584,1.51
5,25,4,0,18,1,759,3.23
5,25,4,0,19,1,752,4.37
5,25,4,0,20,1,636,3.38
5,25,4,0,21,0,303,0.99
5,25,4,0,22,0,180,0.87
5,25,4,0,23,0,139,0.0
5,26,5,1,0,0,63,1.27
5,26,5,1,1,0,60,0.0
5,26,5,1,2,0,66,1.61
5,26,5,1,3,0,61,2.93
5,26,5,1,4,0,59,2.56
5,26,5,1,5,0,80,0.0
5,26,5,1,6,0,94,1.46
5,26,5,1,7,0,206,0.0
5,26,5,1,8,1,431,0.0
5,26,5,1,9,1,437,0.84
5,26,5,1,10,1,292,1.31
5,26,5,1,11,1,197,2.0
5,26,5,1,12,0,116,0.81
5,26,5,1,13,0,76,0.55
5,26,5,1,14,0,70,0.0
5,26,5,1,15,0,113,1.55
5,26,5,1,16,0,189,1.66
5,26,5,1,17,1,332,1.61
5,26,5,1,18,1,488,0.0
5,26,5,1,19,1,500,3.25
5,26,5,1,20,1,313,3.12
5,26,5,1,21,0,153,1.14
5,26,5,1,22,0,103,0.0
5,26,5,1,23,0,73,1.17
5,27,6,1,0,0,56,1.73
5,27,6,1,1,0,64,1.78
5,27,6,1,2,0,69,0.0
5,27,6,1,3,0,66,0.23
5,27,6,1,4,0,75,0.0
5,27,6,1,5,0,71,0.0
5,27,6,1,6,0,109,0.0
5,27,6,1,7,0,204,3.04
5,27,6,1,8,1,351,1.16
5,27,6,1,9,1,447,1.19
5,27,6,1,10,1,460,0.0
5,27,6,1,11,1,223,4.53
5,27,6,1,12,0,117,0.54
5,27,6,1,13,0,67,2.23
5,27,6,1,14,0,80,0.0
5,27,6,1,15,0,100,0.0
5,27,6,1,16,0,144,0.0
5,27,6,1,17,1,337,2.22
5,27,6,1,18,1,454,3.88
5,27,6,1,19,1,504,1.83
5,27,6,1,20,1,327,1.88
5,27,6,1,21,0,186,0.0
5,27,6,1,22,0,100,1.4
5,27,6,1,23,0,81,1.76
5,28,0,0,0,0,123,2.68
5,28,0,0,1,0,124,0.36
5,28,0,0,2,0,135,1.62
5,28,0,0,3,0,133,0.0
5,28,0,0,4,0,113,0.0
5,28,0,0,5,0,135,3.28
5,28,0,0,6,0,179,2.07
5,28,0,0,7,0,349,4.57
5,28,0,0,8,1,597,3.5
5,28,0,0,9,1,904,4.55
5,28,0,0,10,1,636,0.96
5,28,0,0,11,1,426,3.28
5,28,0,0,12,0,213,2.59
5,28,0,0,13,0,119,0.0
5,28,0,0,14,0,128,0.0
5,28,0,0,15,0,178,1.13
5,28,0,0,16,0,370,1.04
5,28,0,0,17,1,568,3.49
5,28,0,0,18,1,828,3.47
5,28,0,0,19,1,825,3.81
5,28,0,0,20,1,558,3.32
5,28,0,0,21,0,338,0.21
5,28,0,0,22,0,194,0.0
5,28,0,0,23,0,126,0.0
5,29,1,0,0,0,104,1.22
5,29,1,0,1,0,131,0.0
5,29,1,0,2,0,113,0.0
5,29,1,0,3,0,99,1.49
5,29,1,0,4,0,102,0.0
5,29,1,0,5,0,137,0.68
5,29,1,0,6,0,202,0.82
5,29,1,0,7,0,376,0.0
5,29,1,0,8,1,650,2.17
5,29,1,0,9,1,717,1.69
5,29,1,0,10,1,664,1.62
5,29,1,0,11,1,376,2.51
5,29,1,0,12,0,209,3.1
5,29,1,0,13,0,119,0.0
5,29,1,0,14,0,148,0.0
5,29,1,0,15,0,169,0.0
5,29,1,0,16,0,395,0.12
5,29,1,0,17,1,661,2.6
5,29,1,0,18,1,770,7.28
5,29,1,0,19,1,861,4.01
5,29,1,0,20,1,634,3.22
5,29,1,0,21,0,398,4.27
5,29,1,0,22,0,172,3.72
5,29,1,0,23,0,126,0.99
5,30,2,0,0,0,106,1.98
5,30,2,0,1,0,117,0.0
5,30,2,0,2,0,132,2.68
5,30,2,0,3,0,135,0.0
5,30,2,0,4,0,137,0.1
5,30,2,0,5,0,155,1.56
5,30,2,0,6,0,201,0.82
5,30,2,0,7,0,386,0.52
5,30,2,0,8,1,626,1.96
5,30,2,0,9,1,925,1.61
5,30,2,0,10,1,758,3.25
5,30,2,0,11,1,411,2.89
5,30,2,0,12,0,211,0.88
5,30,2,0,13,0,136,1.89
5,30,2,0,14,0,124,0.0
5,30,2,0,15,0,179,1.15
5,30,2,0,16,0,392,1.64
5,30,2,0,17,1,705,3.59
5,30,2,0,18,1,817,4.99
5,30,2,0,19,1,831,3.7
5,30,2,0,20,1,543,0.0
5,30,2,0,21,0,354,3.07
5,30,2,0,22,0,215,0.0
5,30,2,0,23,0,149,2.57
5,31,3,0,0,0,115,2.54
5,31,3,0,1,0,129,2.23
5,31,3,0,2,0,141,2.21
5,31,3,0,3,0,100,0.88
5,31,3,0,4,0,106,0.65
5,31,3,0,5,0,135,0.0
5,31,3,0,6,0,180,0.0
5,31,3,0,7,0,376,1.31
5,31,3,0,8,1,690,3.64
5,31,3,0,9,1,824,5.22
5,31,3,0,10,1,682,4.11
5,31,3,0,11,1,377,5.62
5,31,3,0,12,0,204,3.27
5,31,3,0,13,0,128,0.0
5,31,3,0,14,0,132,4.24
5,31,3,0,15,0,183,0.0
5,31,3,0,16,0,375,1.59
5,31,3,0,17,1,597,1.47
5,31,3,0,18,1,881,5.12
5,31,3,0,19,1,901,2.88
5,31,3,0,20,1,560,0.0
5,31,3,0,21,0,314,0.7
5,31,3,0,22,0,185,0.33
5,31,3,0,23,0,164,1.39
5,32,4,0,0,0,108,1.42
5,32,4,0,1,0,124,0.0
5,32,4,0,2,0,123,1.29
5,32,4,0,3,0,130,0.0
5,32,4,0,4,0,128,2.63
5,32,4,0,5,0,154,0.0
5,32,4,0,6,0,194,0.7
5,32,4,0,7,0,408,1.39
5,32,4,0,8,1,645,2.91
5,32,4,0,9,1,822,4.13
5,32,4,0,10,1,640,1.03
5,32,4,0,11,1,427,5.12
5,32,4,0,12,0,226,0.8
5,32,4,0,13,0,147,0.0
5,32,4,0,14,0,140,0.0
5,32,4,0,15,0,205,2.51
5,32,4,0,16,0,396,1.24
5,32,4,0,17,1,685,3.5
5,32,4,0,18,1,853,3.92
5,32,4,0,19,1,963,3.65
5,32,4,0,20,1,604,0.0
5,32,4,0,21,0,335,1.74
5,32,4,0,22,0,175,0.0
5,32,4,0,23,0,114,0.0
5,33,5,1,0,0,73,0.0
5,33,5,1,1,0,70,1.6
5,33,5,1,2,0,79,1.87
5,33,5,1,3,0,71,0.84
5,33,5,1,4,0,67,1.55
5,33,5,1,5,0,81,0.58
5,33,5,1,6,0,119,4.8
5,33,5,1,7,0,214,1.0
5,33,5,1,8,1,373,1.69
5,33,5,1,9,1,510,2.17
5,33,5,1,10,1,382,1.15
5,33,5,1,11,1,221,0.13
5,33,5,1,12,0,97,1.06
5,33,5,1,13,0,86,0.0
5,33,5,1,14,0,68,3.15
5,33,5,1,15,0,103,1.83
5,33,5,1,16,0,176,0.72
5,33,5,1,17,1,372,1.68
5,33,5,1,18,1,471,0.0
5,33,5,1,19,1,495,0.8
5,33,5,1,20,1,364,1.76
5,33,5,1,21,0,191,1.92
5,33,5,1,22,0,105,3.0
5,33,5,1,23,0,82,0.0
5,34,6,1,0,0,65,1.51
5,34,6,1,1,0,61,0.0
5,34,6,1,2,0,62,0.08
5,34,6,1,3,0,44,0.0
5,34,6,1,4,0,57,1.95
5,34,6,1,5,0,79,0.73
5,34,6,1,6,0,109,1.25
5,34,6,1,7,0,195,2.66
5,34,6,1,8,1,379,2.89
5,34,6,1,9,1,497,2.79
5,34,6,1,10,1,386,1.9
5,34,6,1,11,1,211,1.57
5,34,6,1,12,0,110,0.0
5,34,6,1,13,0,78,0.73
5,34,6,1,14,0,81,0.0
5,34,6,1,15,0,103,0.0
5,34,6,1,16,0,179,1.56
5,34,6,1,17,1,296,1.38
5,34,6,1,18,1,467,0.29
5,34,6,1,19,1,472,0.75
5,34,6,1,20,1,393,3.37
5,34,6,1,21,0,187,0.1
5,34,6,1,22,0,106,1.58
5,34,6,1,23,0,75,0.0
5,35,0,0,0,0,118,0.59
5,35,0,0,1,0,123,0.96
5,35,0,0,2,0,127,2.52
5,35,0,0,3,0,130,1.41
5,35,0,0,4,0,109,2.22
5,35,0,0,5,0,142,0.18
5,35,0,0,6,0,197,0.89
5,35,0,0,7,0,373,0.0
5,35,0,0,8,1,623,1.13
5,35,0,0,9,1,712,1.18
5,35,0,0,10,1,747,3.72
5,35,0,0,11,1,357,0.4
5,35,0,0,12,0,216,2.67
5,35,0,0,13,0,136,2.31
5,35,0,0,14,0,127,0.85
5,35,0,0,15,0,164,0.11
5,35,0,0,16,0,340,0.0
5,35,0,0,17,1,637,3.69
5,35,0,0,18,1,916,7.17
5,35,0,0,19,1,876,3.41
5,35,0,0,20,1,530,2.71
5,35,0,0,21,0,355,0.0
5,35,0,0,22,0,183,0.75
5,35,0,0,23,0,139,1.84
5,36,1,0,0,0,115,0.76
5,36,1,0,1,0,126,0.23
5,36,1,0,2,0,116,1.53
5,36,1,0,3,0,119,0.0
5,36,1,0,4,0,135,0.0
5,36,1,0,5,0,132,1.01
5,36,1,0,6,0,204,1.07
5,36,1,0,7,0,296,0.13
5,36,1,0,8,1,701,2.64
5,36,1,0,9,1,879,5.05
5,36,1,0,10,1,712,1.75
5,36,1,0,11,1,370,3.93
5,36,1,0,12,0,194,0.63
5,36,1,0,13,0,141,2.42
5,36,1,0,14,0,125,0.0
5,36,1,0,15,0,162,0.2
5,36,1,0,16,0,355,0.87
5,36,1,0,17,1,693,2.95
5,36,1,0,18,1,841,2.84
5,36,1,0,19,1,755,2.88
5,36,1,0,20,1,625,2.32
5,36,1,0,21,0,346,0.38
5,36,1,0,22,0,168,0.51
5,36,1,0,23,0,136,0.29
5,37,2,0,0,0,122,1.65
5,37,2,0,1,0,128,1.8
5,37,2,0,2,0,130,1.27
5,37,2,0,3,0,124,3.41
5,37,2,0,4,0,129,0.0
5,37,2,0,5,0,114,0.09
5,37,2,0,6,0,206,2.26
5,37,2,0,7,0,348,2.49
5,37,2,0,8,1,747,3.9
5,37,2,0,9,1,873,3.29
5,37,2,0,10,1,659,3.81
5,37,2,0,11,1,405,1.13
5,37,2,0,12,0,237,0.0
5,37,2,0,13,0,133,0.0
5,37,2,0,14,0,139,0.0
5,37,2,0,15,0,205,2.33
5,37,2,0,16,0,347,0.92
5,37,2,0,17,1,643,3.07
5,37,2,0,18,1,912,3.46
5,37,2,0,19,1,835,4.96
5,37,2,0,20,1,639,2.29
5,37,2,0,21,0,349,1.67
5,37,2,0,22,0,193,2.68
5,37,2,0,23,0,130,0.0
5,38,3,0,0,0,123,0.0
5,38,3,0,1,0,111,1.93
5,38,3,0,2,0,117,0.0
5,38,3,0,3,0,129,0.0
5,38,3,0,4,0,127,2.13
5,38,3,0,5,0,136,0.0
5,38,3,0,6,0,166,0.0
5,38,3,0,7,0,385,3.34
5,38,3,0,8,1,700,6.73
5,38,3,0,9,1,744,3.16
5,38,3,0,10,1,660,2.99
5,38,3,0,11,1,441,4.49
5,38,3,0,12,0,198,2.08
5,38,3,0,13,0,138,0.0
5,38,3,0,14,0,135,0.0
5,38,3,0,15,0,185,0.0
5,38,3,0,16,0,344,1.83
5,38,3,0,17,1,642,3.03
5,38,3,0,18,1,959,7.12
5,38,3,0,19,1,820,4.74
5,38,3,0,20,1,711,4.34
5,38,3,0,21,0,359,0.0
5,38,3,0,22,0,178,0.09
5,38,3,0,23,0,148,0.0
5,39,4,0,0,0,119,1.74
5,39,4,0,1,0,113,0.87
5,39,4,0,2,0,122,1.8
5,39,4,0,3,0,127,1.45
5,39,4,0,4,0,124,0.0
5,39,4,0,5,0,135,0.62
5,39,4,0,6,0,209,0.2
5,39,4,0,7,0,388,1.66
5,39,4,0,8,1,645,0.85
5,39,4,0,9,1,871,5.0
5,39,4,0,10,1,650,2.27
5,39,4,0,11,1,412,3.04
5,39,4,0,12,0,200,1.42
5,39,4,0,13,0,141,1.63
5,39,4,0,14,0,123,3.37
5,39,4,0,15,0,190,1.85
5,39,4,0,16,0,319,1.0
5,39,4,0,17,1,626,0.0
5,39,4,0,18,1,786,2.06
5,39,4,0,19,1,761,3.2
5,39,4,0,20,1,604,4.55
5,39,4,0,21,0,309,1.59
5,39,4,0,22,0,173,0.0
5,39,4,0,23,0,140,1.57
5,40,5,1,0,0,69,0.0
5,40,5,1,1,0,66,1.16
5,40,5,1,2,0,71,1.23
5,40,5,1,3,0,71,1.89
5,40,5,1,4,0,67,1.02
5,40,5,1,5,0,79,0.9
5,40,5,1,6,0,118,1.78
5,40,5,1,7,0,202,0.0
5,40,5,1,8,1,377,0.0
5,40,5,1,9,1,467,1.86
5,40,5,1,10,1,415,2.42
5,40,5,1,11,1,229,0.18
5,40,5,1,12,0,121,1.82
5,40,5,1,13,0,77,0.0
5,40,5,1,14,0,81,2.98
5,40,5,1,15,0,102,0.46
5,40,5,1,16,0,179,0.0
5,40,5,1,17,1,319,3.77
5,40,5,1,18,1,506,0.86
5,40,5,1,19,1,444,4.98
5,40,5,1,20,1,307,0.15
5,40,5,1,21,0,180,0.0
5,40,5,1,22,0,98,0.0
5,40,5,1,23,0,68,2.26
5,41,6,1,0,0,60,0.03
5,41,6,1,1,0,61,0.0
5,41,6,1,2,0,61,0.36
5,41,6,1,3,0,68,2.38
5,41,6,1,4,0,64,2.68
5,41,6,1,5,0,68,0.0
5,41,6,1,6,0,123,4.85
5,41,6,1,7,0,241,0.63
5,41,6,1,8,1,392,2.59
5,41,6,1,9,1,477,0.4
5,41,6,1,10,1,383,0.77
5,41,6,1,11,1,196,0.32
5,41,6,1,12,0,111,1.95
5,41,6,1,13,0,73,0.17
5,41,6,1,14,0,79,0.42
5,41,6,1,15,0,105,0.54
5,41,6,1,16,0,189,0.0
5,41,6,1,17,1,337,3.49
5,41,6,1,18,1,472,0.64
5,41,6,1,19,1,521,3.17
5,41,6,1,20,1,355,2.53
5,41,6,1,21,0,170,1.65
5,41,6,1,22,0,114,0.0
5,41,6,1,23,0,62,0.8
5,42,0,0,0,0,121,0.0
5,42,0,0,1,0,126,1.3
5,42,0,0,2,0,106,3.26
5,42,0,0,3,0,128,0.0
5,42,0,0,4,0,130,1.7
5,42,0,0,5,0,149,0.0
5,42,0,0,6,0,210,0.49
5,42,0,0,7,0,369,0.18
5,42,0,0,8,1,580,3.13
5,42,0,0,9,1,826,0.0
5,42,0,0,10,1,689,4.49
5,42,0,0,11,1,346,0.32
5,42,0,0,12,0,204,0.0
5,42,0,0,13,0,130,1.04
5,42,0,0,14,0,129,0.0
5,42,0,0,15,0,168,0.0
5,42,0,0,16,0,322,2.87
5,42,0,0,17,1,723,2.95
5,42,0,0,18,1,900,2.19
5,42,0,0,19,1,706,5.6
5,42,0,0,20,1,579,3.39
5,42,0,0,21,0,344,2.87
5,42,0,0,22,0,200,1.22
5,42,0,0,23,0,138,2.37
5,43,1,0,0,0,116,2.8
5,43,1,0,1,0,113,0.57
5,43,1,0,2,0,126,0.0
5,43,1,0,3,0,134,1.25
5,43,1,0,4,0,154,3.74
5,43,1,0,5,0,133,3.21
5,43,1,0,6,0,210,1.19
5,43,1,0,7,0,335,0.0
5,43,1,0,8,1,685,2.0
5,43,1,0,9,1,860,5.5
5,43,1,0,10,1,732,1.88
5,43,1,0,11,1,415,0.29
5,43,1,0,12,0,179,1.29
5,43,1,0,13,0,126,0.0
5,43,1,0,14,0,146,1.57
5,43,1,0,15,0,181,0.0
5,43,1,0,16,0,319,4.19
5,43,1,0,17,1,655,4.76
5,43,1,0,18,1,865,2.93
5,43,1,0,19,1,909,5.56
5,43,1,0,20,1,584,1.27
5,43,1,0,21,0,298,0.08
5,43,1,0,22,0,196,0.0
5,43,1,0,23,0,144,3.53
5,44,2,0,0,0,120,0.46
5,44,2,0,1,0,126,0.0
5,44,2,0,2,0,114,0.0
5,44,2,0,3,0,109,1.79
5,44,2,0,4,0,117,2.14
5,44,2,0,5,0,139,0.52
5,44,2,0,6,0,209,0.0
5,44,2,0,7,0,363,2.52
5,44,2,0,8,1,564,2.28
5,44,2,0,9,1,885,5.51
5,44,2,0,10,1,767,2.87
5,44,2,0,11,1,411,0.44
5,44,2,0,12,0,190,2.81
5,44,2,0,13,0,135,0.78
5,44,2,0,14,0,124,1.13
5,44,2,0,15,0,198,1.88
5,44,2,0,16,0,306,2.72
5,44,2,0,17,1,559,2.2
5,44,2,0,18,1,738,2.68
5,44,2,0,19,1,780,2.45
5,44,2,0,20,1,611,3.68
5,44,2,0,21,0,361,0.0
5,44,2,0,22,0,196,1.09
5,44,2,0,23,0,128,0.0
5,45,3,0,0,0,120,0.83
5,45,3,0,1,0,124,0.2
5,45,3,0,2,0,96,0.0
5,45,3,0,3,0,109,3.52
5,45,3,0,4,0,122,1.6
5,45,3,0,5,0,140,1.03
5,45,3,0,6,0,190,0.0
5,45,3,0,7,0,324,1.51
5,45,3,0,8,1,701,2.73
5,45,3,0,9,1,854,1.61
5,45,3,0,10,1,668,1.7
5,45,3,0,11,1,407,1.69
5,45,3,0,12,0,187,0.51
5,45,3,0,13,0,124,0.0
5,45,3,0,14,0,141,0.0
5,45,3,0,15,0,185,0.0
5,45,3,0,16,0,303,4.01
5,45,3,0,17,1,669,1.78
5,45,3,0,18,1,828,0.28
5,45,3,0,19,1,740,1.27
5,45,3,0,20,1,606,2.25
5,45,3,0,21,0,348,2.41
5,45,3,0,22,0,190,0.0
5,45,3,0,23,0,137,1.5
5,46,4,0,0,0,116,0.0
5,46,4,0,1,0,132,0.66
5,46,4,0,2,0,93,3.48
5,46,4,0,3,0,116,4.12
5,46,4,0,4,0,125,0.2
5,46,4,0,5,0,135,0.0
5,46,4,0,6,0,198,3.81
5,46,4,0,7,0,359,2.24
5,46,4,0,8,1,645,2.33
5,46,4,0,9,1,978,4.7
5,46,4,0,10,1,725,3.01
5,46,4,0,11,1,470,0.46
5,46,4,0,12,0,172,3.22
5,46,4,0,13,0,131,1.14
5,46,4,0,14,0,154,1.25
5,46,4,0,15,0,220,1.08
5,46,4,0,16,0,320,0.0
5,46,4,0,17,1,622,0.0
5,46,4,0,18,1,870,5.67
5,46,4,0,19,1,846,3.67
5,46,4,0,20,1,652,3.61
5,46,4,0,21,0,371,1.46
5,46,4,0,22,0,153,2.38
5,46,4,0,23,0,131,0.0
5,47,5,1,0,0,68,0.55
5,47,5,1,1,0,62,0.0
5,47,5,1,2,0,68,0.0
5,47,5,1,3,0,67,0.83
5,47,5,1,4,0,72,3.47
5,47,5,1,5,0,75,0.0
5,47,5,1,6,0,122,2.06
5,47,5,1,7,0,215,1.21
5,47,5,1,8,1,377,1.75
5,47,5,1,9,1,461,0.38
5,47,5,1,10,1,376,4.14
5,47,5,1,11,1,199,0.39
5,47,5,1,12,0,100,2.14
5,47,5,1,13,0,79,0.0
5,47,5,1,14,0,62,1.55
5,47,5,1,15,0,91,1.61
5,47,5,1,16,0,177,1.75
5,47,5,1,17,1,346,0.58
5,47,5,1,18,1,433,2.6
5,47,5,1,19,1,440,3.42
5,47,5,1,20,1,312,1.77
5,47,5,1,21,0,181,0.73
5,47,5,1,22,0,96,0.12
5,47,5,1,23,0,58,0.0
5,48,6,1,0,0,63,0.14
5,48,6,1,1,0,73,0.0
5,48,6,1,2,0,73,0.0
5,48,6,1,3,0,60,0.0
5,48,6,1,4,0,70,0.41
5,48,6,1,5,0,76,0.5
5,48,6,1,6,0,108,0.86
5,48,6,1,7,0,249,0.29
5,48,6,1,8,1,438,3.03
5,48,6,1,9,1,478,2.74
5,48,6,1,10,1,280,0.73
5,48,6,1,11,1,201,3.97
5,48,6,1,12,0,105,0.38
5,48,6,1,13,0,74,0.0
5,48,6,1,14,0,71,1.51
5,48,6,1,15,0,85,0.81
5,48,6,1,16,0,173,2.64
5,48,6,1,17,1,345,0.0
5,48,6,1,18,1,450,2.48
5,48,6,1,19,1,455,2.04
5,48,6,1,20,1,334,2.64
5,48,6,1,21,0,193,0.7
5,48,6,1,22,0,102,0.0
5,48,6,1,23,0,82,4.77
5,49,0,0,0,0,117,0.54
5,49,0,0,1,0,130,2.03
5,49,0,0,2,0,122,0.0
5,49,0,0,3,0,138,1.57
5,49,0,0,4,0,124,0.0
5,49,0,0,5,0,134,0.0
5,49,0,0,6,0,208,2.31
5,49,0,0,7,0,394,0.14
5,49,0,0,8,1,709,4.02
5,49,0,0,9,1,794,4.58
5,49,0,0,10,1,713,2.44
5,49,0,0,11,1,369,1.21
5,49,0,0,12,0,181,1.11
5,49,0,0,13,0,141,2.32
5,49,0,0,14,0,138,1.14
5,49,0,0,15,0,182,0.0
5,49,0,0,16,0,328,3.45
5,49,0,0,17,1,639,3.17
5,49,0,0,18,1,724,3.37
5,49,0,0,19,1,757,1.14
5,49,0,0,20,1,552,1.05
5,49,0,0,21,0,362,1.79
5,49,0,0,22,0,172,0.0
5,49,0,0,23,0,139,1.6
5,50,1,0,0,0,122,0.0
5,50,1,0,1,0,116,4.04
5,50,1,0,2,0,109,1.0
5,50,1,0,3,0,141,0.15
5,50,1,0,4,0,140,0.0
5,50,1,0,5,0,112,0.0
5,50,1,0,6,0,185,0.0
5,50,1,0,7,0,374,2.98
5,50,1,0,8,1,652,2.04
5,50,1,0,9,1,937,2.63
5,50,1,0,10,1,718,0.31
5,50,1,0,11,1,357,1.11
5,50,1,0,12,0,216,0.0
5,50,1,0,13,0,125,0.91
5,50,1,0,14,0,140,0.0
5,50,1,0,15,0,179,2.35
5,50,1,0,16,0,307,1.74
5,50,1,0,17,1,583,4.44
5,50,1,0,18,1,887,4.87
5,50,1,0,19,1,811,4.48
5,50,1,0,20,1,647,3.37
5,50,1,0,21,0,332,1.57
5,50,1,0,22,0,159,3.27
5,50,1,0,23,0,127,0.01
5,51,2,0,0,0,108,1.44
5,51,2,0,1,0,125,0.06
5,51,2,0,2,0,98,0.0
5,51,2,0,3,0,125,0.88
5,51,2,0,4,0,121,0.0
5,51,2,0,5,0,117,1.91
5,51,2,0,6,0,174,0.39
5,51,2,0,7,0,355,2.91
5,51,2,0,8,1,716,2.33
5,51,2,0,9,1,891,1.33
5,51,2,0,10,1,680,1.14
5,51,2,0,11,1,418,2.23
5,51,2,0,12,0,207,0.0
5,51,2,0,13,0,143,0.0
5,51,2,0,14,0,124,0.23
5,51,2,0,15,0,172,1.75
5,51,2,0,16,0,326,0.0
5,51,2,0,17,1,549,3.24
5,51,2,0,18,1,675,1.18
5,51,2,0,19,1,943,3.26
5,51,2,0,20,1,643,3.21
5,51,2,0,21,0,334,0.0
5,51,2,0,22,0,166,0.0
5,51,2,0,23,0,139,1.56
5,52,3,0,0,0,112,0.33
5,52,3,0,1,0,120,0.6
5,52,3,0,2,0,113,2.91
5,52,3,0,3,0,127,0.62
5,52,3,0,4,0,117,0.0
5,52,3,0,5,0,138,0.0
5,52,3,0,6,0,199,0.0
5,52,3,0,7,0,370,1.32
5,52,3,0,8,1,737,1.56
5,52,3,0,9,1,744,3.64
5,52,3,0,10,1,681,0.14
5,52,3,0,11,1,335,0.37
5,52,3,0,12,0,195,2.86
5,52,3,0,13,0,124,1.3
5,52,3,0,14,0,114,1.0
5,52,3,0,15,0,209,1.05
5,52,3,0,16,0,321,3.13
5,52,3,0,17,1,625,2.73
5,52,3,0,18,1,779,3.66
5,52,3,0,19,1,801,3.67
5,52,3,0,20,1,610,4.07
5,52,3,0,21,0,324,1.07
5,52,3,0,22,0,198,0.44
5,52,3,0,23,0,133,0.0
5,53,4,0,0,0,119,1.48
5,53,4,0,1,0,138,0.0
5,53,4,0,2,0,108,0.22
5,53,4,0,3,0,121,0.16
5,53,4,0,4,0,116,0.0
5,53,4,0,5,0,127,1.73
5,53,4,0,6,0,198,1.81
5,53,4,0,7,0,349,3.56
5,53,4,0,8,1,654,3.33
5,53,4,0,9,1,836,2.53
5,53,4,0,10,1,708,3.73
5,53,4,0,11,1,470,2.84
5,53,4,0,12,0,207,2.55
5,53,4,0,13,0,141,0.51
5,53,4,0,14,0,138,1.83
5,53,4,0,15,0,207,0.0
5,53,4,0,16,0,288,3.17
5,53,4,0,17,1,569,0.0
5,53,4,0,18,1,729,5.62
5,53,4,0,19,1,907,2.44
5,53,4,0,20,1,571,2.37
5,53,4,0,21,0,363,1.01
5,53,4,0,22,0,174,2.4
5,53,4,0,23,0,133,0.24
5,54,5,1,0,0,69,0.0
5,54,5,1,1,0,68,0.89
5,54,5,1,2,0,59,0.0
5,54,5,1,3,0,63,0.53
5,54,5,1,4,0,68,2.83
5,54,5,1,5,0,74,0.0
5,54,5,1,6,0,106,0.0
5,54,5,1,7,0,209,2.95
5,54,5,1,8,1,390,0.48
5,54,5,1,9,1,486,0.78
5,54,5,1,10,1,293,0.0
5,54,5,1,11,1,220,2.04
5,54,5,1,12,0,123,1.0
5,54,5,1,13,0,82,1.27
5,54,5,1,14,0,80,1.97
5,54,5,1,15,0,106,2.04
5,54,5,1,16,0,176,0.0
5,54,5,1,17,1,351,1.97
5,54,5,1,18,1,433,0.0
5,54,5,1,19,1,471,2.96
5,54,5,1,20,1,348,0.0
5,54,5,1,21,0,175,1.7
5,54,5,1,22,0,103,2.0
5,54,5,1,23,0,71,1.39
5,55,6,1,0,0,66,0.0
5,55,6,1,1,0,71,0.0
5,55,6,1,2,0,66,0.53
5,55,6,1,3,0,65,1.75
5,55,6,1,4,0,70,0.96
5,55,6,1,5,0,74,3.08
5,55,6,1,6,0,121,1.86
5,55,6,1,7,0,225,0.0
5,55,6,1,8,1,375,2.45
5,55,6,1,9,1,503,3.35
5,55,6,1,10,1,394,4.58
5,55,6,1,11,1,210,2.36
5,55,6,1,12,0,116,1.13
5,55,6,1,13,0,77,1.0
5,55,6,1,14,0,70,0.88
5,55,6,1,15,0,108,0.91
5,55,6,1,16,0,159,0.0
5,55,6,1,17,1,312,1.08
5,55,6,1,18,1,437,2.72
5,55,6,1,19,1,510,4.04
5,55,6,1,20,1,343,3.0
5,55,6,1,21,0,178,0.48
5,55,6,1,22,0,93,2.18
5,55,6,1,23,0,85,0.0
5,56,0,0,0,0,99,0.0
5,56,0,0,1,0,114,0.0
5,56,0,0,2,0,110,0.75
5,56,0,0,3,0,127,0.0
5,56,0,0,4,0,116,0.52
5,56,0,0,5,0,122,0.84
5,56,0,0,6,0,195,0.11
5,56,0,0,7,0,360,1.85
5,56,0,0,8,1,643,0.0
5,56,0,0,9,1,846,1.53
5,56,0,0,10,1,594,2.57
5,56,0,0,11,1,382,0.23
5,56,0,0,12,0,200,1.44
5,56,0,0,13,0,138,0.86
5,56,0,0,14,0,118,2.41
5,56,0,0,15,0,195,0.0
5,56,0,0,16,0,339,1.62
5,56,0,0,17,1,606,5.11
5,56,0,0,18,1,716,0.65
5,56,0,0,19,1,692,2.89
5,56,0,0,20,1,634,3.08
5,56,0,0,21,0,331,1.93
5,56,0,0,22,0,182,1.84
5,56,0,0,23,0,145,0.0
5,57,1,0,0,0,117,0.28
5,57,1,0,1,0,134,0.0
5,57,1,0,2,0,131,0.0
5,57,1,0,3,0,132,1.81
5,57,1,0,4,0,120,1.86
5,57,1,0,5,0,128,0.0
5,57,1,0,6,0,223,0.08
5,57,1,0,7,0,408,3.3
5,57,1,0,8,1,729,3.81
5,57,1,0,9,1,891,5.15
5,57,1,0,10,1,702,2.75
5,57,1,0,11,1,344,1.85
5,57,1,0,12,0,213,0.0
5,57,1,0,13,0,133,1.17
5,57,1,0,14,0,151,0.0
5,57,1,0,15,0,198,0.26
5,57,1,0,16,0,321,0.0
5,57,1,0,17,1,576,3.05
5,57,1,0,18,1,832,4.4
5,57,1,0,19,1,771,4.13
5,57,1,0,20,1,629,0.25
5,57,1,0,21,0,380,2.03
5,57,1,0,22,0,198,2.53
5,57,1,0,23,0,144,0.39
5,58,2,0,0,0,127,0.0
5,58,2,0,1,0,124,3.09
5,58,2,0,2,0,114,1.83
5,58,2,0,3,0,137,1.58
5,58,2,0,4,0,132,0.0
5,58,2,0,5,0,123,2.64
5,58,2,0,6,0,212,1.59
5,58,2,0,7,0,379,1.94
5,58,2,0,8,1,780,2.97
5,58,2,0,9,1,892,4.58
5,58,2,0,10,1,648,1.71
5,58,2,0,11,1,434,2.59
5,58,2,0,12,0,186,0.28
5,58,2,0,13,0,125,2.1
5,58,2,0,14,0,132,0.17
5,58,2,0,15,0,199,0.0
5,58,2,0,16,0,338,1.34
5,58,2,0,17,1,594,1.55
5,58,2,0,18,1,799,3.62
5,58,2,0,19,1,779,3.36
5,58,2,0,20,1,581,1.59
5,58,2,0,21,0,345,0.63
5,58,2,0,22,0,205,0.61
5,58,2,0,23,0,145,0.0
5,59,3,0,0,0,113,0.0
5,59,3,0,1,0,115,0.11
5,59,3,0,2,0,121,1.53
5,59,3,0,3,0,126,2.21
5,59,3,0,4,0,113,0.5
5,59,3,0,5,0,123,1.11
5,59,3,0,6,0,225,0.0
5,59,3,0,7,0,408,3.2
5,59,3,0,8,1,635,3.19
5,59,3,0,9,1,820,3.1
5,59,3,0,10,1,663,2.31
5,59,3,0,11,1,423,1.57
5,59,3,0,12,0,187,0.85
5,59,3,0,13,0,112,0.0
5,59,3,0,14,0,148,0.37
5,59,3,0,15,0,179,0.98
5,59,3,0,16,0,359,3.43
5,59,3,0,17,1,586,1.7
5,59,3,0,18,1,832,4.87
5,59,3,0,19,1,851,6.65
5,59,3,0,20,1,600,5.05
5,59,3,0,21,0,315,0.0
5,59,3,0,22,0,185,2.45
5,59,3,0,23,0,128,0.0
6,0,0,0,0,0,202,1.94
6,0,0,0,1,0,199,0.0
6,0,0,0,2,0,194,1.3
6,0,0,0,3,0,220,0.0
6,0,0,0,4,0,217,3.16
6,0,0,0,5,0,219,0.0
6,0,0,0,6,0,363,1.29
6,0,0,0,7,0,649,3.57
6,0,0,0,8,1,1299,1.88
6,0,0,0,9,1,1424,9.17
6,0,0,0,10,1,1274,6.11
6,0,0,0,11,1,753,3.04
6,0,0,0,12,0,373,2.57
6,0,0,0,13,0,251,0.52
6,0,0,0,14,0,244,0.09
6,0,0,0,15,0,332,0.0
6,0,0,0,16,0,565,1.84
6,0,0,0,17,1,999,3.24
6,0,0,0,18,1,1487,6.55
6,0,0,0,19,1,1622,5.79
6,0,0,0,20,1,1196,6.19
6,0,0,0,21,0,628,2.74
6,0,0,0,22,0,340,3.14
6,0,0,0,23,0,261,3.05
6,1,1,0,0,0,215,1.69
6,1,1,0,1,0,237,0.01
6,1,1,0,2,0,209,0.86
6,1,1,0,3,0,230,2.29
6,1,1,0,4,0,213,0.0
6,1,1,0,5,0,242,0.0
6,1,1,0,6,0,308,0.0
6,1,1,0,7,0,706,4.87
6,1,1,0,8,1,1221,5.2
6,1,1,0,9,1,1644,4.26
6,1,1,0,10,1,1268,5.05
6,1,1,0,11,1,719,2.15
6,1,1,0,12,0,327,1.52
6,1,1,0,13,0,273,2.38
6,1,1,0,14,0,231,0.0
6,1,1,0,15,0,287,3.12
6,1,1,0,16,0,557,1.74
6,1,1,0,17,1,1195,2.36
6,1,1,0,18,1,1687,6.37
6,1,1,0,19,1,1369,5.1
6,1,1,0,20,1,1018,4.73
6,1,1,0,21,0,572,0.0
6,1,1,0,22,0,326,0.0
6,1,1,0,23,0,242,0.0
6,2,2,0,0,0,206,1.1
6,2,2,0,1,0,210,1.22
6,2,2,0,2,0,226,0.0
6,2,2,0,3,0,213,0.0
6,2,2,0,4,0,221,0.43
6,2,2,0,5,0,219,1.35
6,2,2,0,6,0,383,0.82
6,2,2,0,7,0,636,2.79
6,2,2,0,8,1,1087,3.36
6,2,2,0,9,1,1649,6.69
6,2,2,0,10,1,1034,1.44
6,2,2,0,11,1,697,4.08
6,2,2,0,12,0,305,1.89
6,2,2,0,13,0,267,3.9
6,2,2,0,14,0,247,1.75
6,2,2,0,15,0,275,4.25
6,2,2,0,16,0,576,0.9
6,2,2,0,17,1,1059,6.5
6,2,2,0,18,1,1774,7.28
6,2,2,0,19,1,1628,6.58
6,2,2,0,20,1,991,6.18
6,2,2,0,21,0,574,4.6
6,2,2,0,22,0,366,2.39
6,2,2,0,23,0,273,4.44
6,3,3,0,0,0,211,0.0
6,3,3,0,1,0,182,4.1
6,3,3,0,2,0,207,2.53
6,3,3,0,3,0,202,3.12
6,3,3,0,4,0,204,0.0
6,3,3,0,5,0,234,0.14
6,3,3,0,6,0,367,1.39
6,3,3,0,7,0,722,2.45
6,3,3,0,8,1,1152,3.73
6,3,3,0,9,1,1748,7.33
6,3,3,0,10,1,1024,3.32
6,3,3,0,11,1,693,5.54
6,3,3,0,12,0,379,0.13
6,3,3,0,13,0,288,1.11
6,3,3,0,14,0,264,0.0
6,3,3,0,15,0,268,0.0
6,3,3,0,16,0,447,4.96
6,3,3,0,17,1,1099,3.01
6,3,3,0,18,1,1562,6.53
6,3,3,0,19,1,1582,8.14
6,3,3,0,20,1,1056,2.9
6,3,3,0,21,0,644,3.78
6,3,3,0,22,0,334,4.6
6,3,3,0,23,0,229,0.0
6,4,4,0,0,0,221,0.0
6,4,4,0,1,0,223,0.0
6,4,4,0,2,0,207,3.66
6,4,4,0,3,0,207,0.0
6,4,4,0,4,0,237,0.0
6,4,4,0,5,0,225,1.76
6,4,4,0,6,0,376,3.33
6,4,4,0,7,0,647,3.48
6,4,4,0,8,1,1172,3.78
6,4,4,0,9,1,1647,5.76
6,4,4,0,10,1,1244,5.21
6,4,4,0,11,1,629,3.97
6,4,4,0,12,0,366,0.0
6,4,4,0,13,0,246,0.0
6,4,4,0,14,0,261,0.0
6,4,4,0,15,0,322,1.83
6,4,4,0,16,0,606,3.57
6,4,4,0,17,1,950,6.28
6,4,4,0,18,1,1571,8.32
6,4,4,0,19,1,1613,6.43
6,4,4,0,20,1,970,3.03
6,4,4,0,21,0,680,4.8
6,4,4,0,22,0,315,0.0
6,4,4,0,23,0,234,0.5
6,5,5,1,0,0,115,1.25
6,5,5,1,1,0,126,1.99
6,5,5,1,2,0,122,0.0
6,5,5,1,3,0,114,3.91
6,5,5,1,4,0,122,1.04
6,5,5,1,5,0,134,1.16
6,5,5,1,6,0,155,0.26
6,5,5,1,7,0,377,3.43
6,5,5,1,8,1,672,0.22
6,5,5,1,9,1,854,2.21
6,5,5,1,10,1,604,1.16
6,5,5,1,11,1,395,3.47
6,5,5,1,12,0,200,1.75
6,5,5,1,13,0,137,0.7
6,5,5,1,14,0,139,0.0
6,5,5,1,15,0,184,0.0
6,5,5,1,16,0,363,1.23
6,5,5,1,17,1,596,0.13
6,5,5,1,18,1,896,4.52
6,5,5,1,19,1,866,2.24
6,5,5,1,20,1,557,2.56
6,5,5,1,21,0,313,1.9
6,5,5,1,22,0,151,0.0
6,5,5,1,23,0,149,1.26
6,6,6,1,0,0,119,3.45
6,6,6,1,1,0,95,0.0
6,6,6,1,2,0,114,1.74
6,6,6,1,3,0,126,0.0
6,6,6,1,4,0,128,0.0
6,6,6,1,5,0,143,0.0
6,6,6,1,6,0,190,0.02
6,6,6,1,7,0,410,0.86
6,6,6,1,8,1,667,3.43
6,6,6,1,9,1,862,4.78
6,6,6,1,10,1,680,2.09
6,6,6,1,11,1,368,1.51
6,6,6,1,12,0,196,0.56
6,6,6,1,13,0,132,0.0
6,6,6,1,14,0,139,0.83
6,6,6,1,15,0,197,0.79
6,6,6,1,16,0,286,0.61
6,6,6,1,17,1,585,3.45
6,6,6,1,18,1,691,2.83
6,6,6,1,19,1,863,2.46
6,6,6,1,20,1,598,1.45
6,6,6,1,21,0,312,0.64
6,6,6,1,22,0,172,1.71
6,6,6,1,23,0,123,0.0
6,7,0,0,0,0,244,2.42
6,7,0,0,1,0,182,0.0
6,7,0,0,2,0,218,1.36
6,7,0,0,3,0,189,2.49
6,7,0,0,4,0,231,1.65
6,7,0,0,5,0,264,1.73
6,7,0,0,6,0,362,3.78
6,7,0,0,7,0,749,1.73
6,7,0,0,8,1,1279,4.12
6,7,0,0,9,1,1563,6.97
6,7,0,0,10,1,1082,4.15
6,7,0,0,11,1,703,2.16
6,7,0,0,12,0,359,2.64
6,7,0,0,13,0,240,1.3
6,7,0,0,14,0,267,1.78
6,7,0,0,15,0,337,0.0
6,7,0,0,16,0,636,3.04
6,7,0,0,17,1,1192,4.84
6,7,0,0,18,1,1288,2.6
6,7,0,0,19,1,1596,5.53
6,7,0,0,20,1,1119,4.65
6,7,0,0,21,0,596,2.24
6,7,0,0,22,0,308,1.21
6,7,0,0,23,0,227,0.35
6,8,1,0,0,0,209,0.5
6,8,1,0,1,0,230,0.73
6,8,1,0,2,0,232,3.23
6,8,1,0,3,0,229,1.72
6,8,1,0,4,0,222,2.19
6,8,1,0,5,0,239,2.43
6,8,1,0,6,0,367,0.93
6,8,1,0,7,0,737,3.09
6,8,1,0,8,1,1207,4.11
6,8,1,0,9,1,1522,7.58
6,8,1,0,10,1,1304,5.75
6,8,1,0,11,1,721,4.79
6,8,1,0,12,0,346,0.0
6,8,1,0,13,0,266,0.27
6,8,1,0,14,0,227,0.0
6,8,1,0,15,0,347,0.0
6,8,1,0,16,0,567,3.15
6,8,1,0,17,1,1143,3.59
6,8,1,0,18,1,1491,4.66
6,8,1,0,19,1,1441,6.16
6,8,1,0,20,1,1038,3.79
6,8,1,0,21,0,533,3.83
6,8,1,0,22,0,345,2.57
6,8,1,0,23,0,262,0.0
6,9,2,0,0,0,208,0.0
6,9,2,0,1,0,268,0.85
6,9,2,0,2,0,232,0.0
6,9,2,0,3,0,231,3.71
6,9,2,0,4,0,216,0.0
6,9,2,0,5,0,235,0.0
6,9,2,0,6,0,349,2.63
6,9,2,0,7,0,686,2.32
6,9,2,0,8,1,1269,5.98
6,9,2,0,9,1,1302,5.34
6,9,2,0,10,1,1454,3.81
6,9,2,0,11,1,683,5.64
6,9,2,0,12,0,381,0.75
6,9,2,0,13,0,245,0.98
6,9,2,0,14,0,226,0.79
6,9,2,0,15,0,324,1.47
6,9,2,0,16,0,567,0.35
6,9,2,0,17,1,1077,6.88
6,9,2,0,18,1,1517,5.57
6,9,2,0,19,1,1598,6.15
6,9,2,0,20,1,1243,4.97
6,9,2,0,21,0,637,1.42
6,9,2,0,22,0,345,1.79
6,9,2,0,23,0,237,0.2
6,10,3,0,0,0,203,1.24
6,10,3,0,1,0,225,0.71
6,10,3,0,2,0,219,0.82
6,10,3,0,3,0,216,0.56
6,10,3,0,4,0,217,4.92
6,10,3,0,5,0,244,1.94
6,10,3,0,6,0,362,1.05
6,10,3,0,7,0,759,2.6
6,10,3,0,8,1,1320,4.78
6,10,3,0,9,1,1387,6.1
6,10,3,0,10,1,1110,5.24
6,10,3,0,11,1,622,2.01
6,10,3,0,12,0,310,5.48
6,10,3,0,13,0,209,0.85
6,10,3,0,14,0,262,2.6
6,10,3,0,15,0,354,0.94
6,10,3,0,16,0,669,4.05
6,10,3,0,17,1,1099,4.76
6,10,3,0,18,1,1471,4.52
6,10,3,0,19,1,1656,8.59
6,10,3,0,20,1,1004,3.79
6,10,3,0,21,0,597,2.34
6,10,3,0,22,0,333,2.75
6,10,3,0,23,0,224,0.0
6,11,4,0,0,0,235,0.25
6,11,4,0,1,0,192,0.04
6,11,4,0,2,0,208,3.16
6,11,4,0,3,0,230,2.64
6,11,4,0,4,0,231,2.34
6,11,4,0,5,0,225,0.6
6,11,4,0,6,0,322,0.97
6,11,4,0,7,0,726,3.11
6,11,4,0,8,1,1345,3.67
6,11,4,0,9,1,1562,4.38
6,11,4,0,10,1,1226,6.01
6,11,4,0,11,1,676,3.53
6,11,4,0,12,0,323,0.0
6,11,4,0,13,0,252,3.62
6,11,4,0,14,0,221,2.72
6,11,4,0,15,0,333,0.0
6,11,4,0,16,0,549,2.22
6,11,4,0,17,1,1046,2.21
6,11,4,0,18,1,1303,3.94
6,11,4,0,19,1,1531,6.11
6,11,4,0,20,1,1038,4.45
6,11,4,0,21,0,654,3.21
6,11,4,0,22,0,328,2.7
6,11,4,0,23,0,220,0.54
6,12,5,1,0,0,116,0.0
6,12,5,1,1,0,114,0.0
6,12,5,1,2,0,136,0.0
6,12,5,1,3,0,133,0.59
6,12,5,1,4,0,124,0.0
6,12,5,1,5,0,133,1.51
6,12,5,1,6,0,202,1.97
6,12,5,1,7,0,367,0.75
6,12,5,1,8,1,584,3.12
6,12,5,1,9,1,897,6.01
6,12,5,1,10,1,686,1.59
6,12,5,1,11,1,327,2.87
6,12,5,1,12,0,165,0.15
6,12,5,1,13,0,130,0.42
6,12,5,1,14,0,132,0.74
6,12,5,1,15,0,147,0.61
6,12,5,1,16,0,272,2.19
6,12,5,1,17,1,568,0.0
6,12,5,1,18,1,775,2.24
6,12,5,1,19,1,908,3.93
6,12,5,1,20,1,611,4.22
6,12,5,1,21,0,329,2.45
6,12,5,1,22,0,192,0.0
6,12,5,1,23,0,146,0.0
6,13,6,1,0,0,126,0.0
6,13,6,1,1,0,123,3.28
6,13,6,1,2,0,116,0.08
6,13,6,1,3,0,123,0.0
6,13,6,1,4,0,136,0.83
6,13,6,1,5,0,127,0.0
6,13,6,1,6,0,178,0.0
6,13,6,1,7,0,368,0.74
6,13,6,1,8,1,634,5.68
6,13,6,1,9,1,758,3.25
6,13,6,1,10,1,701,3.75
6,13,6,1,11,1,376,1.14
6,13,6,1,12,0,199,1.2
6,13,6,1,13,0,130,0.0
6,13,6,1,14,0,127,0.0
6,13,6,1,15,0,172,0.74
6,13,6,1,16,0,341,4.03
6,13,6,1,17,1,569,3.44
6,13,6,1,18,1,849,5.34
6,13,6,1,19,1,867,1.96
6,13,6,1,20,1,512,2.51
6,13,6,1,21,0,318,0.0
6,13,6,1,22,0,164,0.9
6,13,6,1,23,0,146,0.0
6,14,0,0,0,0,224,0.74
6,14,0,0,1,0,192,1.87
6,14,0,0,2,0,195,0.81
6,14,0,0,3,0,208,2.17
6,14,0,0,4,0,198,1.38
6,14,0,0,5,0,222,0.12
6,14,0,0,6,0,248,4.13
6,14,0,0,7,0,718,1.72
6,14,0,0,8,1,1108,3.69
6,14,0,0,9,1,1588,3.51
6,14,0,0,10,1,1203,7.47
6,14,0,0,11,1,625,2.62
6,14,0,0,12,0,412,2.6
6,14,0,0,13,0,243,1.73
6,14,0,0,14,0,233,2.88
6,14,0,0,15,0,321,0.0
6,14,0,0,16,0,585,0.89
6,14,0,0,17,1,1057,3.84
6,14,0,0,18,1,1652,7.65
6,14,0,0,19,1,1539,6.15
6,14,0,0,20,1,989,0.68
6,14,0,0,21,0,609,3.63
6,14,0,0,22,0,329,0.51
6,14,0,0,23,0,247,0.86
6,15,1,0,0,0,243,2.82
6,15,1,0,1,0,231,2.06
6,15,1,0,2,0,192,1.76
6,15,1,0,3,0,221,1.79
6,15,1,0,4,0,225,1.58
6,15,1,0,5,0,289,1.04
6,15,1,0,6,0,376,0.8
6,15,1,0,7,0,731,4.33
6,15,1,0,8,1,1253,7.52
6,15,1,0,9,1,1396,4.85
6,15,1,0,10,1,1238,6.27
6,15,1,0,11,1,698,4.72
6,15,1,0,12,0,332,0.0
6,15,1,0,13,0,247,0.87
6,15,1,0,14,0,251,0.96
6,15,1,0,15,0,323,1.18
6,15,1,0,16,0,605,1.96
6,15,1,0,17,1,1063,3.65
6,15,1,0,18,1,1611,6.74
6,15,1,0,19,1,1779,7.36
6,15,1,0,20,1,1033,8.14
6,15,1,0,21,0,624,3.98
6,15,1,0,22,0,347,2.32
6,15,1,0,23,0,248,0.0
6,16,2,0,0,0,220,0.0
6,16,2,0,1,0,211,0.0
6,16,2,0,2,0,220,1.38
6,16,2,0,3,0,223,1.32
6,16,2,0,4,0,206,0.43
6,16,2,0,5,0,255,2.62
6,16,2,0,6,0,318,0.0
6,16,2,0,7,0,648,4.16
6,16,2,0,8,1,1335,3.95
6,16,2,0,9,1,1539,8.91
6,16,2,0,10,1,1258,7.16
6,16,2,0,11,1,743,1.61
6,16,2,0,12,0,345,1.43
6,16,2,0,13,0,243,2.35
6,16,2,0,14,0,248,0.0
6,16,2,0,15,0,297,0.0
6,16,2,0,16,0,612,2.81
6,16,2,0,17,1,1105,2.98
6,16,2,0,18,1,1589,7.43
6,16,2,0,19,1,1356,3.22
6,16,2,0,20,1,1081,7.01
6,16,2,0,21,0,686,3.59
6,16,2,0,22,0,312,2.58
6,16,2,0,23,0,229,0.0
6,17,3,0,0,0,177,0.86
6,17,3,0,1,0,203,0.96
6,17,3,0,2,0,175,0.95
6,17,3,0,3,0,173,2.32
6,17,3,0,4,0,226,0.49
6,17,3,0,5,0,248,0.0
6,17,3,0,6,0,352,2.6
6,17,3,0,7,0,517,1.4
6,17,3,0,8,1,1215,4.57
6,17,3,0,9,1,1677,5.02
6,17,3,0,10,1,1157,1.75
6,17,3,0,11,1,771,2.71
6,17,3,0,12,0,338,1.27
6,17,3,0,13,0,253,1.53
6,17,3,0,14,0,291,1.84
6,17,3,0,15,0,319,0.43
6,17,3,0,16,0,585,0.09
6,17,3,0,17,1,1084,5.51
6,17,3,0,18,1,1433,4.52
6,17,3,0,19,1,1690,4.62
6,17,3,0,20,1,902,1.88
6,17,3,0,21,0,529,2.7
6,17,3,0,22,0,322,0.96
6,17,3,0,23,0,260,0.0
6,18,4,0,0,0,227,3.17
6,18,4,0,1,0,206,1.93
6,18,4,0,2,0,210,2.23
6,18,4,0,3,0,187,0.0
6,18,4,0,4,0,210,0.0
6,18,4,0,5,0,228,0.58
6,18,4,0,6,0,370,0.87
6,18,4,0,7,0,643,2.04
6,18,4,0,8,1,1142,3.17
6,18,4,0,9,1,1308,5.34
6,18,4,0,10,1,1162,6.1
6,18,4,0,11,1,608,1.62
6,18,4,0,12,0,401,0.19
6,18,4,0,13,0,236,0.0
6,18,4,0,14,0,214,3.18
6,18,4,0,15,0,336,1.54
6,18,4,0,16,0,522,2.63
6,18,4,0,17,1,1181,6.45
6,18,4,0,18,1,1588,4.66
6,18,4,0,19,1,1545,7.18
6,18,4,0,20,1,926,2.02
6,18,4,0,21,0,647,3.9
6,18,4,0,22,0,290,2.35
6,18,4,0,23,0,240,2.13
6,19,5,1,0,0,112,1.42
6,19,5,1,1,0,126,0.0
6,19,5,1,2,0,118,0.0
6,19,5,1,3,0,133,0.35
6,19,5,1,4,0,110,0.0
6,19,5,1,5,0,132,1.66
6,19,5,1,6,0,172,3.46
6,19,5,1,7,0,387,2.25
6,19,5,1,8,1,664,2.68
6,19,5,1,9,1,816,4.79
6,19,5,1,10,1,669,3.83
6,19,5,1,11,1,365,1.75
6,19,5,1,12,0,180,2.54
6,19,5,1,13,0,123,0.0
6,19,5,1,14,0,129,0.0
6,19,5,1,15,0,193,0.3
6,19,5,1,16,0,369,0.25
6,19,5,1,17,1,602,1.24
6,19,5,1,18,1,857,3.4
6,19,5,1,19,1,818,5.05
6,19,5,1,20,1,563,3.13
6,19,5,1,21,0,311,1.41
6,19,5,1,22,0,165,0.0
6,19,5,1,23,0,130,3.24
6,20,6,1,0,0,119,2.96
6,20,6,1,1,0,120,0.0
6,20,6,1,2,0,132,1.18
6,20,6,1,3,0,112,1.15
6,20,6,1,4,0,116,0.0
6,20,6,1,5,0,140,2.2
6,20,6,1,6,0,221,1.52
6,20,6,1,7,0,371,2.74
6,20,6,1,8,1,715,5.32
6,20,6,1,9,1,823,3.04
6,20,6,1,10,1,631,3.33
6,20,6,1,11,1,331,2.49
6,20,6,1,12,0,201,1.68
6,20,6,1,13,0,134,2.84
6,20,6,1,14,0,141,0.0
6,20,6,1,15,0,174,0.0
6,20,6,1,16,0,346,0.0
6,20,6,1,17,1,646,4.57
6,20,6,1,18,1,770,2.8
6,20,6,1,19,1,830,4.65
6,20,6,1,20,1,671,0.16
6,20,6,1,21,0,323,0.89
6,20,6,1,22,0,162,0.0
6,20,6,1,23,0,135,0.12
6,21,0,0,0,0,188,5.06
6,21,0,0,1,0,219,1.04
6,21,0,0,2,0,195,1.17
6,21,0,0,3,0,211,0.0
6,21,0,0,4,0,198,1.98
6,21,0,0,5,0,275,1.65
6,21,0,0,6,0,381,1.29
6,21,0,0,7,0,683,4.37
6,21,0,0,8,1,1379,7.47
6,21,0,0,9,1,1374,5.4
6,21,0,0,10,1,1244,4.59
6,21,0,0,11,1,709,4.07
6,21,0,0,12,0,378,4.04
6,21,0,0,13,0,235,0.0
6,21,0,0,14,0,247,3.81
6,21,0,0,15,0,319,2.31
6,21,0,0,16,0,637,2.84
6,21,0,0,17,1,1082,2.94
6,21,0,0,18,1,1232,3.26
6,21,0,0,19,1,1460,7.49
6,21,0,0,20,1,1072,3.51
6,21,0,0,21,0,561,3.23
6,21,0,0,22,0,368,3.07
6,21,0,0,23,0,249,0.0
6,22,1,0,0,0,208,3.75
6,22,1,0,1,0,233,0.0
6,22,1,0,2,0,213,1.4
6,22,1,0,3,0,201,0.0
6,22,1,0,4,0,218,0.0
6,22,1,0,5,0,223,0.36
6,22,1,0,6,0,346,1.37
6,22,1,0,7,0,639,2.23
6,22,1,0,8,1,1046,4.65
6,22,1,0,9,1,1159,4.2
6,22,1,0,10,1,1307,3.64
6,22,1,0,11,1,727,4.64
6,22,1,0,12,0,257,0.8
6,22,1,0,13,0,185,0.56
6,22,1,0,14,0,240,0.0
6,22,1,0,15,0,383,1.96
6,22,1,0,16,0,563,4.45
6,22,1,0,17,1,926,1.86
6,22,1,0,18,1,1230,7.62
6,22,1,0,19,1,1547,7.18
6,22,1,0,20,1,1107,5.29
6,22,1,0,21,0,607,2.83
6,22,1,0,22,0,334,0.42
6,22,1,0,23,0,237,1.36
6,23,2,0,0,0,216,0.0
6,23,2,0,1,0,191,2.39
6,23,2,0,2,0,209,1.71
6,23,2,0,3,0,196,0.0
6,23,2,0,4,0,202,0.47
6,23,2,0,5,0,225,2.84
6,23,2,0,6,0,355,4.19
6,23,2,0,7,0,710,0.0
6,23,2,0,8,1,1320,3.02
6,23,2,0,9,1,1530,4.96
6,23,2,0,10,1,1426,7.86
6,23,2,0,11,1,647,2.4
6,23,2,0,12,0,357,2.72
6,23,2,0,13,0,241,0.0
6,23,2,0,14,0,226,0.9
6,23,2,0,15,0,364,2.1
6,23,2,0,16,0,566,3.24
6,23,2,0,17,1,1047,5.52
6,23,2,0,18,1,1812,6.71
6,23,2,0,19,1,1604,5.3
6,23,2,0,20,1,1071,4.33
6,23,2,0,21,0,594,6.07
6,23,2,0,22,0,323,2.17
6,23,2,0,23,0,201,1.45
6,24,3,0,0,0,234,0.14
6,24,3,0,1,0,171,0.63
6,24,3,0,2,0,214,1.94
6,24,3,0,3,0,249,0.43
6,24,3,0,4,0,202,0.0
6,24,3,0,5,0,242,1.69
6,24,3,0,6,0,335,2.51
6,24,3,0,7,0,714,2.92
6,24,3,0,8,1,1129,3.79
6,24,3,0,9,1,1210,5.19
6,24,3,0,10,1,1220,5.16
6,24,3,0,11,1,716,3.44
6,24,3,0,12,0,347,1.46
6,24,3,0,13,0,214,0.0
6,24,3,0,14,0,241,0.0
6,24,3,0,15,0,354,0.43
6,24,3,0,16,0,614,2.63
6,24,3,0,17,1,1145,5.93
6,24,3,0,18,1,1591,3.2
6,24,3,0,19,1,1651,8.89
6,24,3,0,20,1,1039,4.51
6,24,3,0,21,0,561,0.0
6,24,3,0,22,0,312,0.44
6,24,3,0,23,0,231,0.0
6,25,4,0,0,0,202,0.79
6,25,4,0,1,0,201,1.62
6,25,4,0,2,0,226,4.47
6,25,4,0,3,0,234,1.3
6,25,4,0,4,0,206,1.26
6,25,4,0,5,0,244,0.21
6,25,4,0,6,0,372,0.0
6,25,4,0,7,0,674,3.53
6,25,4,0,8,1,1189,4.45
6,25,4,0,9,1,1485,4.69
6,25,4,0,10,1,1331,3.8
6,25,4,0,11,1,705,3.44
6,25,4,0,12,0,324,1.41
6,25,4,0,13,0,223,2.98
6,25,4,0,14,0,218,0.0
6,25,4,0,15,0,299,0.0
6,25,4,0,16,0,681,3.54
6,25,4,0,17,1,1093,3.39
6,25,4,0,18,1,1617,5.23
6,25,4,0,19,1,1603,5.1
6,25,4,0,20,1,1025,5.24
6,25,4,0,21,0,645,3.48
6,25,4,0,22,0,304,0.55
6,25,4,0,23,0,241,0.0
6,26,5,1,0,0,130,0.0
6,26,5,1,1,0,110,0.0
6,26,5,1,2,0,91,0.0
6,26,5,1,3,0,124,0.54
6,26,5,1,4,0,134,2.85
6,26,5,1,5,0,135,1.01
6,26,5,1,6,0,193,0.0
6,26,5,1,7,0,336,1.5
6,26,5,1,8,1,702,3.24
6,26,5,1,9,1,767,4.47
6,26,5,1,10,1,749,4.4
6,26,5,1,11,1,408,0.79
6,26,5,1,12,0,209,1.05
6,26,5,1,13,0,138,1.1
6,26,5,1,14,0,131,0.0
6,26,5,1,15,0,181,2.2
6,26,5,1,16,0,320,2.62
6,26,5,1,17,1,629,2.07
6,26,5,1,18,1,921,3.15
6,26,5,1,19,1,929,4.37
6,26,5,1,20,1,594,1.04
6,26,5,1,21,0,329,1.01
6,26,5,1,22,0,164,0.33
6,26,5,1,23,0,122,1.37
6,27,6,1,0,0,130,0.0
6,27,6,1,1,0,134,0.34
6,27,6,1,2,0,108,1.57
6,27,6,1,3,0,113,0.33
6,27,6,1,4,0,115,0.0
6,27,6,1,5,0,138,0.12
6,27,6,1,6,0,170,1.51
6,27,6,1,7,0,342,0.0
6,27,6,1,8,1,733,1.14
6,27,6,1,9,1,673,3.63
6,27,6,1,10,1,653,2.29
6,27,6,1,11,1,369,1.82
6,27,6,1,12,0,181,2.94
6,27,6,1,13,0,117,1.14
6,27,6,1,14,0,139,0.0
6,27,6,1,15,0,167,2.19
6,27,6,1,16,0,305,0.31
6,27,6,1,17,1,637,2.6
6,27,6,1,18,1,710,5.46
6,27,6,1,19,1,794,2.57
6,27,6,1,20,1,606,3.36
6,27,6,1,21,0,384,0.0
6,27,6,1,22,0,194,1.89
6,27,6,1,23,0,129,1.7
6,28,0,0,0,0,230,0.0
6,28,0,0,1,0,244,0.0
6,28,0,0,2,0,195,0.39
6,28,0,0,3,0,247,0.53
6,28,0,0,4,0,216,3.01
6,28,0,0,5,0,232,0.0
6,28,0,0,6,0,338,3.41
6,28,0,0,7,0,692,5.66
6,28,0,0,8,1,1289,4.19
6,28,0,0,9,1,1508,4.75
6,28,0,0,10,1,1152,11.33
6,28,0,0,11,1,744,4.27
6,28,0,0,12,0,333,3.69
6,28,0,0,13,0,262,3.87
6,28,0,0,14,0,276,0.0
6,28,0,0,15,0,302,0.0
6,28,0,0,16,0,558,2.72
6,28,0,0,17,1,1032,7.24
6,28,0,0,18,1,1737,6.94
6,28,0,0,19,1,1743,9.2
6,28,0,0,20,1,1042,1.15
6,28,0,0,21,0,593,1.41
6,28,0,0,22,0,337,1.48
6,28,0,0,23,0,239,1.74
6,29,1,0,0,0,193,1.39
6,29,1,0,1,0,207,1.13
6,29,1,0,2,0,231,0.0
6,29,1,0,3,0,209,0.66
6,29,1,0,4,0,208,2.18
6,29,1,0,5,0,224,0.06
6,29,1,0,6,0,330,2.96
6,29,1,0,7,0,661,3.33
6,29,1,0,8,1,1410,5.53
6,29,1,0,9,1,1636,9.05
6,29,1,0,10,1,1317,5.24
6,29,1,0,11,1,723,0.96
6,29,1,0,12,0,328,0.4
6,29,1,0,13,0,284,0.0
6,29,1,0,14,0,224,0.0
6,29,1,0,15,0,346,1.6
6,29,1,0,16,0,656,3.63
6,29,1,0,17,1,962,2.64
6,29,1,0,18,1,1672,6.38
6,29,1,0,19,1,1650,6.38
6,29,1,0,20,1,997,3.53
6,29,1,0,21,0,557,1.38
6,29,1,0,22,0,337,2.12
6,29,1,0,23,0,208,0.81
6,30,2,0,0,0,204,0.0
6,30,2,0,1,0,216,0.04
6,30,2,0,2,0,238,2.73
6,30,2,0,3,0,235,0.2
6,30,2,0,4,0,200,0.92
6,30,2,0,5,0,235,0.03
6,30,2,0,6,0,317,1.21
6,30,2,0,7,0,666,3.7
6,30,2,0,8,1,1282,6.78
6,30,2,0,9,1,1351,6.01
6,30,2,0,10,1,1146,2.75
6,30,2,0,11,1,664,4.26
6,30,2,0,12,0,340,3.71
6,30,2,0,13,0,252,0.42
6,30,2,0,14,0,263,1.72
6,30,2,0,15,0,307,4.02
6,30,2,0,16,0,616,2.49
6,30,2,0,17,1,1007,5.8
6,30,2,0,18,1,1570,7.22
6,30,2,0,19,1,1446,7.04
6,30,2,0,20,1,1160,3.64
6,30,2,0,21,0,535,3.01
6,30,2,0,22,0,290,1.39
6,30,2,0,23,0,229,2.74
6,31,3,0,0,0,207,2.49
6,31,3,0,1,0,205,2.32
6,31,3,0,2,0,250,0.0
6,31,3,0,3,0,219,5.0
6,31,3,0,4,0,218,0.96
6,31,3,0,5,0,253,1.07
6,31,3,0,6,0,302,2.91
6,31,3,0,7,0,578,1.69
6,31,3,0,8,1,1335,4.81
6,31,3,0,9,1,1419,6.99
6,31,3,0,10,1,1134,2.7
6,31,3,0,11,1,703,2.54
6,31,3,0,12,0,315,2.22
6,31,3,0,13,0,250,0.46
6,31,3,0,14,0,235,1.65
6,31,3,0,15,0,363,1.03
6,31,3,0,16,0,635,3.39
6,31,3,0,17,1,1157,4.69
6,31,3,0,18,1,1397,4.89
6,31,3,0,19,1,1549,8.92
6,31,3,0,20,1,1039,5.36
6,31,3,0,21,0,588,2.52
6,31,3,0,22,0,372,2.63
6,31,3,0,23,0,214,0.0
6,32,4,0,0,0,236,1.16
6,32,4,0,1,0,194,0.0
6,32,4,0,2,0,226,2.4
6,32,4,0,3,0,215,4.57
6,32,4,0,4,0,231,0.56
6,32,4,0,5,0,222,0.0
6,32,4,0,6,0,359,0.7
6,32,4,0,7,0,780,5.32
6,32,4,0,8,1,1279,3.35
6,32,4,0,9,1,1421,7.57
6,32,4,0,10,1,1162,6.33
6,32,4,0,11,1,714,2.93
6,32,4,0,12,0,330,1.18
6,32,4,0,13,0,245,2.53
6,32,4,0,14,0,223,0.5
6,32,4,0,15,0,333,2.33
6,32,4,0,16,0,560,0.27
6,32,4,0,17,1,1139,2.28
6,32,4,0,18,1,1662,6.41
6,32,4,0,19,1,1321,4.56
6,32,4,0,20,1,1114,3.66
6,32,4,0,21,0,605,3.53
6,32,4,0,22,0,326,0.0
6,32,4,0,23,0,232,3.05
6,33,5,1,0,0,133,0.0
6,33,5,1,1,0,128,0.89
6,33,5,1,2,0,126,0.0
6,33,5,1,3,0,101,1.28
6,33,5,1,4,0,110,0.0
6,33,5,1,5,0,117,1.37
6,33,5,1,6,0,194,1.95
6,33,5,1,7,0,398,0.96
6,33,5,1,8,1,665,1.89
6,33,5,1,9,1,812,1.8
6,33,5,1,10,1,690,4.37
6,33,5,1,11,1,353,3.33
6,33,5,1,12,0,194,1.14
6,33,5,1,13,0,114,0.0
6,33,5,1,14,0,133,1.72
6,33,5,1,15,0,172,3.19
6,33,5,1,16,0,351,0.04
6,33,5,1,17,1,596,6.1
6,33,5,1,18,1,746,3.78
6,33,5,1,19,1,807,4.29
6,33,5,1,20,1,655,2.04
6,33,5,1,21,0,362,4.78
6,33,5,1,22,0,183,1.91
6,33,5,1,23,0,124,0.52
6,34,6,1,0,0,116,1.66
6,34,6,1,1,0,129,0.35
6,34,6,1,2,0,132,2.82
6,34,6,1,3,0,126,0.0
6,34,6,1,4,0,113,0.0
6,34,6,1,5,0,140,0.0
6,34,6,1,6,0,203,0.0
6,34,6,1,7,0,403,1.64
6,34,6,1,8,1,741,4.68
6,34,6,1,9,1,921,5.88
6,34,6,1,10,1,677,0.97
6,34,6,1,11,1,346,0.0
6,34,6,1,12,0,176,0.81
6,34,6,1,13,0,126,0.23
6,34,6,1,14,0,137,0.09
6,34,6,1,15,0,166,0.58
6,34,6,1,16,0,308,0.83
6,34,6,1,17,1,658,2.23
6,34,6,1,18,1,946,5.93
6,34,6,1,19,1,790,1.49
6,34,6,1,20,1,592,4.1
6,34,6,1,21,0,319,2.64
6,34,6,1,22,0,200,0.0
6,34,6,1,23,0,123,1.56
6,35,0,0,0,0,217,0.0
6,35,0,0,1,0,208,0.73
6,35,0,0,2,0,187,1.9
6,35,0,0,3,0,206,0.0
6,35,0,0,4,0,216,0.0
6,35,0,0,5,0,270,0.2
6,35,0,0,6,0,319,2.04
6,35,0,0,7,0,652,1.44
6,35,0,0,8,1,1267,3.51
6,35,0,0,9,1,1327,7.9
6,35,0,0,10,1,1274,4.7
6,35,0,0,11,1,688,3.51
6,35,0,0,12,0,377,0.37
6,35,0,0,13,0,248,0.23
6,35,0,0,14,0,237,1.19
6,35,0,0,15,0,331,2.43
6,35,0,0,16,0,627,0.25
6,35,0,0,17,1,963,3.3
6,35,0,0,18,1,1728,5.63
6,35,0,0,19,1,1482,5.12
6,35,0,0,20,1,1033,4.4
6,35,0,0,21,0,671,3.37
6,35,0,0,22,0,310,5.37
6,35,0,0,23,0,239,0.09
6,36,1,0,0,0,238,0.25
6,36,1,0,1,0,243,0.0
6,36,1,0,2,0,239,1.26
6,36,1,0,3,0,236,3.8
6,36,1,0,4,0,197,2.7
6,36,1,0,5,0,211,0.0
6,36,1,0,6,0,327,2.06
6,36,1,0,7,0,690,2.51
6,36,1,0,8,1,1231,5.81
6,36,1,0,9,1,1582,7.97
6,36,1,0,10,1,1394,5.54
6,36,1,0,11,1,659,3.56
6,36,1,0,12,0,318,0.25
6,36,1,0,13,0,260,0.85
6,36,1,0,14,0,217,0.0
6,36,1,0,15,0,333,3.04
6,36,1,0,16,0,658,2.8
6,36,1,0,17,1,1255,4.86
6,36,1,0,18,1,1491,2.11
6,36,1,0,19,1,1453,7.09
6,36,1,0,20,1,1216,3.62
6,36,1,0,21,0,626,4.07
6,36,1,0,22,0,332,0.0
6,36,1,0,23,0,243,2.11
6,37,2,0,0,0,198,0.41
6,37,2,0,1,0,194,0.0
6,37,2,0,2,0,232,0.92
6,37,2,0,3,0,242,2.25
6,37,2,0,4,0,210,0.72
6,37,2,0,5,0,249,2.45
6,37,2,0,6,0,359,3.09
6,37,2,0,7,0,672,1.19
6,37,2,0,8,1,1211,5.15
6,37,2,0,9,1,1358,3.43
6,37,2,0,10,1,1261,4.43
6,37,2,0,11,1,679,2.18
6,37,2,0,12,0,393,3.46
6,37,2,0,13,0,217,0.07
6,37,2,0,14,0,257,1.93
6,37,2,0,15,0,331,0.0
6,37,2,0,16,0,571,1.51
6,37,2,0,17,1,1105,6.98
6,37,2,0,18,1,1424,4.16
6,37,2,0,19,1,1494,7.52
6,37,2,0,20,1,956,6.0
6,37,2,0,21,0,595,1.28
6,37,2,0,22,0,289,2.22
6,37,2,0,23,0,235,1.2
6,38,3,0,0,0,199,0.32
6,38,3,0,1,0,206,0.67
6,38,3,0,2,0,203,0.0
6,38,3,0,3,0,261,0.0
6,38,3,0,4,0,220,0.0
6,38,3,0,5,0,200,0.95
6,38,3,0,6,0,355,3.31
6,38,3,0,7,0,710,2.62
6,38,3,0,8,1,1125,6.75
6,38,3,0,9,1,1614,4.59
6,38,3,0,10,1,1221,5.1
6,38,3,0,11,1,669,3.83
6,38,3,0,12,0,374,1.21
6,38,3,0,13,0,236,3.19
6,38,3,0,14,0,258,1.14
6,38,3,0,15,0,288,1.67
6,38,3,0,16,0,637,0.0
6,38,3,0,17,1,1103,3.79
6,38,3,0,18,1,1481,4.56
6,38,3,0,19,1,1489,8.04
6,38,3,0,20,1,1042,5.62
6,38,3,0,21,0,565,3.4
6,38,3,0,22,0,331,1.85
6,38,3,0,23,0,238,1.91
6,39,4,0,0,0,170,0.0
6,39,4,0,1,0,221,0.0
6,39,4,0,2,0,205,0.74
6,39,4,0,3,0,200,0.0
6,39,4,0,4,0,221,2.4
6,39,4,0,5,0,219,0.01
6,39,4,0,6,0,329,0.0
6,39,4,0,7,0,696,4.19
6,39,4,0,8,1,1316,3.96
6,39,4,0,9,1,1352,5.44
6,39,4,0,10,1,1298,5.42
6,39,4,0,11,1,704,4.53
6,39,4,0,12,0,329,0.99
6,39,4,0,13,0,273,0.8
6,39,4,0,14,0,216,0.0
6,39,4,0,15,0,307,1.76
6,39,4,0,16,0,560,2.65
6,39,4,0,17,1,1017,0.88
6,39,4,0,18,1,1544,6.4
6,39,4,0,19,1,1570,5.27
6,39,4,0,20,1,1013,4.65
6,39,4,0,21,0,677,2.72
6,39,4,0,22,0,343,0.89
6,39,4,0,23,0,208,2.28
6,40,5,1,0,0,126,1.57
6,40,5,1,1,0,116,1.36
6,40,5,1,2,0,126,2.93
6,40,5,1,3,0,127,0.6
6,40,5,1,4,0,106,0.66
6,40,5,1,5,0,133,1.6
6,40,5,1,6,0,213,0.71
6,40,5,1,7,0,442,0.0
6,40,5,1,8,1,692,1.57
6,40,5,1,9,1,700,2.5
6,40,5,1,10,1,591,2.12
6,40,5,1,11,1,379,3.19
6,40,5,1,12,0,169,2.04
6,40,5,1,13,0,133,2.08
6,40,5,1,14,0,127,0.0
6,40,5,1,15,0,164,0.0
6,40,5,1,16,0,344,3.59
6,40,5,1,17,1,567,3.21
6,40,5,1,18,1,728,3.18
6,40,5,1,19,1,873,1.32
6,40,5,1,20,1,585,3.41
6,40,5,1,21,0,254,3.02
6,40,5,1,22,0,187,1.82
6,40,5,1,23,0,126,0.0
6,41,6,1,0,0,123,0.37
6,41,6,1,1,0,118,2.1
6,41,6,1,2,0,125,3.38
6,41,6,1,3,0,119,0.0
6,41,6,1,4,0,117,1.09
6,41,6,1,5,0,141,0.0
6,41,6,1,6,0,192,3.18
6,41,6,1,7,0,371,2.88
6,41,6,1,8,1,696,4.22
6,41,6,1,9,1,772,1.88
6,41,6,1,10,1,670,0.38
6,41,6,1,11,1,370,1.86
6,41,6,1,12,0,220,1.48
6,41,6,1,13,0,139,2.3
6,41,6,1,14,0,122,0.24
6,41,6,1,15,0,218,0.75
6,41,6,1,16,0,361,2.89
6,41,6,1,17,1,524,2.56
6,41,6,1,18,1,838,3.85
6,41,6,1,19,1,779,1.44
6,41,6,1,20,1,572,2.14
6,41,6,1,21,0,363,4.18
6,41,6,1,22,0,202,2.1
6,41,6,1,23,0,120,0.0
6,42,0,0,0,0,218,0.0
6,42,0,0,1,0,224,1.98
6,42,0,0,2,0,223,2.43
6,42,0,0,3,0,199,2.2
6,42,0,0,4,0,205,0.0
6,42,0,0,5,0,248,2.82
6,42,0,0,6,0,364,1.49
6,42,0,0,7,0,705,3.02
6,42,0,0,8,1,1107,2.56
6,42,0,0,9,1,1493,6.09
6,42,0,0,10,1,1218,5.89
6,42,0,0,11,1,676,3.55
6,42,0,0,12,0,346,4.12
6,42,0,0,13,0,242,4.48
6,42,0,0,14,0,247,0.67
6,42,0,0,15,0,308,0.0
6,42,0,0,16,0,556,0.9
6,42,0,0,17,1,1115,3.67
6,42,0,0,18,1,1530,8.04
6,42,0,0,19,1,1497,9.11
6,42,0,0,20,1,979,3.69
6,42,0,0,21,0,578,3.72
6,42,0,0,22,0,272,0.0
6,42,0,0,23,0,236,3.27
6,43,1,0,0,0,218,0.0
6,43,1,0,1,0,194,3.29
6,43,1,0,2,0,203,0.0
6,43,1,0,3,0,240,2.48
6,43,1,0,4,0,239,0.0
6,43,1,0,5,0,209,1.04
6,43,1,0,6,0,359,1.98
6,43,1,0,7,0,769,0.48
6,43,1,0,8,1,1301,3.56
6,43,1,0,9,1,1605,5.71
6,43,1,0,10,1,1138,3.64
6,43,1,0,11,1,608,2.49
6,43,1,0,12,0,328,2.49
6,43,1,0,13,0,253,3.54
6,43,1,0,14,0,247,1.77
6,43,1,0,15,0,369,0.53
6,43,1,0,16,0,532,2.43
6,43,1,0,17,1,958,7.51
6,43,1,0,18,1,1683,9.98
6,43,1,0,19,1,1515,6.89
6,43,1,0,20,1,1041,5.49
6,43,1,0,21,0,545,0.0
6,43,1,0,22,0,310,0.0
6,43,1,0,23,0,266,3.79
6,44,2,0,0,0,190,2.7
6,44,2,0,1,0,230,0.0
6,44,2,0,2,0,207,0.0
6,44,2,0,3,0,227,0.0
6,44,2,0,4,0,215,0.0
6,44,2,0,5,0,247,0.66
6,44,2,0,6,0,335,1.02
6,44,2,0,7,0,800,2.57
6,44,2,0,8,1,1116,5.34
6,44,2,0,9,1,1485,3.82
6,44,2,0,10,1,1434,5.21
6,44,2,0,11,1,667,2.91
6,44,2,0,12,0,399,0.0
6,44,2,0,13,0,246,4.11
6,44,2,0,14,0,243,0.0
6,44,2,0,15,0,315,1.57
6,44,2,0,16,0,668,2.16
6,44,2,0,17,1,1152,2.45
6,44,2,0,18,1,1333,4.61
6,44,2,0,19,1,1681,6.83
6,44,2,0,20,1,1106,4.84
6,44,2,0,21,0,657,1.71
6,44,2,0,22,0,350,0.15
6,44,2,0,23,0,276,0.0
6,45,3,0,0,0,199,1.62
6,45,3,0,1,0,216,1.35
6,45,3,0,2,0,218,0.0
6,45,3,0,3,0,242,2.31
6,45,3,0,4,0,240,0.17
6,45,3,0,5,0,246,1.28
6,45,3,0,6,0,381,3.26
6,45,3,0,7,0,699,0.52
6,45,3,0,8,1,1390,6.39
6,45,3,0,9,1,1429,6.33
6,45,3,0,10,1,1070,5.86
6,45,3,0,11,1,607,2.1
6,45,3,0,12,0,357,2.99
6,45,3,0,13,0,243,1.92
6,45,3,0,14,0,240,0.91
6,45,3,0,15,0,334,1.05
6,45,3,0,16,0,522,0.94
6,45,3,0,17,1,1102,4.03
6,45,3,0,18,1,1488,5.47
6,45,3,0,19,1,1403,4.87
6,45,3,0,20,1,1054,4.22
6,45,3,0,21,0,623,2.22
6,45,3,0,22,0,304,0.0
6,45,3,0,23,0,287,0.0
6,46,4,0,0,0,205,1.6
6,46,4,0,1,0,220,1.66
6,46,4,0,2,0,207,1.19
6,46,4,0,3,0,215,0.39
6,46,4,0,4,0,221,2.47
6,46,4,0,5,0,237,0.92
6,46,4,0,6,0,380,2.96
6,46,4,0,7,0,775,0.47
6,46,4,0,8,1,1305,6.12
6,46,4,0,9,1,1396,5.96
6,46,4,0,10,1,1320,4.04
6,46,4,0,11,1,712,4.16
6,46,4,0,12,0,320,1.07
6,46,4,0,13,0,247,0.0
6,46,4,0,14,0,223,0.69
6,46,4,0,15,0,353,2.38
6,46,4,0,16,0,562,3.23
6,46,4,0,17,1,1009,1.62
6,46,4,0,18,1,1463,7.54
6,46,4,0,19,1,1586,6.34
6,46,4,0,20,1,1045,3.6
6,46,4,0,21,0,609,0.83
6,46,4,0,22,0,322,0.96
6,46,4,0,23,0,212,0.0
6,47,5,1,0,0,121,0.5
6,47,5,1,1,0,115,0.0
6,47,5,1,2,0,132,0.0
6,47,5,1,3,0,120,0.0
6,47,5,1,4,0,119,1.16
6,47,5,1,5,0,116,0.45
6,47,5,1,6,0,211,3.49
6,47,5,1,7,0,374,1.56
6,47,5,1,8,1,788,4.85
6,47,5,1,9,1,785,2.21
6,47,5,1,10,1,720,1.36
6,47,5,1,11,1,411,2.15
6,47,5,1,12,0,200,0.41
6,47,5,1,13,0,126,2.7
6,47,5,1,14,0,129,0.0
6,47,5,1,15,0,181,1.01
6,47,5,1,16,0,304,0.37
6,47,5,1,17,1,565,3.53
6,47,5,1,18,1,770,0.45
6,47,5,1,19,1,698,0.59
6,47,5,1,20,1,659,2.66
6,47,5,1,21,0,345,2.18
6,47,5,1,22,0,183,0.62
6,47,5,1,23,0,142,0.79
6,48,6,1,0,0,131,1.46
6,48,6,1,1,0,112,0.0
6,48,6,1,2,0,111,2.27
6,48,6,1,3,0,114,0.0
6,48,6,1,4,0,122,0.34
6,48,6,1,5,0,134,3.37
6,48,6,1,6,0,206,0.86
6,48,6,1,7,0,335,0.59
6,48,6,1,8,1,707,1.07
6,48,6,1,9,1,967,3.89
6,48,6,1,10,1,672,1.69
6,48,6,1,11,1,393,0.0
6,48,6,1,12,0,226,2.88
6,48,6,1,13,0,143,0.0
6,48,6,1,14,0,134,2.35
6,48,6,1,15,0,191,0.0
6,48,6,1,16,0,314,0.58
6,48,6,1,17,1,566,4.56
6,48,6,1,18,1,701,3.79
6,48,6,1,19,1,743,1.53
6,48,6,1,20,1,499,1.17
6,48,6,1,21,0,372,1.89
6,48,6,1,22,0,165,2.19
6,48,6,1,23,0,143,0.73
6,49,0,0,0,0,249,2.23
6,49,0,0,1,0,226,0.0
6,49,0,0,2,0,225,1.23
6,49,0,0,3,0,223,0.0
6,49,0,0,4,0,219,0.0
6,49,0,0,5,0,197,2.29
6,49,0,0,6,0,308,1.39
6,49,0,0,7,0,706,3.31
6,49,0,0,8,1,1190,5.17
6,49,0,0,9,1,1559,7.34
6,49,0,0,10,1,1386,5.9
6,49,0,0,11,1,691,1.4
6,49,0,0,12,0,362,2.45
6,49,0,0,13,0,237,1.76
6,49,0,0,14,0,235,1.95
6,49,0,0,15,0,356,2.77
6,49,0,0,16,0,609,0.88
6,49,0,0,17,1,1028,5.0
6,49,0,0,18,1,1803,6.7
6,49,0,0,19,1,1562,5.41
6,49,0,0,20,1,997,2.97
6,49,0,0,21,0,503,4.04
6,49,0,0,22,0,272,0.69
6,49,0,0,23,0,215,0.0
6,50,1,0,0,0,238,1.25
6,50,1,0,1,0,198,0.0
6,50,1,0,2,0,201,0.74
6,50,1,0,3,0,217,3.71
6,50,1,0,4,0,183,0.68
6,50,1,0,5,0,232,2.35
6,50,1,0,6,0,360,2.33
6,50,1,0,7,0,707,1.43
6,50,1,0,8,1,1335,6.54
6,50,1,0,9,1,1612,8.34
6,50,1,0,10,1,1258,7.25
6,50,1,0,11,1,709,2.51
6,50,1,0,12,0,350,1.36
6,50,1,0,13,0,231,3.37
6,50,1,0,14,0,246,1.13
6,50,1,0,15,0,342,5.84
6,50,1,0,16,0,549,0.93
6,50,1,0,17,1,961,3.5
6,50,1,0,18,1,1537,5.45
6,50,1,0,19,1,1442,5.98
6,50,1,0,20,1,1037,4.61
6,50,1,0,21,0,657,3.64
6,50,1,0,22,0,355,3.05
6,50,1,0,23,0,243,0.73
6,51,2,0,0,0,201,0.22
6,51,2,0,1,0,205,1.92
6,51,2,0,2,0,220,1.93
6,51,2,0,3,0,194,2.92
6,51,2,0,4,0,209,0.0
6,51,2,0,5,0,229,4.64
6,51,2,0,6,0,339,0.87
6,51,2,0,7,0,677,2.49
6,51,2,0,8,1,1141,4.78
6,51,2,0,9,1,1631,7.0
6,51,2,0,10,1,1109,3.92
6,51,2,0,11,1,658,2.71
6,51,2,0,12,0,387,1.32
6,51,2,0,13,0,239,3.62
6,51,2,0,14,0,257,1.89
6,51,2,0,15,0,384,2.27
6,51,2,0,16,0,508,3.28
6,51,2,0,17,1,943,4.45
6,51,2,0,18,1,1301,4.5
6,51,2,0,19,1,1463,4.7
6,51,2,0,20,1,1051,5.75
6,51,2,0,21,0,569,3.09
6,51,2,0,22,0,306,0.94
6,51,2,0,23,0,244,0.0
6,52,3,0,0,0,192,1.51
6,52,3,0,1,0,233,0.81
6,52,3,0,2,0,206,1.06
6,52,3,0,3,0,215,1.22
6,52,3,0,4,0,173,0.0
6,52,3,0,5,0,222,1.11
6,52,3,0,6,0,355,2.37
6,52,3,0,7,0,702,0.86
6,52,3,0,8,1,1358,7.34
6,52,3,0,9,1,1351,5.9
6,52,3,0,10,1,1159,4.84
6,52,3,0,11,1,746,6.18
6,52,3,0,12,0,371,1.93
6,52,3,0,13,0,234,1.21
6,52,3,0,14,0,267,1.0
6,52,3,0,15,0,308,0.0
6,52,3,0,16,0,628,2.88
6,52,3,0,17,1,1025,5.64
6,52,3,0,18,1,1456,5.62
6,52,3,0,19,1,1505,5.49
6,52,3,0,20,1,1101,6.13
6,52,3,0,21,0,548,2.92
6,52,3,0,22,0,336,1.57
6,52,3,0,23,0,254,1.09
6,53,4,0,0,0,222,1.96
6,53,4,0,1,0,205,1.27
6,53,4,0,2,0,210,0.64
6,53,4,0,3,0,209,1.54
6,53,4,0,4,0,218,1.46
6,53,4,0,5,0,237,0.0
6,53,4,0,6,0,351,1.5
6,53,4,0,7,0,701,1.91
6,53,4,0,8,1,1101,5.34
6,53,4,0,9,1,1469,6.13
6,53,4,0,10,1,1190,4.75
6,53,4,0,11,1,663,1.2
6,53,4,0,12,0,363,0.55
6,53,4,0,13,0,244,1.59
6,53,4,0,14,0,229,0.0
6,53,4,0,15,0,396,0.79
6,53,4,0,16,0,634,5.45
6,53,4,0,17,1,1149,4.15
6,53,4,0,18,1,1499,4.75
6,53,4,0,19,1,1614,7.31
6,53,4,0,20,1,1036,2.58
6,53,4,0,21,0,540,3.64
6,53,4,0,22,0,335,1.66
6,53,4,0,23,0,222,0.0
6,54,5,1,0,0,127,0.57
6,54,5,1,1,0,126,0.0
6,54,5,1,2,0,115,1.53
6,54,5,1,3,0,125,1.7
6,54,5,1,4,0,116,1.39
6,54,5,1,5,0,142,0.41
6,54,5,1,6,0,184,2.75
6,54,5,1,7,0,358,2.38
6,54,5,1,8,1,666,0.0
6,54,5,1,9,1,900,0.0
6,54,5,1,10,1,563,3.04
6,54,5,1,11,1,394,0.62
6,54,5,1,12,0,195,0.0
6,54,5,1,13,0,140,0.93
6,54,5,1,14,0,131,0.56
6,54,5,1,15,0,189,0.71
6,54,5,1,16,0,282,4.42
6,54,5,1,17,1,651,0.68
6,54,5,1,18,1,806,2.87
6,54,5,1,19,1,900,0.36
6,54,5,1,20,1,571,0.0
6,54,5,1,21,0,324,0.59
6,54,5,1,22,0,183,0.0
6,54,5,1,23,0,123,1.42
6,55,6,1,0,0,122,1.32
6,55,6,1,1,0,116,0.0
6,55,6,1,2,0,116,1.22
6,55,6,1,3,0,97,0.98
6,55,6,1,4,0,122,0.58
6,55,6,1,5,0,129,0.0
6,55,6,1,6,0,185,3.42
6,55,6,1,7,0,379,1.06
6,55,6,1,8,1,670,3.21
6,55,6,1,9,1,869,3.13
6,55,6,1,10,1,692,5.28
6,55,6,1,11,1,409,5.15
6,55,6,1,12,0,182,3.24
6,55,6,1,13,0,124,1.03
6,55,6,1,14,0,140,0.0
6,55,6,1,15,0,183,2.1
6,55,6,1,16,0,313,3.76
6,55,6,1,17,1,528,5.02
6,55,6,1,18,1,895,3.45
6,55,6,1,19,1,802,2.45
6,55,6,1,20,1,588,2.28
6,55,6,1,21,0,365,4.41
6,55,6,1,22,0,185,0.0
6,55,6,1,23,0,125,0.23
6,56,0,0,0,0,196,0.0
6,56,0,0,1,0,250,1.45
6,56,0,0,2,0,200,2.02
6,56,0,0,3,0,194,0.0
6,56,0,0,4,0,203,3.29
6,56,0,0,5,0,233,0.0
6,56,0,0,6,0,384,1.08
6,56,0,0,7,0,586,1.87
6,56,0,0,8,1,1268,5.68
6,56,0,0,9,1,1718,5.59
6,56,0,0,10,1,1222,3.84
6,56,0,0,11,1,603,3.74
6,56,0,0,12,0,363,1.88
6,56,0,0,13,0,249,0.0
6,56,0,0,14,0,221,0.94
6,56,0,0,15,0,362,3.86
6,56,0,0,16,0,642,2.61
6,56,0,0,17,1,1104,4.43
6,56,0,0,18,1,1383,5.57
6,56,0,0,19,1,1346,5.2
6,56,0,0,20,1,1222,6.12
6,56,0,0,21,0,559,2.13
6,56,0,0,22,0,309,1.14
6,56,0,0,23,0,258,2.01
6,57,1,0,0,0,257,2.82
6,57,1,0,1,0,218,1.89
6,57,1,0,2,0,211,0.0
6,57,1,0,3,0,237,2.46
6,57,1,0,4,0,212,1.26
6,57,1,0,5,0,261,2.31
6,57,1,0,6,0,309,1.6
6,57,1,0,7,0,679,4.39
6,57,1,0,8,1,1318,7.25
6,57,1,0,9,1,1368,4.3
6,57,1,0,10,1,1326,4.42
6,57,1,0,11,1,604,3.21
6,57,1,0,12,0,335,4.02
6,57,1,0,13,0,247,1.23
6,57,1,0,14,0,233,3.32
6,57,1,0,15,0,341,0.75
6,57,1,0,16,0,565,2.15
6,57,1,0,17,1,996,5.53
6,57,1,0,18,1,1289,4.95
6,57,1,0,19,1,1581,6.84
6,57,1,0,20,1,1019,5.07
6,57,1,0,21,0,561,2.21
6,57,1,0,22,0,349,2.09
6,57,1,0,23,0,225,2.7
6,58,2,0,0,0,216,1.98
6,58,2,0,1,0,240,2.64
6,58,2,0,2,0,233,1.22
6,58,2,0,3,0,228,1.23
6,58,2,0,4,0,196,1.24
6,58,2,0,5,0,243,1.85
6,58,2,0,6,0,346,0.24
6,58,2,0,7,0,724,0.93
6,58,2,0,8,1,1359,5.09
6,58,2,0,9,1,1531,6.96
6,58,2,0,10,1,1275,2.99
6,58,2,0,11,1,733,3.39
6,58,2,0,12,0,332,0.2
6,58,2,0,13,0,234,0.0
6,58,2,0,14,0,273,3.32
6,58,2,0,15,0,344,1.04
6,58,2,0,16,0,594,3.51
6,58,2,0,17,1,1233,4.08
6,58,2,0,18,1,1372,7.81
6,58,2,0,19,1,1292,3.66
6,58,2,0,20,1,1060,1.9
6,58,2,0,21,0,657,3.91
6,58,2,0,22,0,316,3.18
6,58,2,0,23,0,265,0.89
6,59,3,0,0,0,206,4.21
6,59,3,0,1,0,227,1.29
6,59,3,0,2,0,238,1.4
6,59,3,0,3,0,206,0.94
6,59,3,0,4,0,235,0.0
6,59,3,0,5,0,232,3.0
6,59,3,0,6,0,336,3.66
6,59,3,0,7,0,766,2.97
6,59,3,0,8,1,1162,4.22
6,59,3,0,9,1,1822,10.1
6,59,3,0,10,1,1229,4.0
6,59,3,0,11,1,694,3.14
6,59,3,0,12,0,315,1.38
6,59,3,0,13,0,266,0.0
6,59,3,0,14,0,256,3.09
6,59,3,0,15,0,317,3.81
6,59,3,0,16,0,570,2.94
6,59,3,0,17,1,1054,3.76
6,59,3,0,18,1,1433,6.78
6,59,3,0,19,1,1610,6.34
6,59,3,0,20,1,963,4.46
6,59,3,0,21,0,624,2.17
6,59,3,0,22,0,381,0.0
6,59,3,0,23,0,196,0.0
7,0,0,0,0,0,142,2.02
7,0,0,0,1,0,139,0.0
7,0,0,0,2,0,125,0.0
7,0,0,0,3,0,126,1.08
7,0,0,0,4,0,122,0.0
7,0,0,0,5,0,158,0.36
7,0,0,0,6,0,225,0.44
7,0,0,0,7,0,435,5.23
7,0,0,0,8,1,670,1.51
7,0,0,0,9,1,845,6.54
7,0,0,0,10,1,737,4.28
7,0,0,0,11,1,329,1.88
7,0,0,0,12,0,206,2.91
7,0,0,0,13,0,154,0.0
7,0,0,0,14,0,164,3.16
7,0,0,0,15,0,225,2.04
7,0,0,0,16,0,358,1.78
7,0,0,0,17,1,634,2.87
7,0,0,0,18,1,871,3.23
7,0,0,0,19,1,1071,4.75
7,0,0,0,20,1,633,0.88
7,0,0,0,21,0,363,2.57
7,0,0,0,22,0,203,0.73
7,0,0,0,23,0,149,1.19
7,1,1,0,0,0,137,1.65
7,1,1,0,1,0,129,0.31
7,1,1,0,2,0,130,1.36
7,1,1,0,3,0,141,0.06
7,1,1,0,4,0,129,0.0
7,1,1,0,5,0,127,0.0
7,1,1,0,6,0,195,0.0
7,1,1,0,7,0,432,0.12
7,1,1,0,8,1,739,4.21
7,1,1,0,9,1,850,2.66
7,1,1,0,10,1,660,1.21
7,1,1,0,11,1,463,2.61
7,1,1,0,12,0,249,0.0
7,1,1,0,13,0,164,0.0
7,1,1,0,14,0,140,4.64
7,1,1,0,15,0,187,3.13
7,1,1,0,16,0,365,0.0
7,1,1,0,17,1,580,2.48
7,1,1,0,18,1,832,2.88
7,1,1,0,19,1,775,3.63
7,1,1,0,20,1,574,2.21
7,1,1,0,21,0,325,3.14
7,1,1,0,22,0,167,0.24
7,1,1,0,23,0,151,1.14
7,2,2,0,0,0,117,0.0
7,2,2,0,1,0,138,0.37
7,2,2,0,2,0,119,1.7
7,2,2,0,3,0,124,0.0
7,2,2,0,4,0,122,0.0
7,2,2,0,5,0,135,1.03
7,2,2,0,6,0,238,0.0
7,2,2,0,7,0,406,1.38
7,2,2,0,8,1,765,4.54
7,2,2,0,9,1,899,2.64
7,2,2,0,10,1,772,0.63
7,2,2,0,11,1,345,5.27
7,2,2,0,12,0,198,0.17
7,2,2,0,13,0,152,1.13
7,2,2,0,14,0,156,2.03
7,2,2,0,15,0,178,2.62
7,2,2,0,16,0,381,2.09
7,2,2,0,17,1,678,0.0
7,2,2,0,18,1,899,2.15
7,2,2,0,19,1,833,2.6
7,2,2,0,20,1,699,3.23
7,2,2,0,21,0,379,0.85
7,2,2,0,22,0,207,0.53
7,2,2,0,23,0,155,1.66
7,3,3,0,0,0,131,0.0
7,3,3,0,1,0,133,0.9
7,3,3,0,2,0,131,0.0
7,3,3,0,3,0,123,0.98
7,3,3,0,4,0,122,0.11
7,3,3,0,5,0,151,1.27
7,3,3,0,6,0,192,1.22
7,3,3,0,7,0,485,2.95
7,3,3,0,8,1,722,4.85
7,3,3,0,9,1,1071,5.58
7,3,3,0,10,1,636,3.47
7,3,3,0,11,1,462,0.0
7,3,3,0,12,0,228,0.61
7,3,3,0,13,0,161,0.54
7,3,3,0,14,0,150,1.14
7,3,3,0,15,0,212,1.52
7,3,3,0,16,0,340,0.97
7,3,3,0,17,1,655,4.47
7,3,3,0,18,1,949,2.81
7,3,3,0,19,1,847,4.37
7,3,3,0,20,1,631,3.65
7,3,3,0,21,0,364,3.65
7,3,3,0,22,0,189,2.91
7,3,3,0,23,0,155,0.0
7,4,4,0,0,0,121,3.38
7,4,4,0,1,0,120,0.94
7,4,4,0,2,0,133,0.55
7,4,4,0,3,0,138,0.0
7,4,4,0,4,0,152,0.0
7,4,4,0,5,0,142,0.0
7,4,4,0,6,0,230,3.75
7,4,4,0,7,0,484,3.64
7,4,4,0,8,1,716,2.87
7,4,4,0,9,1,887,1.73
7,4,4,0,10,1,721,4.25
7,4,4,0,11,1,388,0.0
7,4,4,0,12,0,191,1.99
7,4,4,0,13,0,126,0.0
7,4,4,0,14,0,141,0.95
7,4,4,0,15,0,205,1.42
7,4,4,0,16,0,362,0.03
7,4,4,0,17,1,703,0.17
7,4,4,0,18,1,971,5.6
7,4,4,0,19,1,1085,3.21
7,4,4,0,20,1,626,2.58
7,4,4,0,21,0,365,2.71
7,4,4,0,22,0,209,0.31
7,4,4,0,23,0,143,1.97
7,5,5,1,0,0,64,0.0
7,5,5,1,1,0,74,0.0
7,5,5,1,2,0,51,2.37
7,5,5,1,3,0,71,0.0
7,5,5,1,4,0,77,0.0
7,5,5,1,5,0,72,0.84
7,5,5,1,6,0,117,0.0
7,5,5,1,7,0,215,0.0
7,5,5,1,8,1,430,0.0
7,5,5,1,9,1,469,2.03
7,5,5,1,10,1,453,2.01
7,5,5,1,11,1,240,1.11
7,5,5,1,12,0,125,3.41
7,5,5,1,13,0,77,0.33
7,5,5,1,14,0,81,1.12
7,5,5,1,15,0,111,0.0
7,5,5,1,16,0,201,4.45
7,5,5,1,17,1,369,0.0
7,5,5,1,18,1,487,1.97
7,5,5,1,19,1,497,1.89
7,5,5,1,20,1,369,2.24
7,5,5,1,21,0,205,2.25
7,5,5,1,22,0,97,0.01
7,5,5,1,23,0,82,0.71
7,6,6,1,0,0,67,0.0
7,6,6,1,1,0,66,1.73
7,6,6,1,2,0,60,0.0
7,6,6,1,3,0,74,1.11
7,6,6,1,4,0,63,1.19
7,6,6,1,5,0,80,1.09
7,6,6,1,6,0,117,1.11
7,6,6,1,7,0,238,1.66
7,6,6,1,8,1,414,1.53
7,6,6,1,9,1,498,2.34
7,6,6,1,10,1,433,4.68
7,6,6,1,11,1,239,1.52
7,6,6,1,12,0,128,1.11
7,6,6,1,13,0,73,0.0
7,6,6,1,14,0,92,0.0
7,6,6,1,15,0,115,0.0
7,6,6,1,16,0,222,0.2
7,6,6,1,17,1,363,1.11
7,6,6,1,18,1,523,2.35
7,6,6,1,19,1,539,3.14
7,6,6,1,20,1,368,2.45
7,6,6,1,21,0,212,0.25
7,6,6,1,22,0,106,2.75
7,6,6,1,23,0,83,0.94
7,7,0,0,0,0,121,0.0
7,7,0,0,1,0,127,0.0
7,7,0,0,2,0,126,1.78
7,7,0,0,3,0,146,2.25
7,7,0,0,4,0,125,1.31
7,7,0,0,5,0,138,0.0
7,7,0,0,6,0,211,2.74
7,7,0,0,7,0,406,2.87
7,7,0,0,8,1,699,3.83
7,7,0,0,9,1,893,5.86
7,7,0,0,10,1,720,2.07
7,7,0,0,11,1,466,1.0
7,7,0,0,12,0,216,0.01
7,7,0,0,13,0,157,2.57
7,7,0,0,14,0,138,1.37
7,7,0,0,15,0,211,1.03
7,7,0,0,16,0,411,3.92
7,7,0,0,17,1,611,4.26
7,7,0,0,18,1,951,4.17
7,7,0,0,19,1,897,1.36
7,7,0,0,20,1,670,3.14
7,7,0,0,21,0,424,0.68
7,7,0,0,22,0,175,0.0
7,7,0,0,23,0,162,0.0
7,8,1,0,0,0,144,0.59
7,8,1,0,1,0,120,3.48
7,8,1,0,2,0,143,0.3
7,8,1,0,3,0,140,0.74
7,8,1,0,4,0,136,3.19
7,8,1,0,5,0,126,0.0
7,8,1,0,6,0,213,1.35
7,8,1,0,7,0,375,2.88
7,8,1,0,8,1,670,0.81
7,8,1,0,9,1,893,6.42
7,8,1,0,10,1,888,4.28
7,8,1,0,11,1,409,1.87
7,8,1,0,12,0,218,3.07
7,8,1,0,13,0,132,2.32
7,8,1,0,14,0,129,0.0
7,8,1,0,15,0,201,1.42
7,8,1,0,16,0,366,1.73
7,8,1,0,17,1,658,0.35
7,8,1,0,18,1,956,5.04
7,8,1,0,19,1,1012,6.82
7,8,1,0,20,1,677,4.83
7,8,1,0,21,0,366,0.0
7,8,1,0,22,0,216,1.97
7,8,1,0,23,0,144,0.48
7,9,2,0,0,0,135,0.03
7,9,2,0,1,0,134,0.0
7,9,2,0,2,0,121,0.0
7,9,2,0,3,0,153,0.72
7,9,2,0,4,0,144,0.0
7,9,2,0,5,0,142,1.4
7,9,2,0,6,0,237,0.04
7,9,2,0,7,0,404,0.43
7,9,2,0,8,1,731,1.39
7,9,2,0,9,1,806,3.61
7,9,2,0,10,1,778,1.4
7,9,2,0,11,1,395,1.43
7,9,2,0,12,0,241,0.0
7,9,2,0,13,0,151,1.62
7,9,2,0,14,0,137,0.02
7,9,2,0,15,0,206,0.78
7,9,2,0,16,0,416,1.82
7,9,2,0,17,1,701,3.48
7,9,2,0,18,1,965,2.69
7,9,2,0,19,1,929,3.62
7,9,2,0,20,1,618,3.86
7,9,2,0,21,0,307,3.25
7,9,2,0,22,0,165,0.43
7,9,2,0,23,0,155,0.0
7,10,3,0,0,0,134,1.01
7,10,3,0,1,0,133,0.01
7,10,3,0,2,0,125,0.0
7,10,3,0,3,0,129,1.89
7,10,3,0,4,0,126,0.0
7,10,3,0,5,0,162,0.4
7,10,3,0,6,0,218,1.68
7,10,3,0,7,0,412,2.67
7,10,3,0,8,1,797,4.54
7,10,3,0,9,1,985,0.82
7,10,3,0,10,1,669,1.9
7,10,3,0,11,1,390,0.48
7,10,3,0,12,0,227,1.07
7,10,3,0,13,0,144,0.24
7,10,3,0,14,0,141,0.2
7,10,3,0,15,0,223,0.0
7,10,3,0,16,0,403,5.05
7,10,3,0,17,1,722,1.4
7,10,3,0,18,1,878,5.06
7,10,3,0,19,1,896,2.82
7,10,3,0,20,1,650,0.92
7,10,3,0,21,0,362,0.0
7,10,3,0,22,0,212,0.0
7,10,3,0,23,0,145,0.0
7,11,4,0,0,0,134,1.77
7,11,4,0,1,0,133,0.0
7,11,4,0,2,0,124,4.04
7,11,4,0,3,0,140,0.26
7,11,4,0,4,0,125,0.0
7,11,4,0,5,0,157,0.0
7,11,4,0,6,0,230,2.16
7,11,4,0,7,0,462,2.99
7,11,4,0,8,1,726,2.93
7,11,4,0,9,1,913,3.25
7,11,4,0,10,1,642,0.0
7,11,4,0,11,1,442,1.5
7,11,4,0,12,0,229,0.35
7,11,4,0,13,0,146,1.98
7,11,4,0,14,0,164,0.18
7,11,4,0,15,0,185,2.56
7,11,4,0,16,0,358,0.7
7,11,4,0,17,1,634,1.46
7,11,4,0,18,1,971,1.88
7,11,4,0,19,1,921,4.06
7,11,4,0,20,1,624,4.88
7,11,4,0,21,0,392,0.89
7,11,4,0,22,0,199,2.14
7,11,4,0,23,0,145,2.68
7,12,5,1,0,0,74,0.68
7,12,5,1,1,0,73,5.02
7,12,5,1,2,0,65,0.0
7,12,5,1,3,0,70,2.39
7,12,5,1,4,0,58,0.0
7,12,5,1,5,0,76,3.48
7,12,5,1,6,0,117,0.0
7,12,5,1,7,0,244,3.47
7,12,5,1,8,1,385,2.22
7,12,5,1,9,1,507,2.89
7,12,5,1,10,1,391,2.51
7,12,5,1,11,1,245,2.05
7,12,5,1,12,0,101,0.0
7,12,5,1,13,0,76,0.71
7,12,5,1,14,0,83,0.0
7,12,5,1,15,0,113,1.87
7,12,5,1,16,0,212,0.16
7,12,5,1,17,1,350,0.0
7,12,5,1,18,1,573,3.0
7,12,5,1,19,1,438,3.59
7,12,5,1,20,1,379,3.31
7,12,5,1,21,0,192,0.14
7,12,5,1,22,0,103,3.59
7,12,5,1,23,0,76,0.0
7,13,6,1,0,0,67,0.0
7,13,6,1,1,0,80,0.74
7,13,6,1,2,0,78,0.74
7,13,6,1,3,0,70,0.0
7,13,6,1,4,0,81,1.81
7,13,6,1,5,0,86,1.73
7,13,6,1,6,0,110,0.84
7,13,6,1,7,0,249,2.41
7,13,6,1,8,1,411,4.61
7,13,6,1,9,1,522,4.07
7,13,6,1,10,1,412,1.09
7,13,6,1,11,1,247,2.09
7,13,6,1,12,0,120,0.0
7,13,6,1,13,0,87,0.0
7,13,6,1,14,0,85,0.0
7,13,6,1,15,0,103,0.85
7,13,6,1,16,0,210,1.17
7,13,6,1,17,1,345,3.05
7,13,6,1,18,1,508,2.32
7,13,6,1,19,1,496,0.9
7,13,6,1,20,1,393,0.61
7,13,6,1,21,0,228,0.0
7,13,6,1,22,0,113,0.56
7,13,6,1,23,0,78,1.33
7,14,0,0,0,0,138,1.36
7,14,0,0,1,0,119,0.0
7,14,0,0,2,0,117,0.1
7,14,0,0,3,0,152,0.53
7,14,0,0,4,0,153,0.56
7,14,0,0,5,0,146,1.48
7,14,0,0,6,0,207,1.17
7,14,0,0,7,0,360,0.11
7,14,0,0,8,1,639,3.64
7,14,0,0,9,1,811,5.36
7,14,0,0,10,1,759,4.48
7,14,0,0,11,1,395,0.0
7,14,0,0,12,0,206,2.42
7,14,0,0,13,0,171,1.45
7,14,0,0,14,0,130,0.0
7,14,0,0,15,0,177,0.51
7,14,0,0,16,0,358,1.23
7,14,0,0,17,1,599,0.64
7,14,0,0,18,1,921,4.41
7,14,0,0,19,1,827,4.02
7,14,0,0,20,1,705,0.0
7,14,0,0,21,0,412,2.7
7,14,0,0,22,0,216,0.0
7,14,0,0,23,0,153,1.97
7,15,1,0,0,0,123,1.66
7,15,1,0,1,0,128,0.0
7,15,1,0,2,0,128,0.76
7,15,1,0,3,0,127,0.0
7,15,1,0,4,0,135,1.38
7,15,1,0,5,0,146,0.0
7,15,1,0,6,0,202,0.0
7,15,1,0,7,0,475,2.08
7,15,1,0,8,1,721,2.05
7,15,1,0,9,1,902,4.74
7,15,1,0,10,1,630,2.87
7,15,1,0,11,1,400,2.25
7,15,1,0,12,0,226,0.0
7,15,1,0,13,0,130,0.06
7,15,1,0,14,0,161,1.9
7,15,1,0,15,0,195,0.0
7,15,1,0,16,0,350,0.0
7,15,1,0,17,1,697,4.24
7,15,1,0,18,1,886,2.79
7,15,1,0,19,1,863,2.78
7,15,1,0,20,1,617,2.24
7,15,1,0,21,0,389,2.58
7,15,1,0,22,0,187,0.98
7,15,1,0,23,0,152,0.0
7,16,2,0,0,0,131,2.34
7,16,2,0,1,0,127,0.0
7,16,2,0,2,0,103,0.88
7,16,2,0,3,0,131,0.81
7,16,2,0,4,0,136,0.0
7,16,2,0,5,0,135,1.17
7,16,2,0,6,0,225,0.51
7,16,2,0,7,0,369,1.99
7,16,2,0,8,1,741,1.38
7,16,2,0,9,1,766,3.92
7,16,2,0,10,1,702,3.09
7,16,2,0,11,1,422,0.0
7,16,2,0,12,0,219,0.0
7,16,2,0,13,0,128,0.0
7,16,2,0,14,0,146,2.98
7,16,2,0,15,0,202,3.48
7,16,2,0,16,0,408,2.41
7,16,2,0,17,1,738,5.14
7,16,2,0,18,1,1000,1.17
7,16,2,0,19,1,897,2.55
7,16,2,0,20,1,717,2.41
7,16,2,0,21,0,417,1.82
7,16,2,0,22,0,200,0.23
7,16,2,0,23,0,142,0.97
7,17,3,0,0,0,129,0.0
7,17,3,0,1,0,125,3.23
7,17,3,0,2,0,150,0.0
7,17,3,0,3,0,139,0.0
7,17,3,0,4,0,128,0.0
7,17,3,0,5,0,156,1.35
7,17,3,0,6,0,224,2.23
7,17,3,0,7,0,388,1.07
7,17,3,0,8,1,764,2.54
7,17,3,0,9,1,916,2.46
7,17,3,0,10,1,817,4.68
7,17,3,0,11,1,458,2.82
7,17,3,0,12,0,194,0.06
7,17,3,0,13,0,138,0.17
7,17,3,0,14,0,158,0.0
7,17,3,0,15,0,192,0.18
7,17,3,0,16,0,327,1.62
7,17,3,0,17,1,637,4.22
7,17,3,0,18,1,894,4.26
7,17,3,0,19,1,922,0.0
7,17,3,0,20,1,580,2.9
7,17,3,0,21,0,376,1.4
7,17,3,0,22,0,222,1.65
7,17,3,0,23,0,162,0.0
7,18,4,0,0,0,148,0.0
7,18,4,0,1,0,130,2.3
7,18,4,0,2,0,108,0.05
7,18,4,0,3,0,140,0.0
7,18,4,0,4,0,141,1.58
7,18,4,0,5,0,146,1.48
7,18,4,0,6,0,234,1.84
7,18,4,0,7,0,448,0.47
7,18,4,0,8,1,772,3.82
7,18,4,0,9,1,993,2.24
7,18,4,0,10,1,801,1.89
7,18,4,0,11,1,495,0.65
7,18,4,0,12,0,192,0.33
7,18,4,0,13,0,158,1.16
7,18,4,0,14,0,165,0.21
7,18,4,0,15,0,193,0.0
7,18,4,0,16,0,350,0.0
7,18,4,0,17,1,621,0.67
7,18,4,0,18,1,967,6.09
7,18,4,0,19,1,930,2.71
7,18,4,0,20,1,694,2.72
7,18,4,0,21,0,396,0.17
7,18,4,0,22,0,187,1.84
7,18,4,0,23,0,144,1.97
7,19,5,1,0,0,66,0.91
7,19,5,1,1,0,74,0.0
7,19,5,1,2,0,71,0.0
7,19,5,1,3,0,80,0.0
7,19,5,1,4,0,71,0.28
7,19,5,1,5,0,73,3.07
7,19,5,1,6,0,110,0.04
7,19,5,1,7,0,216,0.0
7,19,5,1,8,1,402,2.66
7,19,5,1,9,1,507,0.89
7,19,5,1,10,1,405,0.0
7,19,5,1,11,1,251,0.25
7,19,5,1,12,0,112,0.0
7,19,5,1,13,0,77,2.83
7,19,5,1,14,0,84,2.0
7,19,5,1,15,0,111,0.0
7,19,5,1,16,0,202,1.11
7,19,5,1,17,1,386,1.49
7,19,5,1,18,1,471,1.74
7,19,5,1,19,1,489,2.74
7,19,5,1,20,1,357,0.0
7,19,5,1,21,0,210,0.0
7,19,5,1,22,0,107,0.0
7,19,5,1,23,0,81,0.0
7,20,6,1,0,0,71,1.9
7,20,6,1,1,0,72,0.0
7,20,6,1,2,0,69,0.72
7,20,6,1,3,0,74,2.55
7,20,6,1,4,0,63,0.65
7,20,6,1,5,0,80,0.22
7,20,6,1,6,0,120,0.14
7,20,6,1,7,0,211,1.16
7,20,6,1,8,1,427,1.64
7,20,6,1,9,1,543,1.82
7,20,6,1,10,1,421,0.0
7,20,6,1,11,1,270,0.74
7,20,6,1,12,0,112,0.05
7,20,6,1,13,0,74,0.0
7,20,6,1,14,0,80,0.49
7,20,6,1,15,0,112,0.4
7,20,6,1,16,0,200,0.0
7,20,6,1,17,1,346,1.63
7,20,6,1,18,1,481,2.36
7,20,6,1,19,1,497,1.77
7,20,6,1,20,1,366,2.19
7,20,6,1,21,0,212,3.82
7,20,6,1,22,0,118,0.0
7,20,6,1,23,0,72,0.0
7,21,0,0,0,0,122,1.07
7,21,0,0,1,0,135,0.0
7,21,0,0,2,0,142,2.75
7,21,0,0,3,0,111,0.0
7,21,0,0,4,0,143,1.88
7,21,0,0,5,0,150,0.62
7,21,0,0,6,0,210,1.64
7,21,0,0,7,0,423,3.65
7,21,0,0,8,1,698,2.82
7,21,0,0,9,1,976,4.15
7,21,0,0,10,1,778,4.1
7,21,0,0,11,1,403,0.08
7,21,0,0,12,0,199,0.0
7,21,0,0,13,0,124,2.13
7,21,0,0,14,0,124,3.29
7,21,0,0,15,0,192,0.35
7,21,0,0,16,0,322,1.86
7,21,0,0,17,1,642,2.66
7,21,0,0,18,1,856,4.15
7,21,0,0,19,1,854,3.53
7,21,0,0,20,1,680,4.9
7,21,0,0,21,0,390,1.69
7,21,0,0,22,0,201,1.27
7,21,0,0,23,0,153,0.0
7,22,1,0,0,0,139,0.0
7,22,1,0,1,0,134,1.35
7,22,1,0,2,0,123,0.0
7,22,1,0,3,0,127,0.0
7,22,1,0,4,0,129,0.0
7,22,1,0,5,0,180,2.31
7,22,1,0,6,0,213,2.85
7,22,1,0,7,0,441,0.02
7,22,1,0,8,1,701,4.35
7,22,1,0,9,1,841,3.96
7,22,1,0,10,1,778,2.72
7,22,1,0,11,1,422,2.94
7,22,1,0,12,0,226,1.58
7,22,1,0,13,0,146,1.47
7,22,1,0,14,0,122,2.7
7,22,1,0,15,0,199,0.0
7,22,1,0,16,0,384,2.39
7,22,1,0,17,1,604,2.52
7,22,1,0,18,1,917,3.63
7,22,1,0,19,1,1033,4.1
7,22,1,0,20,1,649,1.58
7,22,1,0,21,0,342,1.96
7,22,1,0,22,0,193,0.49
7,22,1,0,23,0,146,0.68
7,23,2,0,0,0,131,0.72
7,23,2,0,1,0,136,4.51
7,23,2,0,2,0,142,0.02
7,23,2,0,3,0,142,0.0
7,23,2,0,4,0,125,1.56
7,23,2,0,5,0,152,1.51
7,23,2,0,6,0,202,0.0
7,23,2,0,7,0,421,1.31
7,23,2,0,8,1,791,2.75
7,23,2,0,9,1,888,1.11
7,23,2,0,10,1,790,3.64
7,23,2,0,11,1,341,2.03
7,23,2,0,12,0,205,1.98
7,23,2,0,13,0,145,0.0
7,23,2,0,14,0,166,3.02
7,23,2,0,15,0,198,1.35
7,23,2,0,16,0,352,0.0
7,23,2,0,17,1,725,1.7
7,23,2,0,18,1,1007,5.07
7,23,2,0,19,1,935,3.68
7,23,2,0,20,1,692,1.37
7,23,2,0,21,0,405,1.83
7,23,2,0,22,0,225,0.72
7,23,2,0,23,0,146,0.98
7,24,3,0,0,0,136,3.26
7,24,3,0,1,0,125,0.31
7,24,3,0,2,0,129,0.0
7,24,3,0,3,0,124,0.0
7,24,3,0,4,0,159,1.02
7,24,3,0,5,0,150,0.0
7,24,3,0,6,0,211,2.25
7,24,3,0,7,0,501,0.98
7,24,3,0,8,1,631,1.36
7,24,3,0,9,1,855,2.28
7,24,3,0,10,1,792,3.68
7,24,3,0,11,1,379,3.64
7,24,3,0,12,0,244,0.0
7,24,3,0,13,0,160,0.38
7,24,3,0,14,0,135,0.0
7,24,3,0,15,0,194,0.0
7,24,3,0,16,0,370,4.7
7,24,3,0,17,1,629,0.41
7,24,3,0,18,1,890,5.12
7,24,3,0,19,1,896,4.56
7,24,3,0,20,1,664,2.75
7,24,3,0,21,0,412,0.2
7,24,3,0,22,0,184,0.0
7,24,3,0,23,0,148,0.67
7,25,4,0,0,0,137,0.43
7,25,4,0,1,0,128,1.01
7,25,4,0,2,0,147,0.0
7,25,4,0,3,0,120,0.54
7,25,4,0,4,0,153,0.0
7,25,4,0,5,0,144,0.0
7,25,4,0,6,0,219,0.0
7,25,4,0,7,0,382,3.45
7,25,4,0,8,1,739,1.84
7,25,4,0,9,1,907,3.53
7,25,4,0,10,1,771,0.0
7,25,4,0,11,1,382,0.1
7,25,4,0,12,0,223,0.88
7,25,4,0,13,0,163,1.9
7,25,4,0,14,0,142,0.49
7,25,4,0,15,0,222,3.04
7,25,4,0,16,0,363,0.0
7,25,4,0,17,1,545,0.0
7,25,4,0,18,1,949,4.47
7,25,4,0,19,1,865,5.41
7,25,4,0,20,1,645,1.7
7,25,4,0,21,0,400,3.16
7,25,4,0,22,0,200,1.58
7,25,4,0,23,0,151,3.87
7,26,5,1,0,0,70,0.0
7,26,5,1,1,0,75,0.39
7,26,5,1,2,0,72,0.24
7,26,5,1,3,0,62,0.64
7,26,5,1,4,0,70,0.0
7,26,5,1,5,0,76,0.25
7,26,5,1,6,0,119,0.43
7,26,5,1,7,0,250,2.13
7,26,5,1,8,1,403,0.06
7,26,5,1,9,1,524,1.62
7,26,5,1,10,1,400,0.0
7,26,5,1,11,1,237,4.84
7,26,5,1,12,0,112,1.38
7,26,5,1,13,0,88,0.0
7,26,5,1,14,0,64,1.3
7,26,5,1,15,0,111,0.91
7,26,5,1,16,0,202,2.55
7,26,5,1,17,1,357,4.68
7,26,5,1,18,1,531,3.64
7,26,5,1,19,1,503,2.48
7,26,5,1,20,1,312,0.38
7,26,5,1,21,0,218,0.77
7,26,5,1,22,0,100,0.0
7,26,5,1,23,0,75,0.24
7,27,6,1,0,0,66,2.4
7,27,6,1,1,0,72,0.0
7,27,6,1,2,0,80,0.25
7,27,6,1,3,0,74,0.76
7,27,6,1,4,0,74,0.0
7,27,6,1,5,0,81,0.1
7,27,6,1,6,0,120,0.2
7,27,6,1,7,0,224,0.0
7,27,6,1,8,1,406,1.96
7,27,6,1,9,1,575,3.02
7,27,6,1,10,1,382,0.01
7,27,6,1,11,1,234,0.0
7,27,6,1,12,0,111,0.0
7,27,6,1,13,0,78,1.42
7,27,6,1,14,0,67,2.21
7,27,6,1,15,0,108,0.0
7,27,6,1,16,0,215,0.55
7,27,6,1,17,1,330,0.0
7,27,6,1,18,1,530,3.26
7,27,6,1,19,1,486,3.93
7,27,6,1,20,1,361,3.44
7,27,6,1,21,0,186,0.0
7,27,6,1,22,0,106,0.0
7,27,6,1,23,0,86,0.78
7,28,0,0,0,0,122,0.5
7,28,0,0,1,0,125,0.0
7,28,0,0,2,0,129,0.23
7,28,0,0,3,0,122,0.0
7,28,0,0,4,0,140,1.2
7,28,0,0,5,0,155,0.19
7,28,0,0,6,0,194,0.0
7,28,0,0,7,0,451,0.0
7,28,0,0,8,1,823,1.63
7,28,0,0,9,1,968,2.34
7,28,0,0,10,1,703,0.0
7,28,0,0,11,1,479,2.78
7,28,0,0,12,0,223,0.15
7,28,0,0,13,0,135,1.7
7,28,0,0,14,0,132,0.28
7,28,0,0,15,0,181,0.91
7,28,0,0,16,0,310,0.0
7,28,0,0,17,1,610,3.36
7,28,0,0,18,1,875,4.98
7,28,0,0,19,1,1024,3.63
7,28,0,0,20,1,578,3.76
7,28,0,0,21,0,321,0.0
7,28,0,0,22,0,173,2.14
7,28,0,0,23,0,151,3.03
7,29,1,0,0,0,125,0.0
7,29,1,0,1,0,124,0.0
7,29,1,0,2,0,145,5.64
7,29,1,0,3,0,122,1.38
7,29,1,0,4,0,130,1.18
7,29,1,0,5,0,156,0.0
7,29,1,0,6,0,204,2.62
7,29,1,0,7,0,434,2.23
7,29,1,0,8,1,768,3.98
7,29,1,0,9,1,995,5.11
7,29,1,0,10,1,735,3.47
7,29,1,0,11,1,415,0.54
7,29,1,0,12,0,211,0.67
7,29,1,0,13,0,126,1.67
7,29,1,0,14,0,157,1.44
7,29,1,0,15,0,215,0.6
7,29,1,0,16,0,351,2.83
7,29,1,0,17,1,600,0.76
7,29,1,0,18,1,947,4.42
7,29,1,0,19,1,982,1.36
7,29,1,0,20,1,650,0.9
7,29,1,0,21,0,391,3.56
7,29,1,0,22,0,209,0.0
7,29,1,0,23,0,135,0.0
7,30,2,0,0,0,121,0.25
7,30,2,0,1,0,122,0.0
7,30,2,0,2,0,134,1.22
7,30,2,0,3,0,147,0.0
7,30,2,0,4,0,111,1.67
7,30,2,0,5,0,155,2.33
7,30,2,0,6,0,237,3.18
7,30,2,0,7,0,384,3.86
7,30,2,0,8,1,719,4.07
7,30,2,0,9,1,930,2.26
7,30,2,0,10,1,807,2.54
7,30,2,0,11,1,479,0.77
7,30,2,0,12,0,195,0.0
7,30,2,0,13,0,163,0.0
7,30,2,0,14,0,156,3.37
7,30,2,0,15,0,198,0.2
7,30,2,0,16,0,368,0.0
7,30,2,0,17,1,794,4.18
7,30,2,0,18,1,825,2.09
7,30,2,0,19,1,927,1.77
7,30,2,0,20,1,576,2.74
7,30,2,0,21,0,395,2.95
7,30,2,0,22,0,200,0.39
7,30,2,0,23,0,145,2.07
7,31,3,0,0,0,117,0.0
7,31,3,0,1,0,126,0.14
7,31,3,0,2,0,129,0.48
7,31,3,0,3,0,137,0.0
7,31,3,0,4,0,114,0.0
7,31,3,0,5,0,154,0.0
7,31,3,0,6,0,211,1.04
7,31,3,0,7,0,428,4.06
7,31,3,0,8,1,779,4.61
7,31,3,0,9,1,902,5.82
7,31,3,0,10,1,742,0.04
7,31,3,0,11,1,499,2.07
7,31,3,0,12,0,221,0.0
7,31,3,0,13,0,172,0.0
7,31,3,0,14,0,141,0.0
7,31,3,0,15,0,207,0.41
7,31,3,0,16,0,321,1.18
7,31,3,0,17,1,660,2.27
7,31,3,0,18,1,781,3.56
7,31,3,0,19,1,821,4.62
7,31,3,0,20,1,626,3.9
7,31,3,0,21,0,366,1.56
7,31,3,0,22,0,221,0.0
7,31,3,0,23,0,131,1.36
7,32,4,0,0,0,116,0.0
7,32,4,0,1,0,113,2.18
7,32,4,0,2,0,119,0.0
7,32,4,0,3,0,116,0.0
7,32,4,0,4,0,130,1.76
7,32,4,0,5,0,129,0.0
7,32,4,0,6,0,236,2.51
7,32,4,0,7,0,394,1.5
7,32,4,0,8,1,854,1.63
7,32,4,0,9,1,771,2.28
7,32,4,0,10,1,733,1.73
7,32,4,0,11,1,450,2.12
7,32,4,0,12,0,202,0.0
7,32,4,0,13,0,137,1.79
7,32,4,0,14,0,140,0.0
7,32,4,0,15,0,216,0.45
7,32,4,0,16,0,326,3.87
7,32,4,0,17,1,687,2.82
7,32,4,0,18,1,899,3.18
7,32,4,0,19,1,892,3.16
7,32,4,0,20,1,624,2.34
7,32,4,0,21,0,348,1.73
7,32,4,0,22,0,200,0.0
7,32,4,0,23,0,143,1.39
7,33,5,1,0,0,58,1.1
7,33,5,1,1,0,64,0.0
7,33,5,1,2,0,55,1.07
7,33,5,1,3,0,67,0.0
7,33,5,1,4,0,72,0.0
7,33,5,1,5,0,79,1.29
7,33,5,1,6,0,118,0.0
7,33,5,1,7,0,230,0.81
7,33,5,1,8,1,430,3.6
7,33,5,1,9,1,484,2.28
7,33,5,1,10,1,384,2.16
7,33,5,1,11,1,238,0.7
7,33,5,1,12,0,121,0.49
7,33,5,1,13,0,80,0.0
7,33,5,1,14,0,81,0.0
7,33,5,1,15,0,118,0.0
7,33,5,1,16,0,205,0.43
7,33,5,1,17,1,368,1.38
7,33,5,1,18,1,470,3.52
7,33,5,1,19,1,467,2.83
7,33,5,1,20,1,311,0.81
7,33,5,1,21,0,226,0.49
7,33,5,1,22,0,111,2.85
7,33,5,1,23,0,78,0.7
7,34,6,1,0,0,75,0.0
7,34,6,1,1,0,68,0.47
7,34,6,1,2,0,62,2.3
7,34,6,1,3,0,75,1.21
7,34,6,1,4,0,80,1.4
7,34,6,1,5,0,78,0.0
7,34,6,1,6,0,110,0.0
7,34,6,1,7,0,241,1.09
7,34,6,1,8,1,355,2.72
7,34,6,1,9,1,554,4.43
7,34,6,1,10,1,369,1.96
7,34,6,1,11,1,211,3.75
7,34,6,1,12,0,117,0.0
7,34,6,1,13,0,76,0.81
7,34,6,1,14,0,83,0.0
7,34,6,1,15,0,123,1.2
7,34,6,1,16,0,223,3.46
7,34,6,1,17,1,357,2.71
7,34,6,1,18,1,479,1.21
7,34,6,1,19,1,566,1.16
7,34,6,1,20,1,366,0.1
7,34,6,1,21,0,190,0.0
7,34,6,1,22,0,123,1.26
7,34,6,1,23,0,84,0.0
7,35,0,0,0,0,130,0.0
7,35,0,0,1,0,135,4.15
7,35,0,0,2,0,105,1.02
7,35,0,0,3,0,153,0.0
7,35,0,0,4,0,133,1.55
7,35,0,0,5,0,119,0.88
7,35,0,0,6,0,199,3.87
7,35,0,0,7,0,410,0.57
7,35,0,0,8,1,788,3.88
7,35,0,0,9,1,976,6.77
7,35,0,0,10,1,703,5.39
7,35,0,0,11,1,480,0.77
7,35,0,0,12,0,201,0.87
7,35,0,0,13,0,144,3.14
7,35,0,0,14,0,135,0.91
7,35,0,0,15,0,189,0.92
7,35,0,0,16,0,429,4.45
7,35,0,0,17,1,675,3.64
7,35,0,0,18,1,949,3.34
7,35,0,0,19,1,1054,6.2
7,35,0,0,20,1,668,2.35
7,35,0,0,21,0,361,1.95
7,35,0,0,22,0,200,2.51
7,35,0,0,23,0,150,0.0
7,36,1,0,0,0,118,1.96
7,36,1,0,1,0,118,0.0
7,36,1,0,2,0,125,0.0
7,36,1,0,3,0,133,0.35
7,36,1,0,4,0,124,3.62
7,36,1,0,5,0,116,0.0
7,36,1,0,6,0,202,0.0
7,36,1,0,7,0,492,5.34
7,36,1,0,8,1,698,4.7
7,36,1,0,9,1,954,6.3
7,36,1,0,10,1,732,3.58
7,36,1,0,11,1,464,3.73
7,36,1,0,12,0,215,0.0
7,36,1,0,13,0,137,0.0
7,36,1,0,14,0,155,0.94
7,36,1,0,15,0,206,0.79
7,36,1,0,16,0,332,1.8
7,36,1,0,17,1,687,1.45
7,36,1,0,18,1,912,2.68
7,36,1,0,19,1,898,1.89
7,36,1,0,20,1,641,5.01
7,36,1,0,21,0,351,0.38
7,36,1,0,22,0,191,0.48
7,36,1,0,23,0,165,2.77
7,37,2,0,0,0,128,0.0
7,37,2,0,1,0,111,0.0
7,37,2,0,2,0,109,1.55
7,37,2,0,3,0,144,0.01
7,37,2,0,4,0,135,0.0
7,37,2,0,5,0,122,0.57
7,37,2,0,6,0,219,3.43
7,37,2,0,7,0,486,1.53
7,37,2,0,8,1,792,3.64
7,37,2,0,9,1,911,3.59
7,37,2,0,10,1,729,2.76
7,37,2,0,11,1,472,2.21
7,37,2,0,12,0,242,0.0
7,37,2,0,13,0,113,0.0
7,37,2,0,14,0,136,0.0
7,37,2,0,15,0,222,0.0
7,37,2,0,16,0,383,4.55
7,37,2,0,17,1,595,2.03
7,37,2,0,18,1,1013,3.43
7,37,2,0,19,1,938,4.71
7,37,2,0,20,1,665,1.99
7,37,2,0,21,0,343,0.0
7,37,2,0,22,0,210,0.0
7,37,2,0,23,0,158,3.02
7,38,3,0,0,0,118,1.58
7,38,3,0,1,0,151,0.0
7,38,3,0,2,0,142,1.41
7,38,3,0,3,0,140,0.0
7,38,3,0,4,0,151,0.0
7,38,3,0,5,0,151,0.51
7,38,3,0,6,0,221,0.0
7,38,3,0,7,0,376,1.93
7,38,3,0,8,1,716,2.26
7,38,3,0,9,1,951,1.56
7,38,3,0,10,1,809,3.42
7,38,3,0,11,1,443,2.56
7,38,3,0,12,0,222,0.0
7,38,3,0,13,0,160,1.05
7,38,3,0,14,0,140,0.37
7,38,3,0,15,0,207,1.1
7,38,3,0,16,0,383,4.01
7,38,3,0,17,1,601,3.53
7,38,3,0,18,1,906,5.34
7,38,3,0,19,1,1033,4.43
7,38,3,0,20,1,688,4.58
7,38,3,0,21,0,395,3.47
7,38,3,0,22,0,196,0.01
7,38,3,0,23,0,131,0.23
7,39,4,0,0,0,129,0.3
7,39,4,0,1,0,135,1.32
7,39,4,0,2,0,129,1.04
7,39,4,0,3,0,138,0.0
7,39,4,0,4,0,141,0.0
7,39,4,0,5,0,161,0.89
7,39,4,0,6,0,213,0.0
7,39,4,0,7,0,439,1.9
7,39,4,0,8,1,748,2.85
7,39,4,0,9,1,956,5.06
7,39,4,0,10,1,767,5.04
7,39,4,0,11,1,393,0.68
7,39,4,0,12,0,219,1.87
7,39,4,0,13,0,152,0.0
7,39,4,0,14,0,132,0.25
7,39,4,0,15,0,172,1.08
7,39,4,0,16,0,364,0.08
7,39,4,0,17,1,626,2.67
7,39,4,0,18,1,805,2.31
7,39,4,0,19,1,895,3.13
7,39,4,0,20,1,641,4.6
7,39,4,0,21,0,394,0.61
7,39,4,0,22,0,184,0.12
7,39,4,0,23,0,158,0.0
7,40,5,1,0,0,72,0.0
7,40,5,1,1,0,78,1.78
7,40,5,1,2,0,63,2.05
7,40,5,1,3,0,58,1.15
7,40,5,1,4,0,76,2.83
7,40,5,1,5,0,80,0.0
7,40,5,1,6,0,107,2.62
7,40,5,1,7,0,260,0.37
7,40,5,1,8,1,406,3.67
7,40,5,1,9,1,532,1.85
7,40,5,1,10,1,381,0.26
7,40,5,1,11,1,247,0.44
7,40,5,1,12,0,113,1.37
7,40,5,1,13,0,81,0.91
7,40,5,1,14,0,78,0.0
7,40,5,1,15,0,104,1.48
7,40,5,1,16,0,202,1.25
7,40,5,1,17,1,331,2.37
7,40,5,1,18,1,515,3.16
7,40,5,1,19,1,516,2.49
7,40,5,1,20,1,308,2.94
7,40,5,1,21,0,180,2.28
7,40,5,1,22,0,110,0.0
7,40,5,1,23,0,78,0.0
7,41,6,1,0,0,77,0.0
7,41,6,1,1,0,65,1.25
7,41,6,1,2,0,71,1.06
7,41,6,1,3,0,71,2.02
7,41,6,1,4,0,70,0.0
7,41,6,1,5,0,72,0.94
7,41,6,1,6,0,110,2.37
7,41,6,1,7,0,208,2.36
7,41,6,1,8,1,392,3.53
7,41,6,1,9,1,521,2.37
7,41,6,1,10,1,427,3.55
7,41,6,1,11,1,228,0.0
7,41,6,1,12,0,128,0.11
7,41,6,1,13,0,97,0.0
7,41,6,1,14,0,77,1.42
7,41,6,1,15,0,117,1.1
7,41,6,1,16,0,192,0.0
7,41,6,1,17,1,341,0.0
7,41,6,1,18,1,586,0.81
7,41,6,1,19,1,491,3.0
7,41,6,1,20,1,360,0.55
7,41,6,1,21,0,199,0.0
7,41,6,1,22,0,108,1.02
7,41,6,1,23,0,72,1.91
7,42,0,0,0,0,130,0.0
7,42,0,0,1,0,126,2.26
7,42,0,0,2,0,138,0.91
7,42,0,0,3,0,124,1.35
7,42,0,0,4,0,131,3.14
7,42,0,0,5,0,144,3.1
7,42,0,0,6,0,215,0.0
7,42,0,0,7,0,527,0.0
7,42,0,0,8,1,621,0.0
7,42,0,0,9,1,1111,7.63
7,42,0,0,10,1,747,3.64
7,42,0,0,11,1,425,0.0
7,42,0,0,12,0,237,2.94
7,42,0,0,13,0,132,1.02
7,42,0,0,14,0,145,0.26
7,42,0,0,15,0,190,0.59
7,42,0,0,16,0,350,3.0
7,42,0,0,17,1,654,1.58
7,42,0,0,18,1,912,3.44
7,42,0,0,19,1,901,4.62
7,42,0,0,20,1,641,1.71
7,42,0,0,21,0,326,1.29
7,42,0,0,22,0,221,0.7
7,42,0,0,23,0,138,0.0
7,43,1,0,0,0,112,2.21
7,43,1,0,1,0,135,1.69
7,43,1,0,2,0,132,0.0
7,43,1,0,3,0,126,0.0
7,43,1,0,4,0,127,0.0
7,43,1,0,5,0,157,3.66
7,43,1,0,6,0,197,0.53
7,43,1,0,7,0,424,0.23
7,43,1,0,8,1,741,3.49
7,43,1,0,9,1,905,4.56
7,43,1,0,10,1,738,0.0
7,43,1,0,11,1,385,3.69
7,43,1,0,12,0,221,0.0
7,43,1,0,13,0,128,1.59
7,43,1,0,14,0,139,0.0
7,43,1,0,15,0,218,1.96
7,43,1,0,16,0,342,3.24
7,43,1,0,17,1,614,1.52
7,43,1,0,18,1,878,0.67
7,43,1,0,19,1,944,4.56
7,43,1,0,20,1,631,3.58
7,43,1,0,21,0,319,2.31
7,43,1,0,22,0,206,0.0
7,43,1,0,23,0,149,0.0
7,44,2,0,0,0,141,1.35
7,44,2,0,1,0,133,0.0
7,44,2,0,2,0,138,2.36
7,44,2,0,3,0,147,0.0
7,44,2,0,4,0,140,2.65
7,44,2,0,5,0,141,2.67
7,44,2,0,6,0,215,0.0
7,44,2,0,7,0,393,0.0
7,44,2,0,8,1,736,2.7
7,44,2,0,9,1,925,5.74
7,44,2,0,10,1,737,2.55
7,44,2,0,11,1,410,0.0
7,44,2,0,12,0,224,0.67
7,44,2,0,13,0,147,0.29
7,44,2,0,14,0,147,0.0
7,44,2,0,15,0,201,0.0
7,44,2,0,16,0,367,0.0
7,44,2,0,17,1,681,2.76
7,44,2,0,18,1,819,4.7
7,44,2,0,19,1,876,2.97
7,44,2,0,20,1,697,4.4
7,44,2,0,21,0,352,1.58
7,44,2,0,22,0,212,2.74
7,44,2,0,23,0,145,1.29
7,45,3,0,0,0,120,0.0
7,45,3,0,1,0,135,0.0
7,45,3,0,2,0,120,1.44
7,45,3,0,3,0,128,0.85
7,45,3,0,4,0,118,0.0
7,45,3,0,5,0,163,0.0
7,45,3,0,6,0,209,1.19
7,45,3,0,7,0,381,3.55
7,45,3,0,8,1,738,2.6
7,45,3,0,9,1,989,5.32
7,45,3,0,10,1,854,2.76
7,45,3,0,11,1,490,2.93
7,45,3,0,12,0,241,2.44
7,45,3,0,13,0,138,0.0
7,45,3,0,14,0,124,0.0
7,45,3,0,15,0,191,2.66
7,45,3,0,16,0,351,0.39
7,45,3,0,17,1,692,1.48
7,45,3,0,18,1,1049,3.8
7,45,3,0,19,1,982,3.63
7,45,3,0,20,1,657,4.32
7,45,3,0,21,0,373,3.73
7,45,3,0,22,0,188,0.0
7,45,3,0,23,0,124,2.38
7,46,4,0,0,0,139,0.16
7,46,4,0,1,0,133,2.14
7,46,4,0,2,0,128,0.0
7,46,4,0,3,0,112,0.0
7,46,4,0,4,0,132,0.0
7,46,4,0,5,0,156,0.0
7,46,4,0,6,0,200,0.0
7,46,4,0,7,0,402,1.62
7,46,4,0,8,1,802,3.39
7,46,4,0,9,1,965,5.37
7,46,4,0,10,1,761,1.7
7,46,4,0,11,1,431,3.96
7,46,4,0,12,0,207,1.66
7,46,4,0,13,0,152,0.05
7,46,4,0,14,0,157,0.05
7,46,4,0,15,0,208,0.47
7,46,4,0,16,0,367,2.87
7,46,4,0,17,1,553,3.14
7,46,4,0,18,1,966,3.0
7,46,4,0,19,1,912,2.18
7,46,4,0,20,1,614,2.86
7,46,4,0,21,0,443,2.77
7,46,4,0,22,0,187,1.91
7,46,4,0,23,0,151,0.0
7,47,5,1,0,0,69,0.06
7,47,5,1,1,0,72,0.24
7,47,5,1,2,0,72,0.0
7,47,5,1,3,0,69,0.0
7,47,5,1,4,0,79,0.0
7,47,5,1,5,0,77,0.0
7,47,5,1,6,0,131,1.52
7,47,5,1,7,0,212,1.44
7,47,5,1,8,1,373,1.88
7,47,5,1,9,1,556,0.0
7,47,5,1,10,1,373,1.73
7,47,5,1,11,1,222,1.21
7,47,5,1,12,0,116,0.0
7,47,5,1,13,0,84,0.0
7,47,5,1,14,0,81,0.0
7,47,5,1,15,0,132,0.35
7,47,5,1,16,0,207,1.66
7,47,5,1,17,1,370,1.44
7,47,5,1,18,1,463,1.68
7,47,5,1,19,1,427,2.44
7,47,5,1,20,1,445,2.05
7,47,5,1,21,0,207,0.0
7,47,5,1,22,0,103,1.75
7,47,5,1,23,0,70,0.0
7,48,6,1,0,0,74,1.51
7,48,6,1,1,0,70,0.46
7,48,6,1,2,0,72,0.0
7,48,6,1,3,0,71,0.65
7,48,6,1,4,0,71,0.0
7,48,6,1,5,0,89,0.0
7,48,6,1,6,0,117,0.95
7,48,6,1,7,0,221,1.25
7,48,6,1,8,1,381,4.74
7,48,6,1,9,1,490,3.31
7,48,6,1,10,1,370,2.56
7,48,6,1,11,1,216,0.0
7,48,6,1,12,0,107,0.0
7,48,6,1,13,0,81,4.64
7,48,6,1,14,0,97,0.0
7,48,6,1,15,0,119,0.0
7,48,6,1,16,0,167,0.71
7,48,6,1,17,1,376,2.68
7,48,6,1,18,1,546,1.69
7,48,6,1,19,1,505,3.25
7,48,6,1,20,1,395,0.22
7,48,6,1,21,0,204,1.79
7,48,6,1,22,0,112,0.0
7,48,6,1,23,0,79,1.11
7,49,0,0,0,0,122,0.0
7,49,0,0,1,0,151,0.89
7,49,0,0,2,0,139,0.87
7,49,0,0,3,0,141,0.68
7,49,0,0,4,0,137,0.0
7,49,0,0,5,0,124,0.0
7,49,0,0,6,0,188,0.0
7,49,0,0,7,0,427,0.0
7,49,0,0,8,1,794,5.34
7,49,0,0,9,1,806,3.66
7,49,0,0,10,1,848,2.68
7,49,0,0,11,1,437,5.34
7,49,0,0,12,0,184,0.0
7,49,0,0,13,0,153,3.87
7,49,0,0,14,0,137,4.2
7,49,0,0,15,0,203,0.0
7,49,0,0,16,0,413,0.96
7,49,0,0,17,1,679,0.23
7,49,0,0,18,1,859,1.19
7,49,0,0,19,1,797,3.34
7,49,0,0,20,1,685,1.92
7,49,0,0,21,0,324,0.0
7,49,0,0,22,0,207,0.99
7,49,0,0,23,0,149,2.93
7,50,1,0,0,0,136,1.16
7,50,1,0,1,0,154,0.2
7,50,1,0,2,0,155,2.76
7,50,1,0,3,0,127,1.72
7,50,1,0,4,0,129,0.0
7,50,1,0,5,0,144,0.0
7,50,1,0,6,0,216,2.06
7,50,1,0,7,0,410,1.99
7,50,1,0,8,1,751,4.27
7,50,1,0,9,1,917,3.2
7,50,1,0,10,1,785,3.38
7,50,1,0,11,1,346,0.86
7,50,1,0,12,0,203,1.03
7,50,1,0,13,0,146,0.0
7,50,1,0,14,0,128,0.0
7,50,1,0,15,0,202,2.42
7,50,1,0,16,0,319,0.27
7,50,1,0,17,1,653,1.21
7,50,1,0,18,1,920,4.64
7,50,1,0,19,1,859,3.93
7,50,1,0,20,1,649,0.87
7,50,1,0,21,0,362,2.13
7,50,1,0,22,0,224,3.36
7,50,1,0,23,0,137,0.0
7,51,2,0,0,0,130,0.0
7,51,2,0,1,0,142,0.72
7,51,2,0,2,0,130,1.48
7,51,2,0,3,0,131,0.98
7,51,2,0,4,0,134,0.32
7,51,2,0,5,0,134,3.17
7,51,2,0,6,0,197,3.27
7,51,2,0,7,0,428,0.81
7,51,2,0,8,1,771,4.26
7,51,2,0,9,1,1036,2.17
7,51,2,0,10,1,730,4.99
7,51,2,0,11,1,442,2.5
7,51,2,0,12,0,237,0.68
7,51,2,0,13,0,118,0.0
7,51,2,0,14,0,169,1.12
7,51,2,0,15,0,187,2.75
7,51,2,0,16,0,391,1.78
7,51,2,0,17,1,686,1.22
7,51,2,0,18,1,888,3.45
7,51,2,0,19,1,994,3.15
7,51,2,0,20,1,654,4.78
7,51,2,0,21,0,440,0.45
7,51,2,0,22,0,203,0.0
7,51,2,0,23,0,144,0.14
7,52,3,0,0,0,143,0.0
7,52,3,0,1,0,116,2.75
7,52,3,0,2,0,123,0.79
7,52,3,0,3,0,133,0.0
7,52,3,0,4,0,123,2.18
7,52,3,0,5,0,152,0.58
7,52,3,0,6,0,210,1.31
7,52,3,0,7,0,430,3.61
7,52,3,0,8,1,737,3.61
7,52,3,0,9,1,963,4.96
7,52,3,0,10,1,824,3.28
7,52,3,0,11,1,398,1.06
7,52,3,0,12,0,223,0.73
7,52,3,0,13,0,173,0.71
7,52,3,0,14,0,134,1.02
7,52,3,0,15,0,226,0.0
7,52,3,0,16,0,341,1.08
7,52,3,0,17,1,622,0.46
7,52,3,0,18,1,801,3.55
7,52,3,0,19,1,966,2.81
7,52,3,0,20,1,652,2.89
7,52,3,0,21,0,334,2.62
7,52,3,0,22,0,204,1.6
7,52,3,0,23,0,152,4.25
7,53,4,0,0,0,119,0.0
7,53,4,0,1,0,147,1.57
7,53,4,0,2,0,130,0.0
7,53,4,0,3,0,127,0.19
7,53,4,0,4,0,115,1.92
7,53,4,0,5,0,121,0.0
7,53,4,0,6,0,205,4.04
7,53,4,0,7,0,414,2.13
7,53,4,0,8,1,686,4.05
7,53,4,0,9,1,1126,5.24
7,53,4,0,10,1,718,0.0
7,53,4,0,11,1,440,0.28
7,53,4,0,12,0,199,2.19
7,53,4,0,13,0,140,0.42
7,53,4,0,14,0,154,0.0
7,53,4,0,15,0,180,1.42
7,53,4,0,16,0,388,0.69
7,53,4,0,17,1,623,0.84
7,53,4,0,18,1,966,6.74
7,53,4,0,19,1,982,3.79
7,53,4,0,20,1,693,1.52
7,53,4,0,21,0,377,0.0
7,53,4,0,22,0,199,2.41
7,53,4,0,23,0,153,1.46
7,54,5,1,0,0,73,0.0
7,54,5,1,1,0,72,1.46
7,54,5,1,2,0,70,0.0
7,54,5,1,3,0,68,0.0
7,54,5,1,4,0,67,0.3
7,54,5,1,5,0,77,0.0
7,54,5,1,6,0,141,0.0
7,54,5,1,7,0,227,1.0
7,54,5,1,8,1,388,1.42
7,54,5,1,9,1,468,2.96
7,54,5,1,10,1,405,2.7
7,54,5,1,11,1,256,0.6
7,54,5,1,12,0,124,2.8
7,54,5,1,13,0,79,1.35
7,54,5,1,14,0,77,2.1
7,54,5,1,15,0,106,1.48
7,54,5,1,16,0,217,0.0
7,54,5,1,17,1,341,0.3
7,54,5,1,18,1,546,0.42
7,54,5,1,19,1,516,3.15
7,54,5,1,20,1,365,3.37
7,54,5,1,21,0,170,1.59
7,54,5,1,22,0,109,0.0
7,54,5,1,23,0,72,2.64
7,55,6,1,0,0,75,1.5
7,55,6,1,1,0,77,0.0
7,55,6,1,2,0,73,1.94
7,55,6,1,3,0,69,2.32
7,55,6,1,4,0,68,0.46
7,55,6,1,5,0,82,1.46
7,55,6,1,6,0,114,1.97
7,55,6,1,7,0,237,0.0
7,55,6,1,8,1,465,0.42
7,55,6,1,9,1,578,2.08
7,55,6,1,10,1,395,2.18
7,55,6,1,11,1,216,0.0
7,55,6,1,12,0,115,1.02
7,55,6,1,13,0,90,0.0
7,55,6,1,14,0,84,0.18
7,55,6,1,15,0,111,1.9
7,55,6,1,16,0,193,1.02
7,55,6,1,17,1,392,3.11
7,55,6,1,18,1,453,0.89
7,55,6,1,19,1,497,3.21
7,55,6,1,20,1,353,1.54
7,55,6,1,21,0,221,0.38
7,55,6,1,22,0,123,0.0
7,55,6,1,23,0,77,0.0
7,56,0,0,0,0,131,1.65
7,56,0,0,1,0,128,0.0
7,56,0,0,2,0,116,2.99
7,56,0,0,3,0,130,0.0
7,56,0,0,4,0,148,0.06
7,56,0,0,5,0,133,0.0
7,56,0,0,6,0,197,0.0
7,56,0,0,7,0,394,5.2
7,56,0,0,8,1,670,0.44
7,56,0,0,9,1,931,3.61
7,56,0,0,10,1,777,2.28
7,56,0,0,11,1,388,4.06
7,56,0,0,12,0,185,1.28
7,56,0,0,13,0,154,1.85
7,56,0,0,14,0,142,0.0
7,56,0,0,15,0,225,0.23
7,56,0,0,16,0,411,2.2
7,56,0,0,17,1,630,3.11
7,56,0,0,18,1,998,4.12
7,56,0,0,19,1,860,0.76
7,56,0,0,20,1,633,3.74
7,56,0,0,21,0,336,2.37
7,56,0,0,22,0,201,1.92
7,56,0,0,23,0,117,0.0
7,57,1,0,0,0,125,3.3
7,57,1,0,1,0,122,0.3
7,57,1,0,2,0,152,1.25
7,57,1,0,3,0,139,0.0
7,57,1,0,4,0,144,2.57
7,57,1,0,5,0,150,0.47
7,57,1,0,6,0,222,0.0
7,57,1,0,7,0,453,0.54
7,57,1,0,8,1,722,4.86
7,57,1,0,9,1,991,1.53
7,57,1,0,10,1,682,3.69
7,57,1,0,11,1,359,3.57
7,57,1,0,12,0,214,2.98
7,57,1,0,13,0,137,0.0
7,57,1,0,14,0,158,0.19
7,57,1,0,15,0,181,1.57
7,57,1,0,16,0,319,3.44
7,57,1,0,17,1,665,1.33
7,57,1,0,18,1,998,5.74
7,57,1,0,19,1,914,7.07
7,57,1,0,20,1,774,3.58
7,57,1,0,21,0,397,3.55
7,57,1,0,22,0,183,1.16
7,57,1,0,23,0,136,0.0
7,58,2,0,0,0,131,0.82
7,58,2,0,1,0,113,0.97
7,58,2,0,2,0,127,2.6
7,58,2,0,3,0,142,0.0
7,58,2,0,4,0,145,1.38
7,58,2,0,5,0,141,0.0
7,58,2,0,6,0,193,0.0
7,58,2,0,7,0,356,1.46
7,58,2,0,8,1,616,1.16
7,58,2,0,9,1,959,6.08
7,58,2,0,10,1,670,3.59
7,58,2,0,11,1,407,0.85
7,58,2,0,12,0,215,0.0
7,58,2,0,13,0,145,0.69
7,58,2,0,14,0,159,2.7
7,58,2,0,15,0,191,0.36
7,58,2,0,16,0,390,1.29
7,58,2,0,17,1,693,4.13
7,58,2,0,18,1,989,4.09
7,58,2,0,19,1,829,3.06
7,58,2,0,20,1,629,3.68
7,58,2,0,21,0,411,3.97
7,58,2,0,22,0,215,0.0
7,58,2,0,23,0,160,1.28
7,59,3,0,0,0,121,1.78
7,59,3,0,1,0,127,0.0
7,59,3,0,2,0,119,0.38
7,59,3,0,3,0,129,0.0
7,59,3,0,4,0,139,1.34
7,59,3,0,5,0,127,4.46
7,59,3,0,6,0,191,0.08
7,59,3,0,7,0,430,1.04
7,59,3,0,8,1,824,3.03
7,59,3,0,9,1,844,4.3
7,59,3,0,10,1,567,3.07
7,59,3,0,11,1,460,0.0
7,59,3,0,12,0,205,0.0
7,59,3,0,13,0,146,3.95
7,59,3,0,14,0,148,0.26
7,59,3,0,15,0,155,0.0
7,59,3,0,16,0,362,1.59
7,59,3,0,17,1,673,3.84
7,59,3,0,18,1,848,3.45
7,59,3,0,19,1,878,2.1
7,59,3,0,20,1,610,3.25
7,59,3,0,21,0,291,0.0
7,59,3,0,22,0,252,0.01
7,59,3,0,23,0,161,0.55
8,0,0,0,0,0,205,0.27
8,0,0,0,1,0,227,0.0
8,0,0,0,2,0,221,0.0
8,0,0,0,3,0,212,2.16
8,0,0,0,4,0,236,0.18
8,0,0,0,5,0,262,2.8
8,0,0,0,6,0,386,2.35
8,0,0,0,7,0,707,1.9
8,0,0,0,8,1,1381,8.36
8,0,0,0,9,1,1846,8.26
8,0,0,0,10,1,1359,7.54
8,0,0,0,11,1,807,0.0
8,0,0,0,12,0,354,1.92
8,0,0,0,13,0,228,0.0
8,0,0,0,14,0,250,0.62
8,0,0,0,15,0,357,0.99
8,0,0,0,16,0,710,2.44
8,0,0,0,17,1,1156,2.6
8,0,0,0,18,1,1799,6.19
8,0,0,0,19,1,1518,6.39
8,0,0,0,20,1,1119,3.69
8,0,0,0,21,0,680,2.23
8,0,0,0,22,0,433,1.62
8,0,0,0,23,0,275,0.0
8,1,1,0,0,0,220,0.0
8,1,1,0,1,0,218,1.5
8,1,1,0,2,0,256,1.54
8,1,1,0,3,0,232,0.0
8,1,1,0,4,0,260,4.15
8,1,1,0,5,0,265,2.47
8,1,1,0,6,0,397,2.72
8,1,1,0,7,0,688,2.02
8,1,1,0,8,1,1385,7.36
8,1,1,0,9,1,1548,3.14
8,1,1,0,10,1,1289,6.67
8,1,1,0,11,1,663,0.89
8,1,1,0,12,0,391,1.39
8,1,1,0,13,0,278,0.0
8,1,1,0,14,0,258,2.82
8,1,1,0,15,0,331,3.54
8,1,1,0,16,0,609,3.71
8,1,1,0,17,1,1157,2.91
8,1,1,0,18,1,1597,7.21
8,1,1,0,19,1,1662,8.33
8,1,1,0,20,1,1329,3.54
8,1,1,0,21,0,599,0.44
8,1,1,0,22,0,339,3.01
8,1,1,0,23,0,274,0.28
8,2,2,0,0,0,236,3.05
8,2,2,0,1,0,272,1.48
8,2,2,0,2,0,186,1.19
8,2,2,0,3,0,254,1.35
8,2,2,0,4,0,253,1.55
8,2,2,0,5,0,236,0.0
8,2,2,0,6,0,376,3.1
8,2,2,0,7,0,712,3.53
8,2,2,0,8,1,1375,7.88
8,2,2,0,9,1,1651,3.97
8,2,2,0,10,1,1412,8.86
8,2,2,0,11,1,802,2.03
8,2,2,0,12,0,353,0.0
8,2,2,0,13,0,308,0.74
8,2,2,0,14,0,251,0.77
8,2,2,0,15,0,357,3.78
8,2,2,0,16,0,612,4.22
8,2,2,0,17,1,1204,6.63
8,2,2,0,18,1,1873,7.62
8,2,2,0,19,1,1621,6.58
8,2,2,0,20,1,1183,2.25
8,2,2,0,21,0,749,3.36
8,2,2,0,22,0,332,0.0
8,2,2,0,23,0,213,2.01
8,3,3,0,0,0,225,0.22
8,3,3,0,1,0,246,0.21
8,3,3,0,2,0,247,1.13
8,3,3,0,3,0,235,0.0
8,3,3,0,4,0,223,1.8
8,3,3,0,5,0,248,2.8
8,3,3,0,6,0,459,2.82
8,3,3,0,7,0,850,4.48
8,3,3,0,8,1,1285,5.44
8,3,3,0,9,1,1924,6.91
8,3,3,0,10,1,1231,3.22
8,3,3,0,11,1,746,1.48
8,3,3,0,12,0,438,2.08
8,3,3,0,13,0,287,0.7
8,3,3,0,14,0,241,0.0
8,3,3,0,15,0,339,1.88
8,3,3,0,16,0,694,3.68
8,3,3,0,17,1,1050,4.2
8,3,3,0,18,1,1526,6.71
8,3,3,0,19,1,1726,5.15
8,3,3,0,20,1,1285,8.65
8,3,3,0,21,0,710,2.6
8,3,3,0,22,0,356,1.11
8,3,3,0,23,0,246,1.36
8,4,4,0,0,0,215,0.0
8,4,4,0,1,0,240,0.99
8,4,4,0,2,0,225,0.0
8,4,4,0,3,0,242,0.0
8,4,4,0,4,0,236,3.59
8,4,4,0,5,0,276,0.0
8,4,4,0,6,0,347,1.62
8,4,4,0,7,0,675,0.0
8,4,4,0,8,1,1400,6.08
8,4,4,0,9,1,1717,7.26
8,4,4,0,10,1,1336,4.35
8,4,4,0,11,1,790,5.45
8,4,4,0,12,0,371,0.0
8,4,4,0,13,0,242,0.0
8,4,4,0,14,0,269,0.0
8,4,4,0,15,0,379,2.48
8,4,4,0,16,0,570,0.81
8,4,4,0,17,1,1200,4.58
8,4,4,0,18,1,1732,6.72
8,4,4,0,19,1,1831,6.84
8,4,4,0,20,1,1099,2.8
8,4,4,0,21,0,705,2.86
8,4,4,0,22,0,384,2.46
8,4,4,0,23,0,220,0.0
8,5,5,1,0,0,119,0.0
8,5,5,1,1,0,125,2.0
8,5,5,1,2,0,142,0.13
8,5,5,1,3,0,127,0.0
8,5,5,1,4,0,132,0.83
8,5,5,1,5,0,153,1.81
8,5,5,1,6,0,173,0.46
8,5,5,1,7,0,463,1.19
8,5,5,1,8,1,806,2.76
8,5,5,1,9,1,924,1.99
8,5,5,1,10,1,673,3.78
8,5,5,1,11,1,447,1.83
8,5,5,1,12,0,191,0.83
8,5,5,1,13,0,161,3.26
8,5,5,1,14,0,142,0.0
8,5,5,1,15,0,215,0.45
8,5,5,1,16,0,394,2.0
8,5,5,1,17,1,609,2.52
8,5,5,1,18,1,1010,3.82
8,5,5,1,19,1,838,0.97
8,5,5,1,20,1,615,1.84
8,5,5,1,21,0,390,0.0
8,5,5,1,22,0,226,0.0
8,5,5,1,23,0,171,3.27
8,6,6,1,0,0,131,0.0
8,6,6,1,1,0,129,0.0
8,6,6,1,2,0,116,0.9
8,6,6,1,3,0,121,0.0
8,6,6,1,4,0,129,0.0
8,6,6,1,5,0,168,0.0
8,6,6,1,6,0,220,1.1
8,6,6,1,7,0,429,2.36
8,6,6,1,8,1,790,3.56
8,6,6,1,9,1,927,3.8
8,6,6,1,10,1,730,1.55
8,6,6,1,11,1,415,2.02
8,6,6,1,12,0,219,1.15
8,6,6,1,13,0,143,0.49
8,6,6,1,14,0,139,1.03
8,6,6,1,15,0,197,1.06
8,6,6,1,16,0,395,0.52
8,6,6,1,17,1,687,2.8
8,6,6,1,18,1,1062,3.92
8,6,6,1,19,1,965,3.88
8,6,6,1,20,1,583,1.55
8,6,6,1,21,0,392,0.92
8,6,6,1,22,0,165,0.61
8,6,6,1,23,0,131,0.72
8,7,0,0,0,0,266,2.22
8,7,0,0,1,0,265,0.22
8,7,0,0,2,0,234,0.0
8,7,0,0,3,0,223,0.0
8,7,0,0,4,0,214,2.9
8,7,0,0,5,0,218,2.93
8,7,0,0,6,0,425,2.45
8,7,0,0,7,0,691,0.39
8,7,0,0,8,1,1284,6.07
8,7,0,0,9,1,1657,5.06
8,7,0,0,10,1,1466,8.39
8,7,0,0,11,1,745,3.14
8,7,0,0,12,0,340,0.74
8,7,0,0,13,0,277,1.64
8,7,0,0,14,0,254,0.6
8,7,0,0,15,0,353,0.99
8,7,0,0,16,0,688,0.0
8,7,0,0,17,1,1185,5.26
8,7,0,0,18,1,1587,5.63
8,7,0,0,19,1,1603,5.69
8,7,0,0,20,1,1193,4.97
8,7,0,0,21,0,554,3.2
8,7,0,0,22,0,357,4.33
8,7,0,0,23,0,237,0.0
8,8,1,0,0,0,232,1.55
8,8,1,0,1,0,199,0.0
8,8,1,0,2,0,247,0.0
8,8,1,0,3,0,262,0.37
8,8,1,0,4,0,222,1.8
8,8,1,0,5,0,296,1.81
8,8,1,0,6,0,425,4.21
8,8,1,0,7,0,703,4.22
8,8,1,0,8,1,1179,5.35
8,8,1,0,9,1,1647,8.45
8,8,1,0,10,1,1469,6.73
8,8,1,0,11,1,777,3.87
8,8,1,0,12,0,388,1.46
8,8,1,0,13,0,297,3.53
8,8,1,0,14,0,262,1.4
8,8,1,0,15,0,368,0.0
8,8,1,0,16,0,648,4.99
8,8,1,0,17,1,1121,7.66
8,8,1,0,18,1,1819,7.88
8,8,1,0,19,1,1737,5.57
8,8,1,0,20,1,1167,6.83
8,8,1,0,21,0,633,4.12
8,8,1,0,22,0,325,0.0
8,8,1,0,23,0,302,1.19
8,9,2,0,0,0,226,2.95
8,9,2,0,1,0,260,2.42
8,9,2,0,2,0,225,0.47
8,9,2,0,3,0,242,2.01
8,9,2,0,4,0,229,1.17
8,9,2,0,5,0,268,3.0
8,9,2,0,6,0,409,0.0
8,9,2,0,7,0,746,1.59
8,9,2,0,8,1,1404,7.0
8,9,2,0,9,1,1670,6.28
8,9,2,0,10,1,1350,5.71
8,9,2,0,11,1,720,1.05
8,9,2,0,12,0,323,3.19
8,9,2,0,13,0,276,1.65
8,9,2,0,14,0,292,0.0
8,9,2,0,15,0,315,1.84
8,9,2,0,16,0,682,0.13
8,9,2,0,17,1,1227,4.31
8,9,2,0,18,1,1555,5.72
8,9,2,0,19,1,1338,4.46
8,9,2,0,20,1,1125,5.34
8,9,2,0,21,0,657,3.59
8,9,2,0,22,0,291,0.0
8,9,2,0,23,0,274,0.63
8,10,3,0,0,0,252,0.0
8,10,3,0,1,0,250,0.04
8,10,3,0,2,0,222,2.37
8,10,3,0,3,0,258,2.58
8,10,3,0,4,0,278,3.01
8,10,3,0,5,0,246,1.2
8,10,3,0,6,0,375,4.54
8,10,3,0,7,0,826,3.02
8,10,3,0,8,1,1437,3.9
8,10,3,0,9,1,1690,5.35
8,10,3,0,10,1,1161,5.82
8,10,3,0,11,1,814,3.94
8,10,3,0,12,0,381,0.0
8,10,3,0,13,0,241,0.0
8,10,3,0,14,0,260,2.65
8,10,3,0,15,0,397,0.0
8,10,3,0,16,0,629,1.44
8,10,3,0,17,1,951,4.65
8,10,3,0,18,1,1630,6.35
8,10,3,0,19,1,1842,7.5
8,10,3,0,20,1,1151,5.46
8,10,3,0,21,0,722,3.33
8,10,3,0,22,0,386,1.33
8,10,3,0,23,0,261,1.21
8,11,4,0,0,0,222,0.04
8,11,4,0,1,0,262,4.06
8,11,4,0,2,0,266,0.0
8,11,4,0,3,0,210,0.0
8,11,4,0,4,0,242,0.0
8,11,4,0,5,0,250,3.11
8,11,4,0,6,0,416,0.9
8,11,4,0,7,0,733,3.78
8,11,4,0,8,1,1443,4.97
8,11,4,0,9,1,1626,5.65
8,11,4,0,10,1,1200,4.47
8,11,4,0,11,1,741,1.07
8,11,4,0,12,0,406,2.35
8,11,4,0,13,0,281,0.0
8,11,4,0,14,0,223,1.59
8,11,4,0,15,0,346,0.05
8,11,4,0,16,0,599,1.98
8,11,4,0,17,1,1343,4.61
8,11,4,0,18,1,1518,7.05
8,11,4,0,19,1,1686,3.57
8,11,4,0,20,1,1256,8.22
8,11,4,0,21,0,527,0.25
8,11,4,0,22,0,282,1.02
8,11,4,0,23,0,283,1.29
8,12,5,1,0,0,144,1.82
8,12,5,1,1,0,147,2.33
8,12,5,1,2,0,126,0.6
8,12,5,1,3,0,121,0.14
8,12,5,1,4,0,132,0.4
8,12,5,1,5,0,160,0.14
8,12,5,1,6,0,196,0.0
8,12,5,1,7,0,439,0.0
8,12,5,1,8,1,726,4.9
8,12,5,1,9,1,932,3.62
8,12,5,1,10,1,736,1.4
8,12,5,1,11,1,389,1.26
8,12,5,1,12,0,217,2.29
8,12,5,1,13,0,147,2.62
8,12,5,1,14,0,164,1.85
8,12,5,1,15,0,221,0.0
8,12,5,1,16,0,332,2.1
8,12,5,1,17,1,585,1.9
8,12,5,1,18,1,971,6.0
8,12,5,1,19,1,896,2.61
8,12,5,1,20,1,672,1.08
8,12,5,1,21,0,361,1.43
8,12,5,1,22,0,200,0.93
8,12,5,1,23,0,134,0.0
8,13,6,1,0,0,122,0.0
8,13,6,1,1,0,133,1.87
8,13,6,1,2,0,138,0.16
8,13,6,1,3,0,121,1.6
8,13,6,1,4,0,138,0.88
8,13,6,1,5,0,164,0.62
8,13,6,1,6,0,208,0.23
8,13,6,1,7,0,365,2.45
8,13,6,1,8,1,732,3.69
8,13,6,1,9,1,1045,3.59
8,13,6,1,10,1,600,3.12
8,13,6,1,11,1,423,0.59
8,13,6,1,12,0,219,2.06
8,13,6,1,13,0,135,0.09
8,13,6,1,14,0,163,0.0
8,13,6,1,15,0,202,0.0
8,13,6,1,16,0,323,1.53
8,13,6,1,17,1,720,0.84
8,13,6,1,18,1,920,3.12
8,13,6,1,19,1,984,2.11
8,13,6,1,20,1,678,1.73
8,13,6,1,21,0,373,1.6
8,13,6,1,22,0,197,1.5
8,13,6,1,23,0,145,0.38
8,14,0,0,0,0,230,1.04
8,14,0,0,1,0,240,0.0
8,14,0,0,2,0,230,0.0
8,14,0,0,3,0,236,0.06
8,14,0,0,4,0,254,2.03
8,14,0,0,5,0,243,0.97
8,14,0,0,6,0,406,1.36
8,14,0,0,7,0,715,1.22
8,14,0,0,8,1,1434,7.09
8,14,0,0,9,1,1629,7.67
8,14,0,0,10,1,1024,6.09
8,14,0,0,11,1,749,3.21
8,14,0,0,12,0,376,3.6
8,14,0,0,13,0,243,3.18
8,14,0,0,14,0,274,2.03
8,14,0,0,15,0,356,0.0
8,14,0,0,16,0,715,3.33
8,14,0,0,17,1,1322,5.0
8,14,0,0,18,1,1607,8.51
8,14,0,0,19,1,1917,7.68
8,14,0,0,20,1,1121,5.7
8,14,0,0,21,0,652,3.51
8,14,0,0,22,0,358,3.78
8,14,0,0,23,0,248,1.71
8,15,1,0,0,0,227,0.49
8,15,1,0,1,0,228,2.02
8,15,1,0,2,0,254,1.85
8,15,1,0,3,0,234,1.15
8,15,1,0,4,0,256,2.42
8,15,1,0,5,0,206,0.42
8,15,1,0,6,0,379,2.52
8,15,1,0,7,0,755,4.1
8,15,1,0,8,1,1227,5.3
8,15,1,0,9,1,1776,4.89
8,15,1,0,10,1,1613,8.24
8,15,1,0,11,1,759,1.79
8,15,1,0,12,0,381,1.65
8,15,1,0,13,0,275,3.35
8,15,1,0,14,0,255,1.86
8,15,1,0,15,0,328,0.69
8,15,1,0,16,0,686,3.78
8,15,1,0,17,1,1121,3.82
8,15,1,0,18,1,1857,9.17
8,15,1,0,19,1,1690,3.41
8,15,1,0,20,1,1432,5.7
8,15,1,0,21,0,649,1.81
8,15,1,0,22,0,377,2.09
8,15,1,0,23,0,282,0.0
8,16,2,0,0,0,230,3.97
8,16,2,0,1,0,241,0.71
8,16,2,0,2,0,218,1.63
8,16,2,0,3,0,256,2.34
8,16,2,0,4,0,234,1.48
8,16,2,0,5,0,297,2.79
8,16,2,0,6,0,362,0.0
8,16,2,0,7,0,777,4.31
8,16,2,0,8,1,1226,4.89
8,16,2,0,9,1,1622,6.64
8,16,2,0,10,1,1284,7.07
8,16,2,0,11,1,768,1.75
8,16,2,0,12,0,415,0.0
8,16,2,0,13,0,293,2.66
8,16,2,0,14,0,295,0.94
8,16,2,0,15,0,351,1.53
8,16,2,0,16,0,661,1.66
8,16,2,0,17,1,1140,4.01
8,16,2,0,18,1,1507,7.04
8,16,2,0,19,1,1656,6.16
8,16,2,0,20,1,1086,2.6
8,16,2,0,21,0,769,2.14
8,16,2,0,22,0,384,1.78
8,16,2,0,23,0,204,3.5
8,17,3,0,0,0,249,0.0
8,17,3,0,1,0,236,0.0
8,17,3,0,2,0,271,0.0
8,17,3,0,3,0,227,0.0
8,17,3,0,4,0,241,3.02
8,17,3,0,5,0,300,0.6
8,17,3,0,6,0,398,1.71
8,17,3,0,7,0,699,6.43
8,17,3,0,8,1,1489,6.24
8,17,3,0,9,1,1867,9.29
8,17,3,0,10,1,1351,5.89
8,17,3,0,11,1,851,1.98
8,17,3,0,12,0,438,1.41
8,17,3,0,13,0,298,1.18
8,17,3,0,14,0,272,1.04
8,17,3,0,15,0,350,0.99
8,17,3,0,16,0,739,0.0
8,17,3,0,17,1,1074,3.21
8,17,3,0,18,1,1519,8.34
8,17,3,0,19,1,1830,8.21
8,17,3,0,20,1,1132,6.53
8,17,3,0,21,0,581,5.54
8,17,3,0,22,0,346,0.99
8,17,3,0,23,0,253,0.0
8,18,4,0,0,0,273,2.28
8,18,4,0,1,0,259,0.0
8,18,4,0,2,0,240,1.74
8,18,4,0,3,0,242,0.0
8,18,4,0,4,0,260,1.22
8,18,4,0,5,0,242,0.0
8,18,4,0,6,0,405,5.3
8,18,4,0,7,0,697,3.04
8,18,4,0,8,1,1462,3.94
8,18,4,0,9,1,1593,5.08
8,18,4,0,10,1,1448,7.78
8,18,4,0,11,1,769,1.81
8,18,4,0,12,0,373,0.55
8,18,4,0,13,0,245,0.83
8,18,4,0,14,0,277,1.84
8,18,4,0,15,0,366,1.55
8,18,4,0,16,0,662,0.7
8,18,4,0,17,1,1208,3.96
8,18,4,0,18,1,1483,6.49
8,18,4,0,19,1,1581,6.67
8,18,4,0,20,1,1273,3.67
8,18,4,0,21,0,671,0.0
8,18,4,0,22,0,411,0.0
8,18,4,0,23,0,252,3.02
8,19,5,1,0,0,127,0.0
8,19,5,1,1,0,137,1.58
8,19,5,1,2,0,123,0.0
8,19,5,1,3,0,125,0.19
8,19,5,1,4,0,111,0.17
8,19,5,1,5,0,165,0.0
8,19,5,1,6,0,202,0.0
8,19,5,1,7,0,438,3.56
8,19,5,1,8,1,808,1.36
8,19,5,1,9,1,947,5.94
8,19,5,1,10,1,768,3.79
8,19,5,1,11,1,401,1.93
8,19,5,1,12,0,233,1.42
8,19,5,1,13,0,131,0.0
8,19,5,1,14,0,160,1.13
8,19,5,1,15,0,203,0.0
8,19,5,1,16,0,401,4.1
8,19,5,1,17,1,722,5.05
8,19,5,1,18,1,888,2.8
8,19,5,1,19,1,903,3.67
8,19,5,1,20,1,731,4.67
8,19,5,1,21,0,382,0.0
8,19,5,1,22,0,174,1.06
8,19,5,1,23,0,154,0.5
8,20,6,1,0,0,150,0.0
8,20,6,1,1,0,117,0.0
8,20,6,1,2,0,122,1.28
8,20,6,1,3,0,125,0.0
8,20,6,1,4,0,141,0.0
8,20,6,1,5,0,132,0.0
8,20,6,1,6,0,216,1.14
8,20,6,1,7,0,481,3.29
8,20,6,1,8,1,823,3.72
8,20,6,1,9,1,840,3.55
8,20,6,1,10,1,773,4.15
8,20,6,1,11,1,401,2.34
8,20,6,1,12,0,196,0.0
8,20,6,1,13,0,133,0.57
8,20,6,1,14,0,132,0.0
8,20,6,1,15,0,216,0.0
8,20,6,1,16,0,351,1.51
8,20,6,1,17,1,669,1.93
8,20,6,1,18,1,972,4.77
8,20,6,1,19,1,998,3.87
8,20,6,1,20,1,629,1.49
8,20,6,1,21,0,375,0.93
8,20,6,1,22,0,192,0.1
8,20,6,1,23,0,136,0.84
8,21,0,0,0,0,210,1.29
8,21,0,0,1,0,249,0.12
8,21,0,0,2,0,273,1.12
8,21,0,0,3,0,207,0.41
8,21,0,0,4,0,240,1.63
8,21,0,0,5,0,257,0.0
8,21,0,0,6,0,352,0.43
8,21,0,0,7,0,725,1.2
8,21,0,0,8,1,1264,6.05
8,21,0,0,9,1,1875,8.63
8,21,0,0,10,1,1483,7.39
8,21,0,0,11,1,809,2.73
8,21,0,0,12,0,391,0.93
8,21,0,0,13,0,261,1.15
8,21,0,0,14,0,280,1.75
8,21,0,0,15,0,361,1.53
8,21,0,0,16,0,689,3.76
8,21,0,0,17,1,1047,2.57
8,21,0,0,18,1,1810,7.15
8,21,0,0,19,1,1606,6.03
8,21,0,0,20,1,1167,5.5
8,21,0,0,21,0,607,2.47
8,21,0,0,22,0,373,2.09
8,21,0,0,23,0,267,1.84
8,22,1,0,0,0,225,0.0
8,22,1,0,1,0,283,0.68
8,22,1,0,2,0,233,1.95
8,22,1,0,3,0,267,0.25
8,22,1,0,4,0,220,0.0
8,22,1,0,5,0,296,0.0
8,22,1,0,6,0,385,0.07
8,22,1,0,7,0,671,2.25
8,22,1,0,8,1,1242,3.93
8,22,1,0,9,1,1923,8.33
8,22,1,0,10,1,1443,7.01
8,22,1,0,11,1,753,2.35
8,22,1,0,12,0,394,1.83
8,22,1,0,13,0,254,1.21
8,22,1,0,14,0,250,0.74
8,22,1,0,15,0,356,0.0
8,22,1,0,16,0,541,0.76
8,22,1,0,17,1,1365,5.0
8,22,1,0,18,1,1766,3.88
8,22,1,0,19,1,1528,4.08
8,22,1,0,20,1,1173,8.32
8,22,1,0,21,0,690,5.3
8,22,1,0,22,0,358,3.48
8,22,1,0,23,0,306,1.06
8,23,2,0,0,0,226,0.0
8,23,2,0,1,0,230,1.04
8,23,2,0,2,0,275,0.0
8,23,2,0,3,0,238,0.0
8,23,2,0,4,0,231,1.39
8,23,2,0,5,0,273,1.98
8,23,2,0,6,0,398,2.46
8,23,2,0,7,0,762,1.48
8,23,2,0,8,1,1144,3.76
8,23,2,0,9,1,1639,8.44
8,23,2,0,10,1,1332,5.03
8,23,2,0,11,1,782,2.72
8,23,2,0,12,0,411,4.61
8,23,2,0,13,0,312,1.39
8,23,2,0,14,0,272,3.46
8,23,2,0,15,0,361,2.46
8,23,2,0,16,0,605,1.95
8,23,2,0,17,1,1303,4.13
8,23,2,0,18,1,1646,4.22
8,23,2,0,19,1,1929,9.61
8,23,2,0,20,1,1210,5.6
8,23,2,0,21,0,687,4.82
8,23,2,0,22,0,350,2.5
8,23,2,0,23,0,285,2.96
8,24,3,0,0,0,193,0.0
8,24,3,0,1,0,217,1.09
8,24,3,0,2,0,198,0.0
8,24,3,0,3,0,278,2.04
8,24,3,0,4,0,241,1.51
8,24,3,0,5,0,265,2.56
8,24,3,0,6,0,366,1.74
8,24,3,0,7,0,773,1.52
8,24,3,0,8,1,1480,5.25
8,24,3,0,9,1,1792,7.34
8,24,3,0,10,1,1518,4.51
8,24,3,0,11,1,693,1.41
8,24,3,0,12,0,390,3.87
8,24,3,0,13,0,300,0.0
8,24,3,0,14,0,270,0.0
8,24,3,0,15,0,389,3.23
8,24,3,0,16,0,664,2.78
8,24,3,0,17,1,1199,3.62
8,24,3,0,18,1,1720,6.53
8,24,3,0,19,1,1786,6.97
8,24,3,0,20,1,1110,2.14
8,24,3,0,21,0,567,4.24
8,24,3,0,22,0,352,1.92
8,24,3,0,23,0,300,0.36
8,25,4,0,0,0,224,0.7
8,25,4,0,1,0,237,3.78
8,25,4,0,2,0,266,2.0
8,25,4,0,3,0,264,0.79
8,25,4,0,4,0,245,0.53
8,25,4,0,5,0,235,2.75
8,25,4,0,6,0,402,1.64
8,25,4,0,7,0,759,0.78
8,25,4,0,8,1,1238,5.46
8,25,4,0,9,1,1587,6.02
8,25,4,0,10,1,1331,4.3
8,25,4,0,11,1,700,0.38
8,25,4,0,12,0,382,2.46
8,25,4,0,13,0,231,0.89
8,25,4,0,14,0,271,0.0
8,25,4,0,15,0,408,1.05
8,25,4,0,16,0,660,2.4
8,25,4,0,17,1,1023,5.61
8,25,4,0,18,1,1535,5.79
8,25,4,0,19,1,1742,9.16
8,25,4,0,20,1,1089,3.69
8,25,4,0,21,0,740,3.66
8,25,4,0,22,0,385,0.0
8,25,4,0,23,0,254,0.76
8,26,5,1,0,0,121,0.0
8,26,5,1,1,0,124,2.53
8,26,5,1,2,0,130,2.58
8,26,5,1,3,0,132,0.0
8,26,5,1,4,0,145,0.9
8,26,5,1,5,0,155,0.0
8,26,5,1,6,0,230,2.52
8,26,5,1,7,0,427,0.5
8,26,5,1,8,1,735,3.86
8,26,5,1,9,1,928,4.61
8,26,5,1,10,1,798,2.22
8,26,5,1,11,1,379,1.46
8,26,5,1,12,0,207,2.01
8,26,5,1,13,0,133,2.06
8,26,5,1,14,0,161,0.64
8,26,5,1,15,0,202,0.0
8,26,5,1,16,0,350,0.79
8,26,5,1,17,1,731,2.82
8,26,5,1,18,1,817,3.65
8,26,5,1,19,1,975,3.86
8,26,5,1,20,1,733,4.1
8,26,5,1,21,0,335,0.51
8,26,5,1,22,0,205,0.0
8,26,5,1,23,0,148,0.0
8,27,6,1,0,0,140,1.92
8,27,6,1,1,0,135,0.0
8,27,6,1,2,0,131,0.0
8,27,6,1,3,0,119,0.0
8,27,6,1,4,0,139,0.62
8,27,6,1,5,0,161,1.79
8,27,6,1,6,0,223,0.0
8,27,6,1,7,0,408,0.04
8,27,6,1,8,1,727,1.87
8,27,6,1,9,1,884,5.13
8,27,6,1,10,1,766,4.57
8,27,6,1,11,1,364,1.54
8,27,6,1,12,0,229,3.18
8,27,6,1,13,0,128,0.0
8,27,6,1,14,0,158,0.34
8,27,6,1,15,0,186,0.0
8,27,6,1,16,0,338,0.0
8,27,6,1,17,1,659,3.98
8,27,6,1,18,1,822,3.67
8,27,6,1,19,1,976,3.9
8,27,6,1,20,1,571,2.86
8,27,6,1,21,0,364,1.22
8,27,6,1,22,0,192,0.9
8,27,6,1,23,0,150,4.19
8,28,0,0,0,0,238,3.22
8,28,0,0,1,0,243,0.82
8,28,0,0,2,0,239,0.0
8,28,0,0,3,0,242,0.0
8,28,0,0,4,0,222,1.05
8,28,0,0,5,0,287,3.29
8,28,0,0,6,0,379,1.75
8,28,0,0,7,0,819,1.28
8,28,0,0,8,1,1386,4.3
8,28,0,0,9,1,1634,5.85
8,28,0,0,10,1,1389,6.38
8,28,0,0,11,1,813,3.77
8,28,0,0,12,0,392,4.35
8,28,0,0,13,0,233,3.48
8,28,0,0,14,0,259,1.89
8,28,0,0,15,0,356,0.37
8,28,0,0,16,0,692,4.33
8,28,0,0,17,1,1238,4.14
8,28,0,0,18,1,2143,10.37
8,28,0,0,19,1,1787,6.62
8,28,0,0,20,1,1133,4.11
8,28,0,0,21,0,724,1.41
8,28,0,0,22,0,334,2.15
8,28,0,0,23,0,269,0.0
8,29,1,0,0,0,216,3.02
8,29,1,0,1,0,243,0.0
8,29,1,0,2,0,212,0.31
8,29,1,0,3,0,250,1.89
8,29,1,0,4,0,261,0.0
8,29,1,0,5,0,267,3.21
8,29,1,0,6,0,427,2.25
8,29,1,0,7,0,902,4.52
8,29,1,0,8,1,1455,5.89
8,29,1,0,9,1,1553,4.9
8,29,1,0,10,1,1362,5.13
8,29,1,0,11,1,651,1.07
8,29,1,0,12,0,376,2.59
8,29,1,0,13,0,265,0.95
8,29,1,0,14,0,244,1.01
8,29,1,0,15,0,404,1.85
8,29,1,0,16,0,586,0.47
8,29,1,0,17,1,1249,4.66
8,29,1,0,18,1,1653,5.69
8,29,1,0,19,1,1730,6.47
8,29,1,0,20,1,1175,3.42
8,29,1,0,21,0,715,2.53
8,29,1,0,22,0,383,0.0
8,29,1,0,23,0,299,3.11
8,30,2,0,0,0,200,0.0
8,30,2,0,1,0,245,0.0
8,30,2,0,2,0,234,1.58
8,30,2,0,3,0,233,1.74
8,30,2,0,4,0,226,0.0
8,30,2,0,5,0,283,2.6
8,30,2,0,6,0,463,0.0
8,30,2,0,7,0,804,0.26
8,30,2,0,8,1,1531,6.86
8,30,2,0,9,1,1531,7.29
8,30,2,0,10,1,1283,5.58
8,30,2,0,11,1,771,5.7
8,30,2,0,12,0,442,0.87
8,30,2,0,13,0,288,1.68
8,30,2,0,14,0,235,0.0
8,30,2,0,15,0,434,2.27
8,30,2,0,16,0,719,2.56
8,30,2,0,17,1,1141,4.6
8,30,2,0,18,1,1627,4.27
8,30,2,0,19,1,1529,7.18
8,30,2,0,20,1,1156,4.66
8,30,2,0,21,0,678,3.18
8,30,2,0,22,0,399,0.0
8,30,2,0,23,0,274,2.23
8,31,3,0,0,0,255,0.0
8,31,3,0,1,0,241,3.54
8,31,3,0,2,0,234,1.66
8,31,3,0,3,0,251,0.0
8,31,3,0,4,0,274,1.85
8,31,3,0,5,0,273,0.0
8,31,3,0,6,0,411,2.4
8,31,3,0,7,0,858,2.97
8,31,3,0,8,1,1236,3.92
8,31,3,0,9,1,1590,4.68
8,31,3,0,10,1,1481,7.92
8,31,3,0,11,1,747,2.4
8,31,3,0,12,0,330,2.36
8,31,3,0,13,0,301,0.25
8,31,3,0,14,0,263,1.7
8,31,3,0,15,0,416,1.96
8,31,3,0,16,0,676,2.97
8,31,3,0,17,1,1056,2.05
8,31,3,0,18,1,1555,7.74
8,31,3,0,19,1,1618,5.68
8,31,3,0,20,1,1140,4.35
8,31,3,0,21,0,757,2.8
8,31,3,0,22,0,343,1.41
8,31,3,0,23,0,299,0.44
8,32,4,0,0,0,214,0.1
8,32,4,0,1,0,239,1.99
8,32,4,0,2,0,255,0.0
8,32,4,0,3,0,218,0.39
8,32,4,0,4,0,252,0.0
8,32,4,0,5,0,250,0.11
8,32,4,0,6,0,415,2.45
8,32,4,0,7,0,814,5.26
8,32,4,0,8,1,1310,3.46
8,32,4,0,9,1,1500,3.24
8,32,4,0,10,1,1293,4.6
8,32,4,0,11,1,807,3.25
8,32,4,0,12,0,371,1.31
8,32,4,0,13,0,244,2.51
8,32,4,0,14,0,248,0.0
8,32,4,0,15,0,390,2.42
8,32,4,0,16,0,574,3.58
8,32,4,0,17,1,1122,3.93
8,32,4,0,18,1,1688,7.63
8,32,4,0,19,1,1722,6.81
8,32,4,0,20,1,1152,5.23
8,32,4,0,21,0,660,5.35
8,32,4,0,22,0,383,0.15
8,32,4,0,23,0,252,1.08
8,33,5,1,0,0,143,2.69
8,33,5,1,1,0,126,0.0
8,33,5,1,2,0,119,0.85
8,33,5,1,3,0,154,1.42
8,33,5,1,4,0,114,0.0
8,33,5,1,5,0,137,0.0
8,33,5,1,6,0,205,1.37
8,33,5,1,7,0,440,3.4
8,33,5,1,8,1,769,0.14
8,33,5,1,9,1,834,3.1
8,33,5,1,10,1,747,4.28
8,33,5,1,11,1,419,1.75
8,33,5,1,12,0,216,0.48
8,33,5,1,13,0,147,2.28
8,33,5,1,14,0,145,0.53
8,33,5,1,15,0,200,2.75
8,33,5,1,16,0,334,4.0
8,33,5,1,17,1,594,1.39
8,33,5,1,18,1,969,5.42
8,33,5,1,19,1,812,1.61
8,33,5,1,20,1,670,6.2
8,33,5,1,21,0,403,1.24
8,33,5,1,22,0,162,0.77
8,33,5,1,23,0,148,0.02
8,34,6,1,0,0,121,0.72
8,34,6,1,1,0,120,3.29
8,34,6,1,2,0,146,1.57
8,34,6,1,3,0,131,0.0
8,34,6,1,4,0,131,2.98
8,34,6,1,5,0,154,0.92
8,34,6,1,6,0,228,1.73
8,34,6,1,7,0,430,3.19
8,34,6,1,8,1,769,4.36
8,34,6,1,9,1,923,3.31
8,34,6,1,10,1,706,1.82
8,34,6,1,11,1,364,0.09
8,34,6,1,12,0,196,0.02
8,34,6,1,13,0,164,0.42
8,34,6,1,14,0,148,1.0
8,34,6,1,15,0,227,0.04
8,34,6,1,16,0,359,1.28
8,34,6,1,17,1,715,4.88
8,34,6,1,18,1,949,5.65
8,34,6,1,19,1,927,3.45
8,34,6,1,20,1,717,3.6
8,34,6,1,21,0,344,2.87
8,34,6,1,22,0,198,0.3
8,34,6,1,23,0,154,0.48
8,35,0,0,0,0,244,1.97
8,35,0,0,1,0,221,1.46
8,35,0,0,2,0,262,0.0
8,35,0,0,3,0,245,0.0
8,35,0,0,4,0,259,2.55
8,35,0,0,5,0,255,4.33
8,35,0,0,6,0,420,2.74
8,35,0,0,7,0,798,4.67
8,35,0,0,8,1,1236,5.24
8,35,0,0,9,1,1708,6.23
8,35,0,0,10,1,1393,7.42
8,35,0,0,11,1,733,2.85
8,35,0,0,12,0,361,0.0
8,35,0,0,13,0,282,1.09
8,35,0,0,14,0,266,0.0
8,35,0,0,15,0,360,3.08
8,35,0,0,16,0,666,2.71
8,35,0,0,17,1,1212,2.99
8,35,0,0,18,1,1746,5.1
8,35,0,0,19,1,1538,4.58
8,35,0,0,20,1,1176,4.18
8,35,0,0,21,0,666,1.31
8,35,0,0,22,0,395,2.83
8,35,0,0,23,0,259,0.32
8,36,1,0,0,0,225,0.43
8,36,1,0,1,0,210,0.0
8,36,1,0,2,0,253,1.46
8,36,1,0,3,0,267,0.62
8,36,1,0,4,0,232,0.32
8,36,1,0,5,0,256,0.03
8,36,1,0,6,0,394,1.62
8,36,1,0,7,0,728,4.79
8,36,1,0,8,1,1546,7.93
8,36,1,0,9,1,1731,8.07
8,36,1,0,10,1,1542,7.31
8,36,1,0,11,1,723,3.48
8,36,1,0,12,0,406,0.13
8,36,1,0,13,0,260,2.69
8,36,1,0,14,0,226,0.0
8,36,1,0,15,0,361,1.97
8,36,1,0,16,0,594,2.19
8,36,1,0,17,1,1302,5.31
8,36,1,0,18,1,1788,6.26
8,36,1,0,19,1,1555,7.49
8,36,1,0,20,1,1228,3.13
8,36,1,0,21,0,623,4.84
8,36,1,0,22,0,339,2.76
8,36,1,0,23,0,252,1.0
8,37,2,0,0,0,242,0.0
8,37,2,0,1,0,209,0.97
8,37,2,0,2,0,223,2.39
8,37,2,0,3,0,206,1.67
8,37,2,0,4,0,213,0.32
8,37,2,0,5,0,240,3.81
8,37,2,0,6,0,345,1.2
8,37,2,0,7,0,654,5.02
8,37,2,0,8,1,1386,5.75
8,37,2,0,9,1,1852,7.63
8,37,2,0,10,1,1366,5.66
8,37,2,0,11,1,793,2.43
8,37,2,0,12,0,380,2.74
8,37,2,0,13,0,272,0.92
8,37,2,0,14,0,235,3.19
8,37,2,0,15,0,346,2.86
8,37,2,0,16,0,675,0.76
8,37,2,0,17,1,1312,5.63
8,37,2,0,18,1,1840,7.09
8,37,2,0,19,1,1756,4.38
8,37,2,0,20,1,1145,2.67
8,37,2,0,21,0,646,3.29
8,37,2,0,22,0,348,2.69
8,37,2,0,23,0,244,2.3
8,38,3,0,0,0,261,2.56
8,38,3,0,1,0,230,0.0
8,38,3,0,2,0,247,0.8
8,38,3,0,3,0,218,0.04
8,38,3,0,4,0,266,0.0
8,38,3,0,5,0,272,1.41
8,38,3,0,6,0,375,2.47
8,38,3,0,7,0,858,2.99
8,38,3,0,8,1,1316,6.2
8,38,3,0,9,1,1779,6.92
8,38,3,0,10,1,1310,1.91
8,38,3,0,11,1,712,1.14
8,38,3,0,12,0,407,1.26
8,38,3,0,13,0,260,1.03
8,38,3,0,14,0,247,3.32
8,38,3,0,15,0,404,4.04
8,38,3,0,16,0,702,2.76
8,38,3,0,17,1,1346,4.36
8,38,3,0,18,1,1547,5.29
8,38,3,0,19,1,1732,5.78
8,38,3,0,20,1,1178,2.31
8,38,3,0,21,0,692,0.49
8,38,3,0,22,0,338,3.18
8,38,3,0,23,0,287,1.71
8,39,4,0,0,0,241,0.17
8,39,4,0,1,0,222,0.34
8,39,4,0,2,0,208,1.21
8,39,4,0,3,0,237,0.0
8,39,4,0,4,0,269,1.99
8,39,4,0,5,0,277,0.38
8,39,4,0,6,0,386,2.49
8,39,4,0,7,0,768,5.47
8,39,4,0,8,1,1321,4.53
8,39,4,0,9,1,1741,5.07
8,39,4,0,10,1,1442,3.82
8,39,4,0,11,1,798,2.22
8,39,4,0,12,0,401,2.97
8,39,4,0,13,0,269,0.0
8,39,4,0,14,0,246,0.0
8,39,4,0,15,0,310,2.93
8,39,4,0,16,0,672,0.98
8,39,4,0,17,1,1331,4.27
8,39,4,0,18,1,1696,5.55
8,39,4,0,19,1,1394,3.53
8,39,4,0,20,1,1150,5.95
8,39,4,0,21,0,684,2.95
8,39,4,0,22,0,307,3.13
8,39,4,0,23,0,267,0.89
8,40,5,1,0,0,142,2.44
8,40,5,1,1,0,142,0.2
8,40,5,1,2,0,119,1.96
8,40,5,1,3,0,116,3.38
8,40,5,1,4,0,132,0.0
8,40,5,1,5,0,130,0.0
8,40,5,1,6,0,214,0.85
8,40,5,1,7,0,376,0.97
8,40,5,1,8,1,657,3.51
8,40,5,1,9,1,907,3.06
8,40,5,1,10,1,662,2.2
8,40,5,1,11,1,403,2.09
8,40,5,1,12,0,215,2.05
8,40,5,1,13,0,140,0.0
8,40,5,1,14,0,157,0.0
8,40,5,1,15,0,183,0.67
8,40,5,1,16,0,375,0.7
8,40,5,1,17,1,627,1.92
8,40,5,1,18,1,1018,4.07
8,40,5,1,19,1,843,1.94
8,40,5,1,20,1,642,2.92
8,40,5,1,21,0,380,1.71
8,40,5,1,22,0,187,0.11
8,40,5,1,23,0,153,0.0
8,41,6,1,0,0,125,1.4
8,41,6,1,1,0,139,0.27
8,41,6,1,2,0,125,0.0
8,41,6,1,3,0,135,2.52
8,41,6,1,4,0,158,1.21
8,41,6,1,5,0,143,0.0
8,41,6,1,6,0,180,0.99
8,41,6,1,7,0,496,3.89
8,41,6,1,8,1,804,3.58
8,41,6,1,9,1,937,0.11
8,41,6,1,10,1,783,2.26
8,41,6,1,11,1,394,1.09
8,41,6,1,12,0,206,0.0
8,41,6,1,13,0,146,0.0
8,41,6,1,14,0,147,0.0
8,41,6,1,15,0,198,0.0
8,41,6,1,16,0,347,1.6
8,41,6,1,17,1,571,1.05
8,41,6,1,18,1,956,1.7
8,41,6,1,19,1,1044,5.98
8,41,6,1,20,1,630,1.34
8,41,6,1,21,0,372,0.0
8,41,6,1,22,0,169,0.0
8,41,6,1,23,0,143,0.71
8,42,0,0,0,0,225,2.81
8,42,0,0,1,0,208,0.0
8,42,0,0,2,0,245,0.0
8,42,0,0,3,0,214,1.04
8,42,0,0,4,0,219,0.68
8,42,0,0,5,0,248,0.0
8,42,0,0,6,0,321,1.49
8,42,0,0,7,0,683,2.48
8,42,0,0,8,1,1288,4.84
8,42,0,0,9,1,1637,6.84
8,42,0,0,10,1,1264,6.92
8,42,0,0,11,1,647,2.25
8,42,0,0,12,0,412,2.36
8,42,0,0,13,0,245,0.0
8,42,0,0,14,0,244,1.87
8,42,0,0,15,0,344,1.76
8,42,0,0,16,0,680,6.27
8,42,0,0,17,1,1222,3.67
8,42,0,0,18,1,1468,5.46
8,42,0,0,19,1,1647,3.27
8,42,0,0,20,1,1124,4.94
8,42,0,0,21,0,637,4.0
8,42,0,0,22,0,320,2.3
8,42,0,0,23,0,282,2.56
8,43,1,0,0,0,207,1.3
8,43,1,0,1,0,224,0.0
8,43,1,0,2,0,228,0.0
8,43,1,0,3,0,254,1.79
8,43,1,0,4,0,217,0.0
8,43,1,0,5,0,254,0.91
8,43,1,0,6,0,417,2.7
8,43,1,0,7,0,762,2.66
8,43,1,0,8,1,1152,6.55
8,43,1,0,9,1,1598,8.72
8,43,1,0,10,1,1364,8.49
8,43,1,0,11,1,796,1.04
8,43,1,0,12,0,367,1.21
8,43,1,0,13,0,247,0.42
8,43,1,0,14,0,236,0.95
8,43,1,0,15,0,373,0.0
8,43,1,0,16,0,769,3.17
8,43,1,0,17,1,1114,2.01
8,43,1,0,18,1,1671,6.29
8,43,1,0,19,1,1767,6.85
8,43,1,0,20,1,1078,6.82
8,43,1,0,21,0,689,2.37
8,43,1,0,22,0,370,2.19
8,43,1,0,23,0,232,1.16
8,44,2,0,0,0,228,1.67
8,44,2,0,1,0,222,0.0
8,44,2,0,2,0,268,2.92
8,44,2,0,3,0,174,2.43
8,44,2,0,4,0,238,0.0
8,44,2,0,5,0,241,0.0
8,44,2,0,6,0,365,0.0
8,44,2,0,7,0,677,1.15
8,44,2,0,8,1,1377,5.58
8,44,2,0,9,1,1731,6.82
8,44,2,0,10,1,1202,5.55
8,44,2,0,11,1,698,3.76
8,44,2,0,12,0,350,0.37
8,44,2,0,13,0,258,2.04
8,44,2,0,14,0,269,1.11
8,44,2,0,15,0,421,0.0
8,44,2,0,16,0,611,0.82
8,44,2,0,17,1,1023,3.01
8,44,2,0,18,1,1754,6.13
8,44,2,0,19,1,1618,3.89
8,44,2,0,20,1,1116,3.77
8,44,2,0,21,0,700,0.29
8,44,2,0,22,0,352,3.04
8,44,2,0,23,0,253,0.0
8,45,3,0,0,0,260,2.14
8,45,3,0,1,0,253,0.0
8,45,3,0,2,0,265,0.0
8,45,3,0,3,0,227,0.0
8,45,3,0,4,0,257,0.76
8,45,3,0,5,0,272,1.2
8,45,3,0,6,0,383,0.11
8,45,3,0,7,0,869,1.28
8,45,3,0,8,1,1387,6.11
8,45,3,0,9,1,1810,9.32
8,45,3,0,10,1,1328,6.11
8,45,3,0,11,1,866,3.37
8,45,3,0,12,0,353,0.84
8,45,3,0,13,0,238,1.51
8,45,3,0,14,0,288,0.97
8,45,3,0,15,0,318,2.8
8,45,3,0,16,0,571,0.0
8,45,3,0,17,1,1175,5.08
8,45,3,0,18,1,1719,6.78
8,45,3,0,19,1,1897,7.69
8,45,3,0,20,1,1291,6.34
8,45,3,0,21,0,597,2.13
8,45,3,0,22,0,428,0.96
8,45,3,0,23,0,248,1.25
8,46,4,0,0,0,227,0.0
8,46,4,0,1,0,227,3.06
8,46,4,0,2,0,234,0.0
8,46,4,0,3,0,208,4.14
8,46,4,0,4,0,235,1.59
8,46,4,0,5,0,246,1.47
8,46,4,0,6,0,431,0.75
8,46,4,0,7,0,787,1.04
8,46,4,0,8,1,1560,6.64
8,46,4,0,9,1,1602,5.96
8,46,4,0,10,1,1288,4.46
8,46,4,0,11,1,610,2.29
8,46,4,0,12,0,382,2.26
8,46,4,0,13,0,255,0.0
8,46,4,0,14,0,265,0.0
8,46,4,0,15,0,370,0.0
8,46,4,0,16,0,726,3.93
8,46,4,0,17,1,1104,5.41
8,46,4,0,18,1,1677,5.19
8,46,4,0,19,1,1393,6.05
8,46,4,0,20,1,1117,6.11
8,46,4,0,21,0,667,1.62
8,46,4,0,22,0,418,2.54
8,46,4,0,23,0,186,0.01
8,47,5,1,0,0,115,0.0
8,47,5,1,1,0,128,1.04
8,47,5,1,2,0,132,2.14
8,47,5,1,3,0,136,1.41
8,47,5,1,4,0,133,2.46
8,47,5,1,5,0,140,0.12
8,47,5,1,6,0,180,2.3
8,47,5,1,7,0,415,6.06
8,47,5,1,8,1,714,2.99
8,47,5,1,9,1,951,2.15
8,47,5,1,10,1,759,3.09
8,47,5,1,11,1,407,3.39
8,47,5,1,12,0,197,1.2
8,47,5,1,13,0,163,0.0
8,47,5,1,14,0,142,4.09
8,47,5,1,15,0,209,0.08
8,47,5,1,16,0,390,0.71
8,47,5,1,17,1,573,4.35
8,47,5,1,18,1,834,7.01
8,47,5,1,19,1,878,6.71
8,47,5,1,20,1,584,3.87
8,47,5,1,21,0,381,2.78
8,47,5,1,22,0,216,0.12
8,47,5,1,23,0,129,0.44
8,48,6,1,0,0,132,0.0
8,48,6,1,1,0,133,1.03
8,48,6,1,2,0,120,1.07
8,48,6,1,3,0,127,0.0
8,48,6,1,4,0,140,0.0
8,48,6,1,5,0,139,0.66
8,48,6,1,6,0,235,1.23
8,48,6,1,7,0,435,1.29
8,48,6,1,8,1,734,2.86
8,48,6,1,9,1,932,3.28
8,48,6,1,10,1,817,2.71
8,48,6,1,11,1,360,5.55
8,48,6,1,12,0,207,2.8
8,48,6,1,13,0,162,2.07
8,48,6,1,14,0,143,1.0
8,48,6,1,15,0,180,3.71
8,48,6,1,16,0,341,0.98
8,48,6,1,17,1,661,2.48
8,48,6,1,18,1,866,5.56
8,48,6,1,19,1,984,4.42
8,48,6,1,20,1,635,4.14
8,48,6,1,21,0,352,3.76
8,48,6,1,22,0,203,2.66
8,48,6,1,23,0,143,0.68
8,49,0,0,0,0,259,4.33
8,49,0,0,1,0,266,2.38
8,49,0,0,2,0,247,0.23
8,49,0,0,3,0,242,0.0
8,49,0,0,4,0,246,1.64
8,49,0,0,5,0,221,0.94
8,49,0,0,6,0,399,1.47
8,49,0,0,7,0,781,1.11
8,49,0,0,8,1,1259,6.59
8,49,0,0,9,1,1657,7.14
8,49,0,0,10,1,1284,5.17
8,49,0,0,11,1,619,3.75
8,49,0,0,12,0,442,0.17
8,49,0,0,13,0,246,1.65
8,49,0,0,14,0,296,1.18
8,49,0,0,15,0,330,1.01
8,49,0,0,16,0,611,1.44
8,49,0,0,17,1,1163,3.26
8,49,0,0,18,1,1559,6.35
8,49,0,0,19,1,1691,4.63
8,49,0,0,20,1,1230,4.35
8,49,0,0,21,0,704,3.99
8,49,0,0,22,0,350,2.32
8,49,0,0,23,0,245,2.97
8,50,1,0,0,0,221,1.41
8,50,1,0,1,0,233,0.0
8,50,1,0,2,0,253,0.09
8,50,1,0,3,0,204,0.0
8,50,1,0,4,0,222,2.95
8,50,1,0,5,0,289,0.08
8,50,1,0,6,0,374,0.8
8,50,1,0,7,0,678,1.29
8,50,1,0,8,1,1448,6.55
8,50,1,0,9,1,1693,4.77
8,50,1,0,10,1,1353,1.96
8,50,1,0,11,1,810,3.63
8,50,1,0,12,0,345,3.8
8,50,1,0,13,0,228,1.71
8,50,1,0,14,0,277,0.0
8,50,1,0,15,0,365,0.0
8,50,1,0,16,0,514,0.45
8,50,1,0,17,1,1134,5.5
8,50,1,0,18,1,1672,6.83
8,50,1,0,19,1,1528,5.32
8,50,1,0,20,1,1104,2.58
8,50,1,0,21,0,634,2.65
8,50,1,0,22,0,349,0.91
8,50,1,0,23,0,277,0.36
8,51,2,0,0,0,211,1.69
8,51,2,0,1,0,241,1.46
8,51,2,0,2,0,248,1.68
8,51,2,0,3,0,237,4.54
8,51,2,0,4,0,214,0.0
8,51,2,0,5,0,283,1.35
8,51,2,0,6,0,409,1.89
8,51,2,0,7,0,842,1.86
8,51,2,0,8,1,1487,7.7
8,51,2,0,9,1,1496,6.93
8,51,2,0,10,1,1338,4.44
8,51,2,0,11,1,644,1.06
8,51,2,0,12,0,408,2.85
8,51,2,0,13,0,261,2.27
8,51,2,0,14,0,285,1.37
8,51,2,0,15,0,345,2.04
8,51,2,0,16,0,692,3.78
8,51,2,0,17,1,1275,3.06
8,51,2,0,18,1,1595,3.53
8,51,2,0,19,1,1762,6.73
8,51,2,0,20,1,1233,2.72
8,51,2,0,21,0,741,1.17
8,51,2,0,22,0,388,1.73
8,51,2,0,23,0,258,0.63
8,52,3,0,0,0,224,2.84
8,52,3,0,1,0,237,0.0
8,52,3,0,2,0,229,1.11
8,52,3,0,3,0,253,0.11
8,52,3,0,4,0,229,0.95
8,52,3,0,5,0,281,0.0
8,52,3,0,6,0,402,0.91
8,52,3,0,7,0,739,5.96
8,52,3,0,8,1,1321,6.42
8,52,3,0,9,1,1752,5.24
8,52,3,0,10,1,1144,5.81
8,52,3,0,11,1,693,0.28
8,52,3,0,12,0,418,0.14
8,52,3,0,13,0,249,3.96
8,52,3,0,14,0,230,0.0
8,52,3,0,15,0,352,1.05
8,52,3,0,16,0,618,0.73
8,52,3,0,17,1,1336,5.74
8,52,3,0,18,1,1740,6.75
8,52,3,0,19,1,1701,8.2
8,52,3,0,20,1,1097,4.79
8,52,3,0,21,0,703,5.13
8,52,3,0,22,0,423,1.8
8,52,3,0,23,0,286,0.0
8,53,4,0,0,0,266,0.0
8,53,4,0,1,0,232,1.59
8,53,4,0,2,0,233,1.23
8,53,4,0,3,0,267,0.49
8,53,4,0,4,0,218,3.59
8,53,4,0,5,0,273,3.98
8,53,4,0,6,0,413,0.0
8,53,4,0,7,0,798,1.72
8,53,4,0,8,1,1343,5.26
8,53,4,0,9,1,1442,4.55
8,53,4,0,10,1,1580,6.68
8,53,4,0,11,1,748,5.71
8,53,4,0,12,0,374,1.36
8,53,4,0,13,0,287,0.55
8,53,4,0,14,0,249,0.0
8,53,4,0,15,0,338,0.0
8,53,4,0,16,0,674,1.78
8,53,4,0,17,1,1398,4.01
8,53,4,0,18,1,1849,7.73
8,53,4,0,19,1,1770,8.2
8,53,4,0,20,1,981,3.91
8,53,4,0,21,0,652,0.91
8,53,4,0,22,0,379,4.09
8,53,4,0,23,0,206,0.02
8,54,5,1,0,0,117,0.58
8,54,5,1,1,0,126,0.0
8,54,5,1,2,0,137,3.0
8,54,5,1,3,0,158,0.0
8,54,5,1,4,0,112,1.29
8,54,5,1,5,0,163,1.87
8,54,5,1,6,0,239,0.62
8,54,5,1,7,0,397,1.76
8,54,5,1,8,1,719,3.87
8,54,5,1,9,1,982,5.5
8,54,5,1,10,1,768,3.44
8,54,5,1,11,1,444,0.0
8,54,5,1,12,0,216,0.94
8,54,5,1,13,0,148,0.46
8,54,5,1,14,0,151,0.0
8,54,5,1,15,0,219,1.59
8,54,5,1,16,0,370,0.43
8,54,5,1,17,1,698,3.1
8,54,5,1,18,1,859,3.35
8,54,5,1,19,1,960,4.67
8,54,5,1,20,1,681,2.86
8,54,5,1,21,0,396,3.44
8,54,5,1,22,0,213,0.0
8,54,5,1,23,0,132,0.0
8,55,6,1,0,0,150,1.02
8,55,6,1,1,0,152,0.43
8,55,6,1,2,0,127,0.4
8,55,6,1,3,0,129,0.0
8,55,6,1,4,0,119,1.23
8,55,6,1,5,0,156,4.29
8,55,6,1,6,0,205,0.29
8,55,6,1,7,0,391,3.25
8,55,6,1,8,1,786,1.83
8,55,6,1,9,1,845,4.81
8,55,6,1,10,1,761,4.18
8,55,6,1,11,1,388,0.0
8,55,6,1,12,0,197,1.82
8,55,6,1,13,0,171,0.04
8,55,6,1,14,0,172,1.93
8,55,6,1,15,0,179,1.04
8,55,6,1,16,0,391,0.0
8,55,6,1,17,1,689,4.52
8,55,6,1,18,1,943,3.68
8,55,6,1,19,1,902,3.26
8,55,6,1,20,1,594,1.34
8,55,6,1,21,0,354,1.59
8,55,6,1,22,0,192,0.0
8,55,6,1,23,0,153,1.17
8,56,0,0,0,0,226,1.66
8,56,0,0,1,0,228,1.01
8,56,0,0,2,0,255,0.11
8,56,0,0,3,0,214,0.64
8,56,0,0,4,0,213,0.44
8,56,0,0,5,0,256,0.0
8,56,0,0,6,0,402,1.33
8,56,0,0,7,0,831,3.65
8,56,0,0,8,1,1422,7.47
8,56,0,0,9,1,1639,6.55
8,56,0,0,10,1,1174,6.56
8,56,0,0,11,1,750,1.49
8,56,0,0,12,0,409,0.0
8,56,0,0,13,0,257,2.39
8,56,0,0,14,0,256,0.0
8,56,0,0,15,0,354,0.0
8,56,0,0,16,0,704,2.63
8,56,0,0,17,1,1166,4.26
8,56,0,0,18,1,1665,7.64
8,56,0,0,19,1,1656,4.58
8,56,0,0,20,1,1247,5.74
8,56,0,0,21,0,677,4.32
8,56,0,0,22,0,367,3.14
8,56,0,0,23,0,292,2.04
8,57,1,0,0,0,222,0.69
8,57,1,0,1,0,260,0.0
8,57,1,0,2,0,229,0.4
8,57,1,0,3,0,220,2.19
8,57,1,0,4,0,246,0.0
8,57,1,0,5,0,275,0.86
8,57,1,0,6,0,358,0.36
8,57,1,0,7,0,785,4.55
8,57,1,0,8,1,1290,5.98
8,57,1,0,9,1,1867,5.58
8,57,1,0,10,1,1381,6.77
8,57,1,0,11,1,753,4.87
8,57,1,0,12,0,454,2.33
8,57,1,0,13,0,261,2.51
8,57,1,0,14,0,283,0.0
8,57,1,0,15,0,366,0.87
8,57,1,0,16,0,687,2.46
8,57,1,0,17,1,1184,3.44
8,57,1,0,18,1,1760,9.52
8,57,1,0,19,1,1550,4.1
8,57,1,0,20,1,1194,4.73
8,57,1,0,21,0,728,1.07
8,57,1,0,22,0,350,0.0
8,57,1,0,23,0,291,1.54
8,58,2,0,0,0,227,0.0
8,58,2,0,1,0,213,1.47
8,58,2,0,2,0,215,1.02
8,58,2,0,3,0,275,0.58
8,58,2,0,4,0,221,1.46
8,58,2,0,5,0,237,3.53
8,58,2,0,6,0,429,1.47
8,58,2,0,7,0,704,2.18
8,58,2,0,8,1,1311,5.82
8,58,2,0,9,1,1795,5.63
8,58,2,0,10,1,1451,6.73
8,58,2,0,11,1,728,1.28
8,58,2,0,12,0,390,0.0
8,58,2,0,13,0,288,0.0
8,58,2,0,14,0,277,0.99
8,58,2,0,15,0,349,1.24
8,58,2,0,16,0,723,1.1
8,58,2,0,17,1,1153,3.48
8,58,2,0,18,1,1657,5.6
8,58,2,0,19,1,1427,4.13
8,58,2,0,20,1,1349,5.77
8,58,2,0,21,0,677,2.28
8,58,2,0,22,0,364,0.81
8,58,2,0,23,0,273,1.24
8,59,3,0,0,0,214,1.24
8,59,3,0,1,0,190,1.38
8,59,3,0,2,0,210,0.7
8,59,3,0,3,0,214,0.86
8,59,3,0,4,0,250,3.25
8,59,3,0,5,0,230,2.38
8,59,3,0,6,0,390,0.88
8,59,3,0,7,0,805,2.87
8,59,3,0,8,1,1420,4.19
8,59,3,0,9,1,1573,7.71
8,59,3,0,10,1,1502,5.96
8,59,3,0,11,1,590,2.06
8,59,3,0,12,0,387,1.2
8,59,3,0,13,0,273,0.38
8,59,3,0,14,0,283,0.0
8,59,3,0,15,0,402,3.93
8,59,3,0,16,0,617,1.1
8,59,3,0,17,1,1232,3.15
8,59,3,0,18,1,1597,8.04
8,59,3,0,19,1,1761,10.01
8,59,3,0,20,1,1209,3.92
8,59,3,0,21,0,669,2.45
8,59,3,0,22,0,362,1.41
8,59,3,0,23,0,243,1.4
9,0,0,0,0,0,148,0.0
9,0,0,0,1,0,129,0.34
9,0,0,0,2,0,138,1.02
9,0,0,0,3,0,170,1.24
9,0,0,0,4,0,160,0.0
9,0,0,0,5,0,187,3.67
9,0,0,0,6,0,287,0.0
9,0,0,0,7,0,504,1.59
9,0,0,0,8,1,868,3.51
9,0,0,0,9,1,1298,5.35
9,0,0,0,10,1,865,3.91
9,0,0,0,11,1,453,0.74
9,0,0,0,12,0,278,1.39
9,0,0,0,13,0,207,1.23
9,0,0,0,14,0,159,0.0
9,0,0,0,15,0,264,0.0
9,0,0,0,16,0,404,0.84
9,0,0,0,17,1,860,2.89
9,0,0,0,18,1,1036,5.96
9,0,0,0,19,1,1203,7.31
9,0,0,0,20,1,882,5.12
9,0,0,0,21,0,418,2.66
9,0,0,0,22,0,268,3.86
9,0,0,0,23,0,177,0.0
9,1,1,0,0,0,146,2.05
9,1,1,0,1,0,149,0.76
9,1,1,0,2,0,147,0.35
9,1,1,0,3,0,163,1.06
9,1,1,0,4,0,169,0.0
9,1,1,0,5,0,173,0.0
9,1,1,0,6,0,237,0.0
9,1,1,0,7,0,470,2.4
9,1,1,0,8,1,925,5.01
9,1,1,0,9,1,1136,4.78
9,1,1,0,10,1,902,4.62
9,1,1,0,11,1,421,1.6
9,1,1,0,12,0,264,3.74
9,1,1,0,13,0,162,0.0
9,1,1,0,14,0,145,0.0
9,1,1,0,15,0,241,0.0
9,1,1,0,16,0,418,1.71
9,1,1,0,17,1,833,3.35
9,1,1,0,18,1,1113,5.06
9,1,1,0,19,1,947,3.98
9,1,1,0,20,1,791,3.15
9,1,1,0,21,0,424,1.39
9,1,1,0,22,0,252,3.42
9,1,1,0,23,0,151,1.46
9,2,2,0,0,0,173,0.0
9,2,2,0,1,0,155,1.03
9,2,2,0,2,0,183,3.99
9,2,2,0,3,0,142,0.11
9,2,2,0,4,0,162,1.48
9,2,2,0,5,0,178,0.0
9,2,2,0,6,0,237,0.0
9,2,2,0,7,0,425,0.0
9,2,2,0,8,1,980,4.99
9,2,2,0,9,1,1155,4.29
9,2,2,0,10,1,894,3.17
9,2,2,0,11,1,442,2.74
9,2,2,0,12,0,275,0.0
9,2,2,0,13,0,161,1.17
9,2,2,0,14,0,182,1.83
9,2,2,0,15,0,272,0.0
9,2,2,0,16,0,442,0.27
9,2,2,0,17,1,737,2.3
9,2,2,0,18,1,1238,6.61
9,2,2,0,19,1,1104,1.18
9,2,2,0,20,1,821,3.84
9,2,2,0,21,0,411,2.89
9,2,2,0,22,0,225,2.14
9,2,2,0,23,0,178,0.0
9,3,3,0,0,0,153,0.83
9,3,3,0,1,0,161,2.19
9,3,3,0,2,0,172,0.33
9,3,3,0,3,0,165,3.07
9,3,3,0,4,0,146,0.0
9,3,3,0,5,0,152,0.0
9,3,3,0,6,0,262,0.0
9,3,3,0,7,0,524,1.39
9,3,3,0,8,1,892,1.81
9,3,3,0,9,1,1097,6.91
9,3,3,0,10,1,868,0.15
9,3,3,0,11,1,556,3.04
9,3,3,0,12,0,260,1.89
9,3,3,0,13,0,179,3.18
9,3,3,0,14,0,188,0.07
9,3,3,0,15,0,273,3.82
9,3,3,0,16,0,477,2.52
9,3,3,0,17,1,742,4.0
9,3,3,0,18,1,1145,4.54
9,3,3,0,19,1,1173,4.82
9,3,3,0,20,1,831,4.88
9,3,3,0,21,0,397,0.05
9,3,3,0,22,0,226,3.81
9,3,3,0,23,0,184,1.83
9,4,4,0,0,0,172,0.0
9,4,4,0,1,0,132,0.43
9,4,4,0,2,0,169,0.38
9,4,4,0,3,0,140,0.0
9,4,4,0,4,0,144,0.0
9,4,4,0,5,0,159,0.86
9,4,4,0,6,0,246,1.93
9,4,4,0,7,0,467,2.25
9,4,4,0,8,1,894,4.17
9,4,4,0,9,1,1154,5.58
9,4,4,0,10,1,956,4.64
9,4,4,0,11,1,519,1.08
9,4,4,0,12,0,275,0.05
9,4,4,0,13,0,173,0.0
9,4,4,0,14,0,164,0.18
9,4,4,0,15,0,240,0.0
9,4,4,0,16,0,445,2.02
9,4,4,0,17,1,762,6.48
9,4,4,0,18,1,1140,4.74
9,4,4,0,19,1,1050,4.41
9,4,4,0,20,1,812,3.24
9,4,4,0,21,0,495,0.0
9,4,4,0,22,0,237,2.02
9,4,4,0,23,0,162,0.0
9,5,5,1,0,0,83,1.9
9,5,5,1,1,0,80,0.0
9,5,5,1,2,0,89,0.0
9,5,5,1,3,0,83,0.0
9,5,5,1,4,0,83,0.0
9,5,5,1,5,0,94,1.97
9,5,5,1,6,0,159,2.51
9,5,5,1,7,0,282,3.62
9,5,5,1,8,1,584,2.61
9,5,5,1,9,1,560,4.21
9,5,5,1,10,1,445,0.45
9,5,5,1,11,1,232,2.02
9,5,5,1,12,0,115,1.95
9,5,5,1,13,0,111,3.04
9,5,5,1,14,0,87,0.0
9,5,5,1,15,0,127,1.83
9,5,5,1,16,0,268,2.07
9,5,5,1,17,1,456,5.37
9,5,5,1,18,1,587,1.18
9,5,5,1,19,1,552,2.86
9,5,5,1,20,1,431,2.96
9,5,5,1,21,0,235,1.88
9,5,5,1,22,0,130,0.28
9,5,5,1,23,0,96,0.0
9,6,6,1,0,0,86,1.19
9,6,6,1,1,0,80,3.19
9,6,6,1,2,0,87,0.0
9,6,6,1,3,0,82,2.38
9,6,6,1,4,0,82,0.78
9,6,6,1,5,0,103,1.24
9,6,6,1,6,0,135,1.8
9,6,6,1,7,0,282,0.0
9,6,6,1,8,1,541,1.24
9,6,6,1,9,1,600,2.86
9,6,6,1,10,1,472,3.02
9,6,6,1,11,1,254,0.15
9,6,6,1,12,0,156,0.66
9,6,6,1,13,0,89,0.47
9,6,6,1,14,0,100,0.0
9,6,6,1,15,0,152,3.29
9,6,6,1,16,0,247,0.69
9,6,6,1,17,1,439,3.1
9,6,6,1,18,1,633,2.89
9,6,6,1,19,1,678,4.41
9,6,6,1,20,1,404,2.95
9,6,6,1,21,0,267,1.49
9,6,6,1,22,0,140,0.1
9,6,6,1,23,0,87,3.18
9,7,0,0,0,0,141,3.09
9,7,0,0,1,0,157,2.5
9,7,0,0,2,0,158,2.04
9,7,0,0,3,0,163,0.0
9,7,0,0,4,0,161,0.43
9,7,0,0,5,0,184,0.95
9,7,0,0,6,0,264,0.0
9,7,0,0,7,0,455,1.93
9,7,0,0,8,1,910,2.06
9,7,0,0,9,1,1157,5.55
9,7,0,0,10,1,908,3.66
9,7,0,0,11,1,455,0.0
9,7,0,0,12,0,266,0.0
9,7,0,0,13,0,167,1.09
9,7,0,0,14,0,206,0.23
9,7,0,0,15,0,284,1.02
9,7,0,0,16,0,465,3.3
9,7,0,0,17,1,862,3.96
9,7,0,0,18,1,1090,5.6
9,7,0,0,19,1,1148,3.94
9,7,0,0,20,1,886,4.23
9,7,0,0,21,0,418,0.37
9,7,0,0,22,0,282,0.39
9,7,0,0,23,0,186,1.31
9,8,1,0,0,0,167,3.54
9,8,1,0,1,0,170,1.93
9,8,1,0,2,0,155,0.0
9,8,1,0,3,0,188,0.69
9,8,1,0,4,0,158,1.07
9,8,1,0,5,0,178,3.1
9,8,1,0,6,0,269,0.0
9,8,1,0,7,0,480,1.94
9,8,1,0,8,1,970,1.6
9,8,1,0,9,1,1150,5.7
9,8,1,0,10,1,960,3.72
9,8,1,0,11,1,549,0.97
9,8,1,0,12,0,277,1.02
9,8,1,0,13,0,178,0.76
9,8,1,0,14,0,186,0.0
9,8,1,0,15,0,262,2.35
9,8,1,0,16,0,434,1.74
9,8,1,0,17,1,741,1.22
9,8,1,0,18,1,1128,4.82
9,8,1,0,19,1,1080,2.45
9,8,1,0,20,1,825,2.76
9,8,1,0,21,0,418,3.59
9,8,1,0,22,0,225,1.74
9,8,1,0,23,0,154,0.0
9,9,2,0,0,0,164,0.15
9,9,2,0,1,0,143,2.0
9,9,2,0,2,0,162,0.0
9,9,2,0,3,0,170,0.0
9,9,2,0,4,0,138,0.0
9,9,2,0,5,0,174,0.81
9,9,2,0,6,0,224,0.0
9,9,2,0,7,0,476,0.86
9,9,2,0,8,1,951,3.18
9,9,2,0,9,1,1172,6.33
9,9,2,0,10,1,936,0.0
9,9,2,0,11,1,494,1.73
9,9,2,0,12,0,257,0.0
9,9,2,0,13,0,167,0.0
9,9,2,0,14,0,164,0.27
9,9,2,0,15,0,230,0.0
9,9,2,0,16,0,438,1.01
9,9,2,0,17,1,809,2.61
9,9,2,0,18,1,971,2.34
9,9,2,0,19,1,1081,3.65
9,9,2,0,20,1,706,3.84
9,9,2,0,21,0,456,0.92
9,9,2,0,22,0,241,0.0
9,9,2,0,23,0,187,3.85
9,10,3,0,0,0,149,2.43
9,10,3,0,1,0,147,0.0
9,10,3,0,2,0,176,0.52
9,10,3,0,3,0,166,0.26
9,10,3,0,4,0,136,4.05
9,10,3,0,5,0,172,0.92
9,10,3,0,6,0,243,2.14
9,10,3,0,7,0,535,0.0
9,10,3,0,8,1,909,4.95
9,10,3,0,9,1,1213,5.82
9,10,3,0,10,1,949,2.99
9,10,3,0,11,1,457,1.36
9,10,3,0,12,0,232,0.0
9,10,3,0,13,0,167,0.0
9,10,3,0,14,0,184,0.0
9,10,3,0,15,0,280,2.6
9,10,3,0,16,0,487,0.91
9,10,3,0,17,1,809,1.67
9,10,3,0,18,1,1130,1.87
9,10,3,0,19,1,1205,3.85
9,10,3,0,20,1,816,4.0
9,10,3,0,21,0,425,0.5
9,10,3,0,22,0,242,2.17
9,10,3,0,23,0,173,1.6
9,11,4,0,0,0,168,0.38
9,11,4,0,1,0,156,0.83
9,11,4,0,2,0,172,0.17
9,11,4,0,3,0,172,1.07
9,11,4,0,4,0,150,0.54
9,11,4,0,5,0,159,0.0
9,11,4,0,6,0,270,2.28
9,11,4,0,7,0,505,2.09
9,11,4,0,8,1,855,3.67
9,11,4,0,9,1,1282,6.64
9,11,4,0,10,1,891,3.32
9,11,4,0,11,1,491,0.0
9,11,4,0,12,0,248,2.0
9,11,4,0,13,0,164,0.24
9,11,4,0,14,0,161,1.82
9,11,4,0,15,0,219,1.77
9,11,4,0,16,0,481,1.44
9,11,4,0,17,1,752,3.72
9,11,4,0,18,1,1253,7.02
9,11,4,0,19,1,1104,3.09
9,11,4,0,20,1,781,0.59
9,11,4,0,21,0,425,2.38
9,11,4,0,22,0,237,0.05
9,11,4,0,23,0,174,0.29
9,12,5,1,0,0,92,0.0
9,12,5,1,1,0,90,0.29
9,12,5,1,2,0,90,0.0
9,12,5,1,3,0,93,1.19
9,12,5,1,4,0,99,0.0
9,12,5,1,5,0,92,0.0
9,12,5,1,6,0,132,2.68
9,12,5,1,7,0,285,0.05
9,12,5,1,8,1,498,1.9
9,12,5,1,9,1,515,0.0
9,12,5,1,10,1,537,3.25
9,12,5,1,11,1,245,0.79
9,12,5,1,12,0,133,2.17
9,12,5,1,13,0,101,0.0
9,12,5,1,14,0,98,0.33
9,12,5,1,15,0,134,0.0
9,12,5,1,16,0,245,0.0
9,12,5,1,17,1,396,0.0
9,12,5,1,18,1,559,2.87
9,12,5,1,19,1,632,4.72
9,12,5,1,20,1,430,2.77
9,12,5,1,21,0,245,1.43
9,12,5,1,22,0,143,1.45
9,12,5,1,23,0,97,0.0
9,13,6,1,0,0,88,2.4
9,13,6,1,1,0,88,0.0
9,13,6,1,2,0,92,0.0
9,13,6,1,3,0,84,0.0
9,13,6,1,4,0,87,2.22
9,13,6,1,5,0,101,0.0
9,13,6,1,6,0,134,0.0
9,13,6,1,7,0,302,0.33
9,13,6,1,8,1,496,2.17
9,13,6,1,9,1,618,0.0
9,13,6,1,10,1,507,1.21
9,13,6,1,11,1,297,1.49
9,13,6,1,12,0,149,0.0
9,13,6,1,13,0,88,1.69
9,13,6,1,14,0,101,0.74
9,13,6,1,15,0,136,1.17
9,13,6,1,16,0,219,2.49
9,13,6,1,17,1,432,1.54
9,13,6,1,18,1,590,0.0
9,13,6,1,19,1,639,1.06
9,13,6,1,20,1,442,0.54
9,13,6,1,21,0,238,0.35
9,13,6,1,22,0,125,0.16
9,13,6,1,23,0,92,0.0
9,14,0,0,0,0,172,0.0
9,14,0,0,1,0,165,1.66
9,14,0,0,2,0,169,0.0
9,14,0,0,3,0,155,0.37
9,14,0,0,4,0,166,0.3
9,14,0,0,5,0,181,0.34
9,14,0,0,6,0,281,1.11
9,14,0,0,7,0,501,2.51
9,14,0,0,8,1,1014,3.15
9,14,0,0,9,1,1199,3.57
9,14,0,0,10,1,900,2.41
9,14,0,0,11,1,492,0.95
9,14,0,0,12,0,272,0.34
9,14,0,0,13,0,185,0.0
9,14,0,0,14,0,177,2.89
9,14,0,0,15,0,230,0.0
9,14,0,0,16,0,436,1.72
9,14,0,0,17,1,836,3.41
9,14,0,0,18,1,1132,2.8
9,14,0,0,19,1,1137,5.04
9,14,0,0,20,1,839,2.86
9,14,0,0,21,0,444,2.84
9,14,0,0,22,0,223,0.0
9,14,0,0,23,0,160,0.0
9,15,1,0,0,0,171,3.73
9,15,1,0,1,0,146,0.46
9,15,1,0,2,0,151,1.33
9,15,1,0,3,0,161,0.0
9,15,1,0,4,0,152,0.39
9,15,1,0,5,0,192,0.0
9,15,1,0,6,0,226,2.86
9,15,1,0,7,0,527,0.36
9,15,1,0,8,1,919,4.89
9,15,1,0,9,1,1115,6.5
9,15,1,0,10,1,936,4.2
9,15,1,0,11,1,515,2.26
9,15,1,0,12,0,276,0.88
9,15,1,0,13,0,191,1.23
9,15,1,0,14,0,178,0.25
9,15,1,0,15,0,238,1.43
9,15,1,0,16,0,481,2.68
9,15,1,0,17,1,751,0.61
9,15,1,0,18,1,1176,8.73
9,15,1,0,19,1,1086,3.65
9,15,1,0,20,1,849,2.1
9,15,1,0,21,0,498,2.61
9,15,1,0,22,0,244,0.0
9,15,1,0,23,0,187,0.08
9,16,2,0,0,0,167,1.27
9,16,2,0,1,0,174,0.93
9,16,2,0,2,0,197,1.62
9,16,2,0,3,0,160,0.06
9,16,2,0,4,0,171,0.13
9,16,2,0,5,0,164,0.0
9,16,2,0,6,0,254,4.39
9,16,2,0,7,0,519,1.08
9,16,2,0,8,1,975,4.18
9,16,2,0,9,1,1221,7.75
9,16,2,0,10,1,790,0.0
9,16,2,0,11,1,588,1.32
9,16,2,0,12,0,223,0.1
9,16,2,0,13,0,164,0.0
9,16,2,0,14,0,189,0.22
9,16,2,0,15,0,213,0.9
9,16,2,0,16,0,414,1.28
9,16,2,0,17,1,784,4.4
9,16,2,0,18,1,1065,5.31
9,16,2,0,19,1,969,5.22
9,16,2,0,20,1,879,3.17
9,16,2,0,21,0,415,0.04
9,16,2,0,22,0,244,2.8
9,16,2,0,23,0,169,2.34
9,17,3,0,0,0,143,0.04
9,17,3,0,1,0,157,0.95
9,17,3,0,2,0,153,2.48
9,17,3,0,3,0,174,0.43
9,17,3,0,4,0,153,0.0
9,17,3,0,5,0,190,0.0
9,17,3,0,6,0,227,0.0
9,17,3,0,7,0,534,0.09
9,17,3,0,8,1,868,3.63
9,17,3,0,9,1,958,4.11
9,17,3,0,10,1,873,0.63
9,17,3,0,11,1,515,2.65
9,17,3,0,12,0,262,1.8
9,17,3,0,13,0,181,1.82
9,17,3,0,14,0,163,0.0
9,17,3,0,15,0,221,0.0
9,17,3,0,16,0,517,0.86
9,17,3,0,17,1,763,2.7
9,17,3,0,18,1,1079,7.04
9,17,3,0,19,1,957,7.11
9,17,3,0,20,1,805,4.66
9,17,3,0,21,0,445,3.0
9,17,3,0,22,0,226,0.0
9,17,3,0,23,0,212,3.72
9,18,4,0,0,0,144,1.65
9,18,4,0,1,0,172,1.68
9,18,4,0,2,0,155,3.66
9,18,4,0,3,0,166,0.0
9,18,4,0,4,0,155,0.0
9,18,4,0,5,0,174,0.49
9,18,4,0,6,0,273,2.2
9,18,4,0,7,0,522,2.63
9,18,4,0,8,1,971,3.55
9,18,4,0,9,1,895,6.75
9,18,4,0,10,1,831,4.37
9,18,4,0,11,1,493,4.07
9,18,4,0,12,0,238,0.0
9,18,4,0,13,0,170,1.51
9,18,4,0,14,0,180,1.57
9,18,4,0,15,0,247,2.39
9,18,4,0,16,0,478,4.18
9,18,4,0,17,1,818,3.78
9,18,4,0,18,1,1267,6.86
9,18,4,0,19,1,1156,2.53
9,18,4,0,20,1,689,3.68
9,18,4,0,21,0,468,0.79
9,18,4,0,22,0,251,0.0
9,18,4,0,23,0,183,1.63
9,19,5,1,0,0,91,0.87
9,19,5,1,1,0,84,0.02
9,19,5,1,2,0,95,1.0
9,19,5,1,3,0,90,0.49
9,19,5,1,4,0,92,1.81
9,19,5,1,5,0,91,1.25
9,19,5,1,6,0,139,1.03
9,19,5,1,7,0,297,0.0
9,19,5,1,8,1,450,0.81
9,19,5,1,9,1,573,2.05
9,19,5,1,10,1,560,4.01
9,19,5,1,11,1,266,2.37
9,19,5,1,12,0,141,1.08
9,19,5,1,13,0,90,0.0
9,19,5,1,14,0,103,0.46
9,19,5,1,15,0,140,2.95
9,19,5,1,16,0,240,0.62
9,19,5,1,17,1,500,2.03
9,19,5,1,18,1,571,3.39
9,19,5,1,19,1,599,1.16
9,19,5,1,20,1,441,3.0
9,19,5,1,21,0,222,0.0
9,19,5,1,22,0,133,0.0
9,19,5,1,23,0,86,0.35
9,20,6,1,0,0,94,1.56
9,20,6,1,1,0,86,2.27
9,20,6,1,2,0,99,1.13
9,20,6,1,3,0,84,2.68
9,20,6,1,4,0,98,0.77
9,20,6,1,5,0,105,0.0
9,20,6,1,6,0,118,0.0
9,20,6,1,7,0,283,1.02
9,20,6,1,8,1,531,0.0
9,20,6,1,9,1,537,3.29
9,20,6,1,10,1,436,1.34
9,20,6,1,11,1,279,0.14
9,20,6,1,12,0,148,0.0
9,20,6,1,13,0,112,0.0
9,20,6,1,14,0,96,4.42
9,20,6,1,15,0,119,0.0
9,20,6,1,16,0,272,0.0
9,20,6,1,17,1,455,0.91
9,20,6,1,18,1,531,2.91
9,20,6,1,19,1,638,2.55
9,20,6,1,20,1,510,0.88
9,20,6,1,21,0,261,1.54
9,20,6,1,22,0,144,0.0
9,20,6,1,23,0,85,0.0
9,21,0,0,0,0,157,1.65
9,21,0,0,1,0,158,0.95
9,21,0,0,2,0,179,0.68
9,21,0,0,3,0,151,1.26
9,21,0,0,4,0,138,0.0
9,21,0,0,5,0,173,0.0
9,21,0,0,6,0,245,2.38
9,21,0,0,7,0,528,2.0
9,21,0,0,8,1,903,2.98
9,21,0,0,9,1,1182,5.92
9,21,0,0,10,1,968,5.29
9,21,0,0,11,1,509,0.99
9,21,0,0,12,0,254,1.19
9,21,0,0,13,0,168,3.12
9,21,0,0,14,0,200,0.62
9,21,0,0,15,0,264,1.9
9,21,0,0,16,0,427,2.33
9,21,0,0,17,1,747,1.67
9,21,0,0,18,1,1153,5.35
9,21,0,0,19,1,1350,5.17
9,21,0,0,20,1,763,4.44
9,21,0,0,21,0,444,0.8
9,21,0,0,22,0,233,0.66
9,21,0,0,23,0,190,1.41
9,22,1,0,0,0,147,3.34
9,22,1,0,1,0,146,0.0
9,22,1,0,2,0,172,2.93
9,22,1,0,3,0,162,0.0
9,22,1,0,4,0,161,0.0
9,22,1,0,5,0,210,1.27
9,22,1,0,6,0,274,0.54
9,22,1,0,7,0,580,1.57
9,22,1,0,8,1,835,3.8
9,22,1,0,9,1,1184,7.93
9,22,1,0,10,1,1012,5.84
9,22,1,0,11,1,479,0.86
9,22,1,0,12,0,240,0.73
9,22,1,0,13,0,150,2.65
9,22,1,0,14,0,162,0.0
9,22,1,0,15,0,236,0.0
9,22,1,0,16,0,468,0.42
9,22,1,0,17,1,828,4.7
9,22,1,0,18,1,1062,3.17
9,22,1,0,19,1,1039,2.53
9,22,1,0,20,1,769,3.18
9,22,1,0,21,0,395,0.62
9,22,1,0,22,0,247,1.04
9,22,1,0,23,0,138,1.5
9,23,2,0,0,0,173,0.0
9,23,2,0,1,0,136,0.0
9,23,2,0,2,0,148,2.39
9,23,2,0,3,0,144,0.04
9,23,2,0,4,0,181,0.97
9,23,2,0,5,0,178,0.56
9,23,2,0,6,0,278,1.72
9,23,2,0,7,0,582,5.27
9,23,2,0,8,1,919,3.62
9,23,2,0,9,1,1121,3.63
9,23,2,0,10,1,906,1.46
9,23,2,0,11,1,478,3.09
9,23,2,0,12,0,269,0.89
9,23,2,0,13,0,183,2.99
9,23,2,0,14,0,171,0.0
9,23,2,0,15,0,256,1.83
9,23,2,0,16,0,472,0.09
9,23,2,0,17,1,701,3.2
9,23,2,0,18,1,1128,3.98
9,23,2,0,19,1,1239,4.94
9,23,2,0,20,1,875,4.82
9,23,2,0,21,0,406,0.29
9,23,2,0,22,0,219,1.52
9,23,2,0,23,0,176,2.73
9,24,3,0,0,0,165,0.0
9,24,3,0,1,0,152,0.0
9,24,3,0,2,0,161,4.83
9,24,3,0,3,0,159,0.94
9,24,3,0,4,0,159,1.17
9,24,3,0,5,0,173,1.62
9,24,3,0,6,0,242,0.0
9,24,3,0,7,0,454,1.77
9,24,3,0,8,1,817,5.45
9,24,3,0,9,1,1068,1.32
9,24,3,0,10,1,815,3.46
9,24,3,0,11,1,533,2.66
9,24,3,0,12,0,241,0.11
9,24,3,0,13,0,168,1.52
9,24,3,0,14,0,179,0.04
9,24,3,0,15,0,231,0.14
9,24,3,0,16,0,445,3.79
9,24,3,0,17,1,808,2.73
9,24,3,0,18,1,1074,6.85
9,24,3,0,19,1,1184,6.2
9,24,3,0,20,1,844,3.3
9,24,3,0,21,0,487,0.0
9,24,3,0,22,0,274,2.21
9,24,3,0,23,0,182,0.0
9,25,4,0,0,0,169,2.39
9,25,4,0,1,0,149,0.0
9,25,4,0,2,0,145,1.4
9,25,4,0,3,0,157,3.81
9,25,4,0,4,0,140,0.0
9,25,4,0,5,0,175,1.7
9,25,4,0,6,0,270,1.21
9,25,4,0,7,0,521,2.26
9,25,4,0,8,1,972,3.05
9,25,4,0,9,1,1067,5.3
9,25,4,0,10,1,1009,3.08
9,25,4,0,11,1,517,1.5
9,25,4,0,12,0,269,0.0
9,25,4,0,13,0,172,0.0
9,25,4,0,14,0,172,0.0
9,25,4,0,15,0,284,0.0
9,25,4,0,16,0,462,0.0
9,25,4,0,17,1,717,3.08
9,25,4,0,18,1,1172,3.07
9,25,4,0,19,1,1012,2.11
9,25,4,0,20,1,810,1.67
9,25,4,0,21,0,490,0.23
9,25,4,0,22,0,255,3.34
9,25,4,0,23,0,176,0.0
9,26,5,1,0,0,89,0.0
9,26,5,1,1,0,86,2.72
9,26,5,1,2,0,87,1.12
9,26,5,1,3,0,82,0.0
9,26,5,1,4,0,95,0.58
9,26,5,1,5,0,98,1.89
9,26,5,1,6,0,160,0.0
9,26,5,1,7,0,267,3.26
9,26,5,1,8,1,572,1.9
9,26,5,1,9,1,622,3.01
9,26,5,1,10,1,502,2.38
9,26,5,1,11,1,309,0.0
9,26,5,1,12,0,134,1.49
9,26,5,1,13,0,93,0.8
9,26,5,1,14,0,106,2.82
9,26,5,1,15,0,137,2.78
9,26,5,1,16,0,247,0.53
9,26,5,1,17,1,384,0.03
9,26,5,1,18,1,611,2.48
9,26,5,1,19,1,622,5.24
9,26,5,1,20,1,464,3.06
9,26,5,1,21,0,280,0.59
9,26,5,1,22,0,129,2.35
9,26,5,1,23,0,100,0.33
9,27,6,1,0,0,86,0.09
9,27,6,1,1,0,86,0.34
9,27,6,1,2,0,84,1.17
9,27,6,1,3,0,92,0.0
9,27,6,1,4,0,94,0.0
9,27,6,1,5,0,100,1.23
9,27,6,1,6,0,141,0.65
9,27,6,1,7,0,273,0.33
9,27,6,1,8,1,493,1.15
9,27,6,1,9,1,664,0.0
9,27,6,1,10,1,488,0.0
9,27,6,1,11,1,255,0.15
9,27,6,1,12,0,157,2.36
9,27,6,1,13,0,98,0.49
9,27,6,1,14,0,105,2.12
9,27,6,1,15,0,128,1.52
9,27,6,1,16,0,226,0.32
9,27,6,1,17,1,459,0.85
9,27,6,1,18,1,593,0.0
9,27,6,1,19,1,633,1.21
9,27,6,1,20,1,409,3.67
9,27,6,1,21,0,231,2.05
9,27,6,1,22,0,146,1.96
9,27,6,1,23,0,94,0.0
9,28,0,0,0,0,146,0.0
9,28,0,0,1,0,167,1.68
9,28,0,0,2,0,164,0.0
9,28,0,0,3,0,156,1.57
9,28,0,0,4,0,176,1.15
9,28,0,0,5,0,178,0.0
9,28,0,0,6,0,265,0.7
9,28,0,0,7,0,477,0.17
9,28,0,0,8,1,829,3.8
9,28,0,0,9,1,984,3.49
9,28,0,0,10,1,990,1.81
9,28,0,0,11,1,525,2.92
9,28,0,0,12,0,252,1.94
9,28,0,0,13,0,175,1.89
9,28,0,0,14,0,162,3.48
9,28,0,0,15,0,272,0.0
9,28,0,0,16,0,486,1.08
9,28,0,0,17,1,888,5.07
9,28,0,0,18,1,1014,4.92
9,28,0,0,19,1,1048,5.0
9,28,0,0,20,1,799,2.1
9,28,0,0,21,0,397,1.93
9,28,0,0,22,0,253,0.78
9,28,0,0,23,0,164,0.0
9,29,1,0,0,0,144,1.68
9,29,1,0,1,0,130,1.95
9,29,1,0,2,0,157,1.41
9,29,1,0,3,0,166,0.84
9,29,1,0,4,0,154,2.28
9,29,1,0,5,0,151,2.56
9,29,1,0,6,0,234,0.45
9,29,1,0,7,0,565,5.6
9,29,1,0,8,1,910,1.61
9,29,1,0,9,1,1182,4.67
9,29,1,0,10,1,820,3.61
9,29,1,0,11,1,454,2.11
9,29,1,0,12,0,239,0.0
9,29,1,0,13,0,154,0.0
9,29,1,0,14,0,184,2.62
9,29,1,0,15,0,272,0.0
9,29,1,0,16,0,437,0.83
9,29,1,0,17,1,789,5.27
9,29,1,0,18,1,1125,5.8
9,29,1,0,19,1,1307,2.88
9,29,1,0,20,1,766,3.92
9,29,1,0,21,0,454,3.39
9,29,1,0,22,0,237,1.26
9,29,1,0,23,0,164,2.25
9,30,2,0,0,0,158,2.74
9,30,2,0,1,0,175,0.0
9,30,2,0,2,0,177,2.1
9,30,2,0,3,0,156,1.89
9,30,2,0,4,0,153,2.65
9,30,2,0,5,0,176,2.04
9,30,2,0,6,0,245,1.4
9,30,2,0,7,0,543,2.63
9,30,2,0,8,1,937,2.61
9,30,2,0,9,1,1133,3.4
9,30,2,0,10,1,895,2.84
9,30,2,0,11,1,498,0.0
9,30,2,0,12,0,258,0.87
9,30,2,0,13,0,156,1.14
9,30,2,0,14,0,189,1.23
9,30,2,0,15,0,260,0.25
9,30,2,0,16,0,437,1.86
9,30,2,0,17,1,806,0.0
9,30,2,0,18,1,1029,5.62
9,30,2,0,19,1,1041,3.79
9,30,2,0,20,1,793,1.16
9,30,2,0,21,0,501,1.96
9,30,2,0,22,0,227,1.88
9,30,2,0,23,0,171,0.77
9,31,3,0,0,0,175,0.0
9,31,3,0,1,0,172,0.17
9,31,3,0,2,0,159,1.09
9,31,3,0,3,0,153,0.0
9,31,3,0,4,0,165,2.34
9,31,3,0,5,0,184,1.63
9,31,3,0,6,0,248,2.02
9,31,3,0,7,0,521,3.38
9,31,3,0,8,1,904,4.51
9,31,3,0,9,1,1064,5.3
9,31,3,0,10,1,806,2.72
9,31,3,0,11,1,478,7.17
9,31,3,0,12,0,271,0.0
9,31,3,0,13,0,158,0.0
9,31,3,0,14,0,161,0.0
9,31,3,0,15,0,225,0.2
9,31,3,0,16,0,474,1.6
9,31,3,0,17,1,842,1.77
9,31,3,0,18,1,1076,2.9
9,31,3,0,19,1,1150,4.33
9,31,3,0,20,1,909,2.63
9,31,3,0,21,0,408,2.08
9,31,3,0,22,0,241,1.72
9,31,3,0,23,0,174,0.48
9,32,4,0,0,0,149,0.19
9,32,4,0,1,0,138,2.35
9,32,4,0,2,0,174,2.1
9,32,4,0,3,0,152,0.0
9,32,4,0,4,0,166,0.0
9,32,4,0,5,0,191,0.0
9,32,4,0,6,0,248,0.0
9,32,4,0,7,0,557,3.84
9,32,4,0,8,1,937,6.62
9,32,4,0,9,1,1107,5.37
9,32,4,0,10,1,782,2.65
9,32,4,0,11,1,511,0.67
9,32,4,0,12,0,263,0.0
9,32,4,0,13,0,184,0.08
9,32,4,0,14,0,166,1.78
9,32,4,0,15,0,273,2.43
9,32,4,0,16,0,416,2.67
9,32,4,0,17,1,780,4.81
9,32,4,0,18,1,1130,2.31
9,32,4,0,19,1,1089,3.12
9,32,4,0,20,1,747,2.5
9,32,4,0,21,0,454,3.18
9,32,4,0,22,0,234,2.76
9,32,4,0,23,0,151,0.0
9,33,5,1,0,0,101,0.0
9,33,5,1,1,0,95,0.34
9,33,5,1,2,0,86,1.75
9,33,5,1,3,0,92,2.37
9,33,5,1,4,0,86,0.56
9,33,5,1,5,0,94,0.0
9,33,5,1,6,0,143,0.32
9,33,5,1,7,0,237,2.61
9,33,5,1,8,1,499,0.95
9,33,5,1,9,1,625,1.71
9,33,5,1,10,1,501,4.08
9,33,5,1,11,1,287,0.42
9,33,5,1,12,0,130,0.0
9,33,5,1,13,0,104,0.33
9,33,5,1,14,0,101,0.0
9,33,5,1,15,0,124,1.39
9,33,5,1,16,0,228,0.3
9,33,5,1,17,1,395,0.18
9,33,5,1,18,1,654,4.19
9,33,5,1,19,1,664,4.3
9,33,5,1,20,1,425,2.7
9,33,5,1,21,0,265,0.0
9,33,5,1,22,0,136,0.35
9,33,5,1,23,0,82,0.82
9,34,6,1,0,0,82,1.9
9,34,6,1,1,0,81,0.82
9,34,6,1,2,0,87,0.0
9,34,6,1,3,0,84,0.87
9,34,6,1,4,0,95,0.41
9,34,6,1,5,0,103,1.22
9,34,6,1,6,0,148,1.52
9,34,6,1,7,0,272,0.0
9,34,6,1,8,1,555,3.37
9,34,6,1,9,1,605,3.35
9,34,6,1,10,1,509,0.75
9,34,6,1,11,1,271,3.07
9,34,6,1,12,0,142,1.13
9,34,6,1,13,0,107,0.42
9,34,6,1,14,0,90,0.53
9,34,6,1,15,0,128,0.0
9,34,6,1,16,0,260,0.66
9,34,6,1,17,1,333,1.71
9,34,6,1,18,1,623,5.42
9,34,6,1,19,1,610,4.04
9,34,6,1,20,1,460,0.96
9,34,6,1,21,0,251,0.76
9,34,6,1,22,0,127,0.0
9,34,6,1,23,0,91,0.35
9,35,0,0,0,0,158,0.0
9,35,0,0,1,0,155,0.0
9,35,0,0,2,0,145,0.14
9,35,0,0,3,0,179,1.67
9,35,0,0,4,0,147,3.01
9,35,0,0,5,0,175,0.0
9,35,0,0,6,0,256,2.5
9,35,0,0,7,0,461,0.29
9,35,0,0,8,1,1026,4.55
9,35,0,0,9,1,1065,4.1
9,35,0,0,10,1,917,3.38
9,35,0,0,11,1,561,2.39
9,35,0,0,12,0,272,1.21
9,35,0,0,13,0,177,2.05
9,35,0,0,14,0,190,0.0
9,35,0,0,15,0,244,4.05
9,35,0,0,16,0,429,2.4
9,35,0,0,17,1,876,1.84
9,35,0,0,18,1,1077,1.95
9,35,0,0,19,1,1120,5.06
9,35,0,0,20,1,837,5.71
9,35,0,0,21,0,447,0.06
9,35,0,0,22,0,227,0.0
9,35,0,0,23,0,178,4.24
9,36,1,0,0,0,157,2.69
9,36,1,0,1,0,156,0.0
9,36,1,0,2,0,147,0.0
9,36,1,0,3,0,156,1.23
9,36,1,0,4,0,151,1.79
9,36,1,0,5,0,190,0.36
9,36,1,0,6,0,277,0.0
9,36,1,0,7,0,411,2.89
9,36,1,0,8,1,866,6.77
9,36,1,0,9,1,1098,2.89
9,36,1,0,10,1,1018,5.06
9,36,1,0,11,1,570,1.4
9,36,1,0,12,0,265,0.0
9,36,1,0,13,0,153,1.73
9,36,1,0,14,0,170,0.0
9,36,1,0,15,0,217,1.14
9,36,1,0,16,0,447,1.06
9,36,1,0,17,1,753,4.16
9,36,1,0,18,1,890,4.51
9,36,1,0,19,1,1152,2.76
9,36,1,0,20,1,673,3.57
9,36,1,0,21,0,403,3.97
9,36,1,0,22,0,286,1.78
9,36,1,0,23,0,174,0.37
9,37,2,0,0,0,136,0.12
9,37,2,0,1,0,152,0.0
9,37,2,0,2,0,163,0.85
9,37,2,0,3,0,168,0.01
9,37,2,0,4,0,167,0.68
9,37,2,0,5,0,183,0.62
9,37,2,0,6,0,294,0.0
9,37,2,0,7,0,532,3.41
9,37,2,0,8,1,806,5.96
9,37,2,0,9,1,1108,4.24
9,37,2,0,10,1,923,5.02
9,37,2,0,11,1,512,2.2
9,37,2,0,12,0,275,2.55
9,37,2,0,13,0,182,0.0
9,37,2,0,14,0,162,2.28
9,37,2,0,15,0,239,0.06
9,37,2,0,16,0,460,2.31
9,37,2,0,17,1,782,4.24
9,37,2,0,18,1,998,1.39
9,37,2,0,19,1,1244,3.29
9,37,2,0,20,1,702,2.32
9,37,2,0,21,0,444,1.06
9,37,2,0,22,0,240,0.0
9,37,2,0,23,0,185,0.0
9,38,3,0,0,0,158,0.98
9,38,3,0,1,0,166,1.01
9,38,3,0,2,0,144,0.0
9,38,3,0,3,0,149,0.0
9,38,3,0,4,0,165,0.0
9,38,3,0,5,0,177,0.54
9,38,3,0,6,0,234,0.0
9,38,3,0,7,0,493,0.0
9,38,3,0,8,1,968,5.89
9,38,3,0,9,1,1176,5.23
9,38,3,0,10,1,901,2.03
9,38,3,0,11,1,540,4.22
9,38,3,0,12,0,251,0.95
9,38,3,0,13,0,166,0.17
9,38,3,0,14,0,159,0.2
9,38,3,0,15,0,253,1.5
9,38,3,0,16,0,454,0.0
9,38,3,0,17,1,799,4.12
9,38,3,0,18,1,1110,6.14
9,38,3,0,19,1,1102,5.0
9,38,3,0,20,1,732,3.81
9,38,3,0,21,0,473,0.82
9,38,3,0,22,0,216,0.19
9,38,3,0,23,0,161,1.54
9,39,4,0,0,0,151,1.68
9,39,4,0,1,0,138,0.0
9,39,4,0,2,0,148,1.01
9,39,4,0,3,0,131,0.11
9,39,4,0,4,0,155,1.16
9,39,4,0,5,0,176,0.0
9,39,4,0,6,0,211,0.0
9,39,4,0,7,0,455,0.01
9,39,4,0,8,1,844,4.6
9,39,4,0,9,1,994,1.19
9,39,4,0,10,1,855,3.0
9,39,4,0,11,1,493,0.98
9,39,4,0,12,0,253,1.34
9,39,4,0,13,0,165,2.16
9,39,4,0,14,0,174,2.17
9,39,4,0,15,0,249,0.0
9,39,4,0,16,0,375,3.1
9,39,4,0,17,1,738,2.81
9,39,4,0,18,1,1057,6.24
9,39,4,0,19,1,1104,2.35
9,39,4,0,20,1,779,4.8
9,39,4,0,21,0,414,0.0
9,39,4,0,22,0,258,0.0
9,39,4,0,23,0,151,0.0
9,40,5,1,0,0,88,0.93
9,40,5,1,1,0,89,0.0
9,40,5,1,2,0,92,1.39
9,40,5,1,3,0,90,0.0
9,40,5,1,4,0,83,0.75
9,40,5,1,5,0,100,0.0
9,40,5,1,6,0,161,0.39
9,40,5,1,7,0,299,0.0
9,40,5,1,8,1,500,0.06
9,40,5,1,9,1,614,3.1
9,40,5,1,10,1,512,0.9
9,40,5,1,11,1,237,1.39
9,40,5,1,12,0,137,0.0
9,40,5,1,13,0,90,0.23
9,40,5,1,14,0,97,1.93
9,40,5,1,15,0,112,0.0
9,40,5,1,16,0,253,0.0
9,40,5,1,17,1,411,5.16
9,40,5,1,18,1,595,3.38
9,40,5,1,19,1,527,3.11
9,40,5,1,20,1,423,2.08
9,40,5,1,21,0,255,0.2
9,40,5,1,22,0,139,0.0
9,40,5,1,23,0,96,1.12
9,41,6,1,0,0,83,0.0
9,41,6,1,1,0,83,1.92
9,41,6,1,2,0,93,1.47
9,41,6,1,3,0,97,0.4
9,41,6,1,4,0,89,0.0
9,41,6,1,5,0,89,1.12
9,41,6,1,6,0,151,0.0
9,41,6,1,7,0,276,4.34
9,41,6,1,8,1,489,4.12
9,41,6,1,9,1,625,3.34
9,41,6,1,10,1,457,0.0
9,41,6,1,11,1,295,1.64
9,41,6,1,12,0,142,0.0
9,41,6,1,13,0,95,0.0
9,41,6,1,14,0,93,0.71
9,41,6,1,15,0,142,1.0
9,41,6,1,16,0,248,1.16
9,41,6,1,17,1,432,0.48
9,41,6,1,18,1,613,3.57
9,41,6,1,19,1,605,1.04
9,41,6,1,20,1,396,0.15
9,41,6,1,21,0,222,5.22
9,41,6,1,22,0,125,0.44
9,41,6,1,23,0,95,2.5
9,42,0,0,0,0,163,1.29
9,42,0,0,1,0,160,1.05
9,42,0,0,2,0,162,0.0
9,42,0,0,3,0,146,0.67
9,42,0,0,4,0,153,0.89
9,42,0,0,5,0,160,0.0
9,42,0,0,6,0,231,0.81
9,42,0,0,7,0,441,4.69
9,42,0,0,8,1,1037,5.48
9,42,0,0,9,1,1074,3.57
9,42,0,0,10,1,918,4.57
9,42,0,0,11,1,519,0.11
9,42,0,0,12,0,254,1.82
9,42,0,0,13,0,144,0.0
9,42,0,0,14,0,184,0.27
9,42,0,0,15,0,238,2.61
9,42,0,0,16,0,443,1.06
9,42,0,0,17,1,777,2.69
9,42,0,0,18,1,1036,3.81
9,42,0,0,19,1,1009,3.54
9,42,0,0,20,1,763,3.4
9,42,0,0,21,0,499,2.39
9,42,0,0,22,0,246,1.33
9,42,0,0,23,0,163,1.7
9,43,1,0,0,0,163,0.58
9,43,1,0,1,0,162,1.14
9,43,1,0,2,0,162,2.14
9,43,1,0,3,0,148,2.56
9,43,1,0,4,0,139,1.55
9,43,1,0,5,0,177,0.0
9,43,1,0,6,0,279,0.0
9,43,1,0,7,0,573,5.68
9,43,1,0,8,1,885,2.0
9,43,1,0,9,1,1055,5.68
9,43,1,0,10,1,873,0.0
9,43,1,0,11,1,522,3.43
9,43,1,0,12,0,268,2.08
9,43,1,0,13,0,200,0.48
9,43,1,0,14,0,201,0.57
9,43,1,0,15,0,266,0.85
9,43,1,0,16,0,517,3.04
9,43,1,0,17,1,790,1.36
9,43,1,0,18,1,1129,3.29
9,43,1,0,19,1,1150,5.59
9,43,1,0,20,1,863,4.26
9,43,1,0,21,0,447,3.77
9,43,1,0,22,0,272,0.0
9,43,1,0,23,0,200,2.64
9,44,2,0,0,0,147,0.0
9,44,2,0,1,0,173,1.0
9,44,2,0,2,0,152,1.08
9,44,2,0,3,0,173,0.0
9,44,2,0,4,0,161,0.73
9,44,2,0,5,0,196,2.03
9,44,2,0,6,0,275,0.43
9,44,2,0,7,0,534,1.41
9,44,2,0,8,1,889,4.42
9,44,2,0,9,1,1114,4.93
9,44,2,0,10,1,991,3.42
9,44,2,0,11,1,465,0.5
9,44,2,0,12,0,235,3.35
9,44,2,0,13,0,187,2.35
9,44,2,0,14,0,190,0.46
9,44,2,0,15,0,276,0.07
9,44,2,0,16,0,516,2.25
9,44,2,0,17,1,910,2.07
9,44,2,0,18,1,1072,1.88
9,44,2,0,19,1,1203,5.19
9,44,2,0,20,1,925,2.97
9,44,2,0,21,0,492,2.09
9,44,2,0,22,0,242,0.53
9,44,2,0,23,0,163,1.21
9,45,3,0,0,0,160,0.0
9,45,3,0,1,0,126,0.03
9,45,3,0,2,0,172,1.02
9,45,3,0,3,0,141,0.0
9,45,3,0,4,0,174,0.0
9,45,3,0,5,0,186,1.6
9,45,3,0,6,0,291,0.22
9,45,3,0,7,0,545,4.28
9,45,3,0,8,1,801,3.4
9,45,3,0,9,1,1103,2.82
9,45,3,0,10,1,916,1.91
9,45,3,0,11,1,522,5.35
9,45,3,0,12,0,254,0.87
9,45,3,0,13,0,198,2.68
9,45,3,0,14,0,168,1.7
9,45,3,0,15,0,186,0.0
9,45,3,0,16,0,483,1.17
9,45,3,0,17,1,783,1.75
9,45,3,0,18,1,1014,0.31
9,45,3,0,19,1,1078,5.01
9,45,3,0,20,1,812,2.0
9,45,3,0,21,0,394,1.02
9,45,3,0,22,0,218,0.0
9,45,3,0,23,0,177,0.0
9,46,4,0,0,0,174,0.0
9,46,4,0,1,0,150,1.87
9,46,4,0,2,0,166,1.44
9,46,4,0,3,0,150,1.48
9,46,4,0,4,0,170,1.34
9,46,4,0,5,0,175,1.57
9,46,4,0,6,0,256,1.63
9,46,4,0,7,0,510,0.0
9,46,4,0,8,1,855,6.54
9,46,4,0,9,1,935,6.07
9,46,4,0,10,1,942,3.82
9,46,4,0,11,1,439,1.75
9,46,4,0,12,0,242,2.75
9,46,4,0,13,0,168,0.26
9,46,4,0,14,0,180,0.0
9,46,4,0,15,0,263,0.61
9,46,4,0,16,0,378,1.74
9,46,4,0,17,1,848,5.55
9,46,4,0,18,1,1159,6.37
9,46,4,0,19,1,1154,3.18
9,46,4,0,20,1,746,0.0
9,46,4,0,21,0,437,2.73
9,46,4,0,22,0,213,2.79
9,46,4,0,23,0,174,0.0
9,47,5,1,0,0,75,2.79
9,47,5,1,1,0,95,0.0
9,47,5,1,2,0,93,0.06
9,47,5,1,3,0,82,0.0
9,47,5,1,4,0,86,0.0
9,47,5,1,5,0,97,2.8
9,47,5,1,6,0,167,0.0
9,47,5,1,7,0,289,1.47
9,47,5,1,8,1,514,1.38
9,47,5,1,9,1,635,0.47
9,47,5,1,10,1,626,2.94
9,47,5,1,11,1,295,0.0
9,47,5,1,12,0,134,0.0
9,47,5,1,13,0,109,0.0
9,47,5,1,14,0,96,0.17
9,47,5,1,15,0,139,0.0
9,47,5,1,16,0,261,2.91
9,47,5,1,17,1,415,1.61
9,47,5,1,18,1,641,2.95
9,47,5,1,19,1,562,3.3
9,47,5,1,20,1,491,4.23
9,47,5,1,21,0,256,2.17
9,47,5,1,22,0,130,0.0
9,47,5,1,23,0,96,3.78
9,48,6,1,0,0,83,0.98
9,48,6,1,1,0,89,0.0
9,48,6,1,2,0,97,2.77
9,48,6,1,3,0,105,0.0
9,48,6,1,4,0,90,0.49
9,48,6,1,5,0,91,0.0
9,48,6,1,6,0,143,0.0
9,48,6,1,7,0,257,1.21
9,48,6,1,8,1,449,1.1
9,48,6,1,9,1,626,2.3
9,48,6,1,10,1,483,4.65
9,48,6,1,11,1,310,1.36
9,48,6,1,12,0,130,1.74
9,48,6,1,13,0,117,2.52
9,48,6,1,14,0,87,0.05
9,48,6,1,15,0,126,0.0
9,48,6,1,16,0,267,2.74
9,48,6,1,17,1,500,3.02
9,48,6,1,18,1,608,2.71
9,48,6,1,19,1,566,4.32
9,48,6,1,20,1,412,1.04
9,48,6,1,21,0,238,0.0
9,48,6,1,22,0,143,0.0
9,48,6,1,23,0,101,0.0
9,49,0,0,0,0,152,0.0
9,49,0,0,1,0,175,3.12
9,49,0,0,2,0,170,1.08
9,49,0,0,3,0,159,2.27
9,49,0,0,4,0,158,2.61
9,49,0,0,5,0,162,2.12
9,49,0,0,6,0,284,0.0
9,49,0,0,7,0,473,1.83
9,49,0,0,8,1,927,2.78
9,49,0,0,9,1,1115,1.36
9,49,0,0,10,1,952,5.03
9,49,0,0,11,1,568,3.13
9,49,0,0,12,0,250,0.0
9,49,0,0,13,0,166,0.53
9,49,0,0,14,0,165,0.0
9,49,0,0,15,0,243,0.0
9,49,0,0,16,0,409,1.96
9,49,0,0,17,1,813,4.55
9,49,0,0,18,1,1124,4.54
9,49,0,0,19,1,1167,4.95
9,49,0,0,20,1,734,1.74
9,49,0,0,21,0,504,6.84
9,49,0,0,22,0,258,0.0
9,49,0,0,23,0,202,0.16
9,50,1,0,0,0,163,0.62
9,50,1,0,1,0,160,0.0
9,50,1,0,2,0,174,0.42
9,50,1,0,3,0,166,1.55
9,50,1,0,4,0,158,0.0
9,50,1,0,5,0,163,1.72
9,50,1,0,6,0,264,0.0
9,50,1,0,7,0,508,2.35
9,50,1,0,8,1,938,6.48
9,50,1,0,9,1,904,5.43
9,50,1,0,10,1,912,2.1
9,50,1,0,11,1,513,4.22
9,50,1,0,12,0,294,0.0
9,50,1,0,13,0,165,0.0
9,50,1,0,14,0,180,1.14
9,50,1,0,15,0,264,1.72
9,50,1,0,16,0,476,0.0
9,50,1,0,17,1,908,5.58
9,50,1,0,18,1,1063,3.07
9,50,1,0,19,1,1177,2.37
9,50,1,0,20,1,749,1.45
9,50,1,0,21,0,441,1.1
9,50,1,0,22,0,229,0.0
9,50,1,0,23,0,166,0.0
9,51,2,0,0,0,165,2.35
9,51,2,0,1,0,163,2.73
9,51,2,0,2,0,147,0.0
9,51,2,0,3,0,163,1.51
9,51,2,0,4,0,160,0.6
9,51,2,0,5,0,160,0.0
9,51,2,0,6,0,269,2.55
9,51,2,0,7,0,489,1.13
9,51,2,0,8,1,849,2.83
9,51,2,0,9,1,1196,3.38
9,51,2,0,10,1,943,3.03
9,51,2,0,11,1,426,1.19
9,51,2,0,12,0,292,0.14
9,51,2,0,13,0,174,0.71
9,51,2,0,14,0,180,3.03
9,51,2,0,15,0,229,0.93
9,51,2,0,16,0,472,0.82
9,51,2,0,17,1,801,4.68
9,51,2,0,18,1,1064,4.0
9,51,2,0,19,1,1008,5.45
9,51,2,0,20,1,806,2.59
9,51,2,0,21,0,434,1.72
9,51,2,0,22,0,251,0.02
9,51,2,0,23,0,167,0.27
9,52,3,0,0,0,160,3.05
9,52,3,0,1,0,147,0.0
9,52,3,0,2,0,175,0.0
9,52,3,0,3,0,176,2.57
9,52,3,0,4,0,166,2.49
9,52,3,0,5,0,149,0.0
9,52,3,0,6,0,264,0.48
9,52,3,0,7,0,475,3.11
9,52,3,0,8,1,915,5.23
9,52,3,0,9,1,1074,4.27
9,52,3,0,10,1,1007,2.1
9,52,3,0,11,1,503,0.7
9,52,3,0,12,0,293,4.78
9,52,3,0,13,0,180,1.46
9,52,3,0,14,0,175,0.49
9,52,3,0,15,0,246,0.0
9,52,3,0,16,0,468,0.39
9,52,3,0,17,1,774,3.15
9,52,3,0,18,1,1043,5.07
9,52,3,0,19,1,1068,5.87
9,52,3,0,20,1,741,2.71
9,52,3,0,21,0,406,3.1
9,52,3,0,22,0,238,0.12
9,52,3,0,23,0,172,0.52
9,53,4,0,0,0,163,1.46
9,53,4,0,1,0,156,0.57
9,53,4,0,2,0,118,0.0
9,53,4,0,3,0,176,1.38
9,53,4,0,4,0,146,0.0
9,53,4,0,5,0,167,2.27
9,53,4,0,6,0,278,0.0
9,53,4,0,7,0,507,0.33
9,53,4,0,8,1,852,2.52
9,53,4,0,9,1,1044,4.73
9,53,4,0,10,1,993,3.88
9,53,4,0,11,1,464,2.17
9,53,4,0,12,0,262,0.76
9,53,4,0,13,0,204,1.18
9,53,4,0,14,0,185,0.0
9,53,4,0,15,0,225,1.67
9,53,4,0,16,0,455,1.25
9,53,4,0,17,1,825,4.69
9,53,4,0,18,1,1068,3.34
9,53,4,0,19,1,1088,5.1
9,53,4,0,20,1,760,4.32
9,53,4,0,21,0,427,0.87
9,53,4,0,22,0,290,0.0
9,53,4,0,23,0,186,0.0
9,54,5,1,0,0,91,4.4
9,54,5,1,1,0,94,2.38
9,54,5,1,2,0,86,1.76
9,54,5,1,3,0,88,3.39
9,54,5,1,4,0,80,2.1
9,54,5,1,5,0,99,0.0
9,54,5,1,6,0,138,0.0
9,54,5,1,7,0,206,0.0
9,54,5,1,8,1,478,2.03
9,54,5,1,9,1,545,1.71
9,54,5,1,10,1,502,1.14
9,54,5,1,11,1,254,0.0
9,54,5,1,12,0,157,0.0
9,54,5,1,13,0,106,2.47
9,54,5,1,14,0,94,1.07
9,54,5,1,15,0,126,0.91
9,54,5,1,16,0,288,3.06
9,54,5,1,17,1,420,0.0
9,54,5,1,18,1,596,2.79
9,54,5,1,19,1,646,2.42
9,54,5,1,20,1,500,2.05
9,54,5,1,21,0,235,1.73
9,54,5,1,22,0,142,0.0
9,54,5,1,23,0,89,0.0
9,55,6,1,0,0,84,2.16
9,55,6,1,1,0,91,2.05
9,55,6,1,2,0,82,0.08
9,55,6,1,3,0,73,1.8
9,55,6,1,4,0,97,0.0
9,55,6,1,5,0,109,0.08
9,55,6,1,6,0,129,0.04
9,55,6,1,7,0,292,1.09
9,55,6,1,8,1,470,2.77
9,55,6,1,9,1,642,2.31
9,55,6,1,10,1,479,1.1
9,55,6,1,11,1,289,0.0
9,55,6,1,12,0,133,0.29
9,55,6,1,13,0,91,0.74
9,55,6,1,14,0,98,4.11
9,55,6,1,15,0,126,0.49
9,55,6,1,16,0,226,3.81
9,55,6,1,17,1,497,0.0
9,55,6,1,18,1,602,2.46
9,55,6,1,19,1,594,1.65
9,55,6,1,20,1,465,4.54
9,55,6,1,21,0,260,2.34
9,55,6,1,22,0,130,2.05
9,55,6,1,23,0,104,0.0
9,56,0,0,0,0,155,0.0
9,56,0,0,1,0,141,0.0
9,56,0,0,2,0,144,1.78
9,56,0,0,3,0,156,1.42
9,56,0,0,4,0,144,2.52
9,56,0,0,5,0,182,1.33
9,56,0,0,6,0,277,1.59
9,56,0,0,7,0,466,2.8
9,56,0,0,8,1,840,3.68
9,56,0,0,9,1,1038,6.65
9,56,0,0,10,1,945,5.29
9,56,0,0,11,1,476,2.35
9,56,0,0,12,0,262,1.21
9,56,0,0,13,0,150,3.55
9,56,0,0,14,0,176,1.46
9,56,0,0,15,0,218,3.07
9,56,0,0,16,0,494,3.26
9,56,0,0,17,1,814,6.76
9,56,0,0,18,1,1198,2.74
9,56,0,0,19,1,1130,5.4
9,56,0,0,20,1,803,4.07
9,56,0,0,21,0,496,1.7
9,56,0,0,22,0,237,0.0
9,56,0,0,23,0,149,0.13
9,57,1,0,0,0,149,0.29
9,57,1,0,1,0,150,0.0
9,57,1,0,2,0,151,1.37
9,57,1,0,3,0,151,0.32
9,57,1,0,4,0,186,2.36
9,57,1,0,5,0,178,1.1
9,57,1,0,6,0,243,0.34
9,57,1,0,7,0,495,2.14
9,57,1,0,8,1,893,1.88
9,57,1,0,9,1,1159,3.78
9,57,1,0,10,1,1035,6.01
9,57,1,0,11,1,439,1.38
9,57,1,0,12,0,291,2.16
9,57,1,0,13,0,179,0.0
9,57,1,0,14,0,174,1.01
9,57,1,0,15,0,204,1.74
9,57,1,0,16,0,420,2.13
9,57,1,0,17,1,805,2.84
9,57,1,0,18,1,1181,5.15
9,57,1,0,19,1,1352,8.07
9,57,1,0,20,1,732,4.71
9,57,1,0,21,0,418,0.0
9,57,1,0,22,0,215,0.32
9,57,1,0,23,0,189,0.99
9,58,2,0,0,0,164,0.0
9,58,2,0,1,0,155,0.0
9,58,2,0,2,0,138,0.0
9,58,2,0,3,0,159,1.62
9,58,2,0,4,0,148,1.48
9,58,2,0,5,0,186,1.24
9,58,2,0,6,0,240,0.21
9,58,2,0,7,0,520,1.01
9,58,2,0,8,1,943,2.11
9,58,2,0,9,1,1140,5.92
9,58,2,0,10,1,910,2.15
9,58,2,0,11,1,441,0.1
9,58,2,0,12,0,268,0.76
9,58,2,0,13,0,169,1.27
9,58,2,0,14,0,149,0.2
9,58,2,0,15,0,223,0.0
9,58,2,0,16,0,426,5.41
9,58,2,0,17,1,837,1.65
9,58,2,0,18,1,1218,2.91
9,58,2,0,19,1,1245,3.66
9,58,2,0,20,1,803,6.34
9,58,2,0,21,0,432,4.48
9,58,2,0,22,0,243,0.84
9,58,2,0,23,0,163,2.77
9,59,3,0,0,0,151,3.46
9,59,3,0,1,0,150,0.0
9,59,3,0,2,0,170,0.52
9,59,3,0,3,0,161,0.0
9,59,3,0,4,0,161,1.2
9,59,3,0,5,0,199,0.08
9,59,3,0,6,0,265,2.88
9,59,3,0,7,0,508,3.66
9,59,3,0,8,1,1076,4.35
9,59,3,0,9,1,1224,5.67
9,59,3,0,10,1,958,4.89
9,59,3,0,11,1,550,3.7
9,59,3,0,12,0,256,0.19
9,59,3,0,13,0,183,0.0
9,59,3,0,14,0,186,1.86
9,59,3,0,15,0,241,1.03
9,59,3,0,16,0,477,3.03
9,59,3,0,17,1,855,4.59
9,59,3,0,18,1,1120,4.46
9,59,3,0,19,1,1148,6.77
9,59,3,0,20,1,813,5.21
9,59,3,0,21,0,372,1.97
9,59,3,0,22,0,246,0.0
9,59,3,0,23,0,154,1.31
10,0,0,0,0,0,280,5.04
10,0,0,0,1,0,242,0.82
10,0,0,0,2,0,248,2.09
10,0,0,0,3,0,281,3.56
10,0,0,0,4,0,274,4.87
10,0,0,0,5,0,271,0.0
10,0,0,0,6,0,467,2.05
10,0,0,0,7,0,730,2.45
10,0,0,0,8,1,1482,4.96
10,0,0,0,9,1,1646,6.27
10,0,0,0,10,1,1328,6.26
10,0,0,0,11,1,693,2.91
10,0,0,0,12,0,435,1.6
10,0,0,0,13,0,313,0.0
10,0,0,0,14,0,271,0.59
10,0,0,0,15,0,418,2.0
10,0,0,0,16,0,844,2.17
10,0,0,0,17,1,1146,7.27
10,0,0,0,18,1,1592,7.39
10,0,0,0,19,1,1657,3.52
10,0,0,0,20,1,1251,6.35
10,0,0,0,21,0,650,3.46
10,0,0,0,22,0,420,0.0
10,0,0,0,23,0,279,3.48
10,1,1,0,0,0,269,0.68
10,1,1,0,1,0,264,0.03
10,1,1,0,2,0,278,2.78
10,1,1,0,3,0,258,1.38
10,1,1,0,4,0,238,0.0
10,1,1,0,5,0,275,0.97
10,1,1,0,6,0,453,3.2
10,1,1,0,7,0,833,5.12
10,1,1,0,8,1,1342,6.98
10,1,1,0,9,1,1679,8.58
10,1,1,0,10,1,1451,2.81
10,1,1,0,11,1,869,4.69
10,1,1,0,12,0,403,1.06
10,1,1,0,13,0,284,0.0
10,1,1,0,14,0,232,2.88
10,1,1,0,15,0,370,4.26
10,1,1,0,16,0,799,5.55
10,1,1,0,17,1,1223,2.48
10,1,1,0,18,1,1642,5.9
10,1,1,0,19,1,1457,5.11
10,1,1,0,20,1,1269,3.13
10,1,1,0,21,0,660,2.31
10,1,1,0,22,0,407,0.29
10,1,1,0,23,0,290,1.37
10,2,2,0,0,0,257,0.05
10,2,2,0,1,0,228,3.46
10,2,2,0,2,0,268,2.58
10,2,2,0,3,0,254,0.77
10,2,2,0,4,0,269,0.0
10,2,2,0,5,0,258,0.0
10,2,2,0,6,0,402,0.29
10,2,2,0,7,0,843,3.49
10,2,2,0,8,1,1614,10.17
10,2,2,0,9,1,1611,6.66
10,2,2,0,10,1,1469,5.85
10,2,2,0,11,1,750,1.62
10,2,2,0,12,0,426,0.29
10,2,2,0,13,0,291,0.8
10,2,2,0,14,0,290,0.0
10,2,2,0,15,0,401,0.28
10,2,2,0,16,0,729,4.93
10,2,2,0,17,1,1317,5.75
10,2,2,0,18,1,1916,5.56
10,2,2,0,19,1,2046,6.6
10,2,2,0,20,1,1380,6.64
10,2,2,0,21,0,668,4.19
10,2,2,0,22,0,411,4.48
10,2,2,0,23,0,288,0.99
10,3,3,0,0,0,245,0.0
10,3,3,0,1,0,249,0.58
10,3,3,0,2,0,261,0.0
10,3,3,0,3,0,251,1.87
10,3,3,0,4,0,273,0.0
10,3,3,0,5,0,300,0.83
10,3,3,0,6,0,411,0.0
10,3,3,0,7,0,919,3.94
10,3,3,0,8,1,1274,5.66
10,3,3,0,9,1,1841,9.2
10,3,3,0,10,1,1416,5.68
10,3,3,0,11,1,779,4.01
10,3,3,0,12,0,392,0.23
10,3,3,0,13,0,286,0.0
10,3,3,0,14,0,324,4.19
10,3,3,0,15,0,381,0.0
10,3,3,0,16,0,740,2.24
10,3,3,0,17,1,1411,4.46
10,3,3,0,18,1,1877,7.68
10,3,3,0,19,1,1701,7.16
10,3,3,0,20,1,1380,5.65
10,3,3,0,21,0,726,1.59
10,3,3,0,22,0,432,3.29
10,3,3,0,23,0,274,0.91
10,4,4,0,0,0,285,0.0
10,4,4,0,1,0,268,0.23
10,4,4,0,2,0,292,1.26
10,4,4,0,3,0,282,0.0
10,4,4,0,4,0,233,0.58
10,4,4,0,5,0,290,0.39
10,4,4,0,6,0,443,1.46
10,4,4,0,7,0,684,3.57
10,4,4,0,8,1,1350,4.86
10,4,4,0,9,1,2015,10.72
10,4,4,0,10,1,1385,6.41
10,4,4,0,11,1,785,2.71
10,4,4,0,12,0,398,0.0
10,4,4,0,13,0,290,1.59
10,4,4,0,14,0,271,2.72
10,4,4,0,15,0,382,0.57
10,4,4,0,16,0,751,0.69
10,4,4,0,17,1,1383,4.93
10,4,4,0,18,1,1941,9.7
10,4,4,0,19,1,1890,6.34
10,4,4,0,20,1,1161,2.49
10,4,4,0,21,0,784,2.93
10,4,4,0,22,0,377,1.31
10,4,4,0,23,0,308,2.4
10,5,5,1,0,0,145,1.54
10,5,5,1,1,0,142,1.02
10,5,5,1,2,0,143,0.57
10,5,5,1,3,0,149,1.14
10,5,5,1,4,0,132,1.32
10,5,5,1,5,0,159,1.55
10,5,5,1,6,0,227,2.13
10,5,5,1,7,0,449,2.88
10,5,5,1,8,1,769,2.5
10,5,5,1,9,1,1033,3.63
10,5,5,1,10,1,939,4.61
10,5,5,1,11,1,452,3.04
10,5,5,1,12,0,221,2.27
10,5,5,1,13,0,169,2.56
10,5,5,1,14,0,152,0.0
10,5,5,1,15,0,207,0.41
10,5,5,1,16,0,449,5.09
10,5,5,1,17,1,729,2.93
10,5,5,1,18,1,961,5.08
10,5,5,1,19,1,1162,7.33
10,5,5,1,20,1,774,4.78
10,5,5,1,21,0,422,1.62
10,5,5,1,22,0,204,0.78
10,5,5,1,23,0,161,0.0
10,6,6,1,0,0,139,0.0
10,6,6,1,1,0,152,0.0
10,6,6,1,2,0,144,0.0
10,6,6,1,3,0,158,0.0
10,6,6,1,4,0,147,0.0
10,6,6,1,5,0,149,0.91
10,6,6,1,6,0,234,1.28
10,6,6,1,7,0,457,0.87
10,6,6,1,8,1,788,3.2
10,6,6,1,9,1,1001,3.91
10,6,6,1,10,1,845,3.52
10,6,6,1,11,1,458,1.26
10,6,6,1,12,0,210,1.07
10,6,6,1,13,0,173,1.36
10,6,6,1,14,0,147,1.81
10,6,6,1,15,0,212,1.92
10,6,6,1,16,0,384,2.07
10,6,6,1,17,1,680,1.98
10,6,6,1,18,1,865,4.23
10,6,6,1,19,1,1018,4.71
10,6,6,1,20,1,725,1.76
10,6,6,1,21,0,427,3.2
10,6,6,1,22,0,204,1.61
10,6,6,1,23,0,167,0.0
10,7,0,0,0,0,250,1.8
10,7,0,0,1,0,225,0.0
10,7,0,0,2,0,235,0.0
10,7,0,0,3,0,278,0.0
10,7,0,0,4,0,266,2.28
10,7,0,0,5,0,277,0.11
10,7,0,0,6,0,425,1.7
10,7,0,0,7,0,887,0.0
10,7,0,0,8,1,1345,6.22
10,7,0,0,9,1,1799,8.32
10,7,0,0,10,1,1483,5.73
10,7,0,0,11,1,801,6.69
10,7,0,0,12,0,469,2.62
10,7,0,0,13,0,289,1.96
10,7,0,0,14,0,306,1.85
10,7,0,0,15,0,372,4.16
10,7,0,0,16,0,734,5.96
10,7,0,0,17,1,1309,4.87
10,7,0,0,18,1,1997,8.44
10,7,0,0,19,1,1817,5.47
10,7,0,0,20,1,1358,4.69
10,7,0,0,21,0,694,2.04
10,7,0,0,22,0,409,0.0
10,7,0,0,23,0,279,2.59
10,8,1,0,0,0,230,1.18
10,8,1,0,1,0,243,0.37
10,8,1,0,2,0,289,0.0
10,8,1,0,3,0,271,0.37
10,8,1,0,4,0,248,0.0
10,8,1,0,5,0,301,0.92
10,8,1,0,6,0,407,1.79
10,8,1,0,7,0,810,0.24
10,8,1,0,8,1,1395,6.92
10,8,1,0,9,1,1576,4.67
10,8,1,0,10,1,1403,4.52
10,8,1,0,11,1,819,1.64
10,8,1,0,12,0,405,1.55
10,8,1,0,13,0,302,3.08
10,8,1,0,14,0,281,3.96
10,8,1,0,15,0,390,2.8
10,8,1,0,16,0,832,3.54
10,8,1,0,17,1,1148,4.73
10,8,1,0,18,1,1710,6.43
10,8,1,0,19,1,2084,6.5
10,8,1,0,20,1,1321,3.97
10,8,1,0,21,0,702,3.93
10,8,1,0,22,0,406,1.29
10,8,1,0,23,0,269,1.55
10,9,2,0,0,0,291,0.0
10,9,2,0,1,0,295,2.98
10,9,2,0,2,0,284,1.6
10,9,2,0,3,0,280,0.0
10,9,2,0,4,0,245,2.13
10,9,2,0,5,0,290,0.94
10,9,2,0,6,0,334,0.68
10,9,2,0,7,0,744,3.72
10,9,2,0,8,1,1430,4.78
10,9,2,0,9,1,2171,10.24
10,9,2,0,10,1,1575,9.6
10,9,2,0,11,1,874,2.34
10,9,2,0,12,0,388,3.0
10,9,2,0,13,0,240,0.84
10,9,2,0,14,0,237,1.1
10,9,2,0,15,0,423,2.11
10,9,2,0,16,0,774,6.04
10,9,2,0,17,1,1275,9.31
10,9,2,0,18,1,1829,8.74
10,9,2,0,19,1,1710,9.27
10,9,2,0,20,1,1397,7.8
10,9,2,0,21,0,723,1.01
10,9,2,0,22,0,410,0.0
10,9,2,0,23,0,276,1.39
10,10,3,0,0,0,304,1.69
10,10,3,0,1,0,258,0.94
10,10,3,0,2,0,228,1.04
10,10,3,0,3,0,258,0.0
10,10,3,0,4,0,234,0.21
10,10,3,0,5,0,285,0.45
10,10,3,0,6,0,382,1.96
10,10,3,0,7,0,856,3.61
10,10,3,0,8,1,1387,6.44
10,10,3,0,9,1,1765,5.28
10,10,3,0,10,1,1573,6.82
10,10,3,0,11,1,813,0.9
10,10,3,0,12,0,393,4.6
10,10,3,0,13,0,253,0.63
10,10,3,0,14,0,286,1.62
10,10,3,0,15,0,348,1.65
10,10,3,0,16,0,623,2.64
10,10,3,0,17,1,1222,3.59
10,10,3,0,18,1,1918,7.32
10,10,3,0,19,1,1866,8.22
10,10,3,0,20,1,1421,3.87
10,10,3,0,21,0,773,3.12
10,10,3,0,22,0,384,0.0
10,10,3,0,23,0,298,0.0
10,11,4,0,0,0,266,3.96
10,11,4,0,1,0,276,3.19
10,11,4,0,2,0,241,2.11
10,11,4,0,3,0,232,0.58
10,11,4,0,4,0,295,0.27
10,11,4,0,5,0,309,2.76
10,11,4,0,6,0,453,0.0
10,11,4,0,7,0,855,3.19
10,11,4,0,8,1,1579,3.83
10,11,4,0,9,1,1845,7.72
10,11,4,0,10,1,1221,3.56
10,11,4,0,11,1,701,1.71
10,11,4,0,12,0,436,2.04
10,11,4,0,13,0,291,0.0
10,11,4,0,14,0,313,1.22
10,11,4,0,15,0,397,3.0
10,11,4,0,16,0,663,2.99
10,11,4,0,17,1,1333,4.51
10,11,4,0,18,1,1892,8.28
10,11,4,0,19,1,1784,6.94
10,11,4,0,20,1,1344,6.56
10,11,4,0,21,0,724,4.58
10,11,4,0,22,0,416,0.0
10,11,4,0,23,0,252,2.78
10,12,5,1,0,0,138,0.8
10,12,5,1,1,0,153,0.6
10,12,5,1,2,0,141,0.0
10,12,5,1,3,0,145,1.46
10,12,5,1,4,0,135,0.0
10,12,5,1,5,0,189,0.62
10,12,5,1,6,0,217,1.93
10,12,5,1,7,0,449,0.17
10,12,5,1,8,1,829,2.04
10,12,5,1,9,1,1110,5.18
10,12,5,1,10,1,781,3.29
10,12,5,1,11,1,484,2.21
10,12,5,1,12,0,269,2.78
10,12,5,1,13,0,164,0.0
10,12,5,1,14,0,156,1.34
10,12,5,1,15,0,203,2.75
10,12,5,1,16,0,365,0.5
10,12,5,1,17,1,677,3.82
10,12,5,1,18,1,925,1.0
10,12,5,1,19,1,1075,3.63
10,12,5,1,20,1,648,1.46
10,12,5,1,21,0,450,0.81
10,12,5,1,22,0,215,0.19
10,12,5,1,23,0,140,0.0
10,13,6,1,0,0,126,1.94
10,13,6,1,1,0,141,4.29
10,13,6,1,2,0,132,0.0
10,13,6,1,3,0,158,2.22
10,13,6,1,4,0,146,0.0
10,13,6,1,5,0,178,0.6
10,13,6,1,6,0,221,2.6
10,13,6,1,7,0,450,0.05
10,13,6,1,8,1,801,2.03
10,13,6,1,9,1,748,1.67
10,13,6,1,10,1,765,1.33
10,13,6,1,11,1,472,0.72
10,13,6,1,12,0,238,0.0
10,13,6,1,13,0,169,0.0
10,13,6,1,14,0,128,2.37
10,13,6,1,15,0,202,3.44
10,13,6,1,16,0,414,2.84
10,13,6,1,17,1,768,3.24
10,13,6,1,18,1,999,5.92
10,13,6,1,19,1,998,2.9
10,13,6,1,20,1,742,0.0
10,13,6,1,21,0,438,3.76
10,13,6,1,22,0,238,2.69
10,13,6,1,23,0,155,0.46
10,14,0,0,0,0,230,3.54
10,14,0,0,1,0,246,1.49
10,14,0,0,2,0,261,0.0
10,14,0,0,3,0,220,0.89
10,14,0,0,4,0,249,0.86
10,14,0,0,5,0,308,1.57
10,14,0,0,6,0,443,2.44
10,14,0,0,7,0,800,1.7
10,14,0,0,8,1,1483,6.06
10,14,0,0,9,1,1923,7.47
10,14,0,0,10,1,1418,5.33
10,14,0,0,11,1,760,5.21
10,14,0,0,12,0,456,0.0
10,14,0,0,13,0,306,0.0
10,14,0,0,14,0,309,0.19
10,14,0,0,15,0,407,0.0
10,14,0,0,16,0,651,3.31
10,14,0,0,17,1,1217,3.61
10,14,0,0,18,1,1999,11.31
10,14,0,0,19,1,1933,6.09
10,14,0,0,20,1,1472,3.55
10,14,0,0,21,0,703,2.89
10,14,0,0,22,0,456,3.19
10,14,0,0,23,0,273,0.0
10,15,1,0,0,0,276,0.3
10,15,1,0,1,0,260,0.0
10,15,1,0,2,0,267,1.8
10,15,1,0,3,0,230,2.47
10,15,1,0,4,0,270,2.19
10,15,1,0,5,0,275,1.37
10,15,1,0,6,0,420,1.46
10,15,1,0,7,0,832,5.21
10,15,1,0,8,1,1577,4.54
10,15,1,0,9,1,1933,9.52
10,15,1,0,10,1,1435,6.5
10,15,1,0,11,1,853,2.14
10,15,1,0,12,0,405,2.75
10,15,1,0,13,0,276,2.57
10,15,1,0,14,0,317,2.98
10,15,1,0,15,0,458,1.7
10,15,1,0,16,0,730,3.4
10,15,1,0,17,1,1283,5.95
10,15,1,0,18,1,1552,6.52
10,15,1,0,19,1,1600,4.96
10,15,1,0,20,1,1365,5.16
10,15,1,0,21,0,760,2.71
10,15,1,0,22,0,431,1.37
10,15,1,0,23,0,239,1.29
10,16,2,0,0,0,211,0.0
10,16,2,0,1,0,237,0.0
10,16,2,0,2,0,244,0.0
10,16,2,0,3,0,227,3.22
10,16,2,0,4,0,244,0.0
10,16,2,0,5,0,276,0.0
10,16,2,0,6,0,388,2.62
10,16,2,0,7,0,791,1.44
10,16,2,0,8,1,1504,7.74
10,16,2,0,9,1,1869,3.8
10,16,2,0,10,1,1323,5.36
10,16,2,0,11,1,805,2.73
10,16,2,0,12,0,385,0.0
10,16,2,0,13,0,334,1.38
10,16,2,0,14,0,302,1.22
10,16,2,0,15,0,397,1.49
10,16,2,0,16,0,656,0.35
10,16,2,0,17,1,1330,5.6
10,16,2,0,18,1,1933,8.84
10,16,2,0,19,1,1682,8.43
10,16,2,0,20,1,1369,6.51
10,16,2,0,21,0,850,6.47
10,16,2,0,22,0,417,2.52
10,16,2,0,23,0,308,0.36
10,17,3,0,0,0,244,1.99
10,17,3,0,1,0,238,1.84
10,17,3,0,2,0,259,0.0
10,17,3,0,3,0,256,2.98
10,17,3,0,4,0,260,1.17
10,17,3,0,5,0,291,1.85
10,17,3,0,6,0,406,2.15
10,17,3,0,7,0,752,1.81
10,17,3,0,8,1,1374,6.2
10,17,3,0,9,1,1815,7.06
10,17,3,0,10,1,1532,6.7
10,17,3,0,11,1,802,1.66
10,17,3,0,12,0,390,0.0
10,17,3,0,13,0,291,0.0
10,17,3,0,14,0,275,0.91
10,17,3,0,15,0,429,3.11
10,17,3,0,16,0,717,4.77
10,17,3,0,17,1,1082,7.14
10,17,3,0,18,1,1898,7.75
10,17,3,0,19,1,1670,6.02
10,17,3,0,20,1,1353,6.36
10,17,3,0,21,0,759,1.94
10,17,3,0,22,0,366,1.76
10,17,3,0,23,0,301,1.21
10,18,4,0,0,0,286,1.19
10,18,4,0,1,0,256,2.03
10,18,4,0,2,0,281,0.0
10,18,4,0,3,0,233,0.46
10,18,4,0,4,0,324,0.9
10,18,4,0,5,0,281,2.05
10,18,4,0,6,0,450,2.05
10,18,4,0,7,0,897,1.8
10,18,4,0,8,1,1363,7.2
10,18,4,0,9,1,1794,5.28
10,18,4,0,10,1,1298,3.98
10,18,4,0,11,1,821,3.99
10,18,4,0,12,0,407,2.21
10,18,4,0,13,0,277,2.94
10,18,4,0,14,0,345,0.79
10,18,4,0,15,0,411,2.24
10,18,4,0,16,0,728,3.89
10,18,4,0,17,1,1339,4.65
10,18,4,0,18,1,1988,8.25
10,18,4,0,19,1,1743,10.64
10,18,4,0,20,1,1278,5.49
10,18,4,0,21,0,730,2.73
10,18,4,0,22,0,410,0.37
10,18,4,0,23,0,297,0.0
10,19,5,1,0,0,126,3.24
10,19,5,1,1,0,126,0.0
10,19,5,1,2,0,126,3.11
10,19,5,1,3,0,120,0.0
10,19,5,1,4,0,125,0.09
10,19,5,1,5,0,150,0.0
10,19,5,1,6,0,264,0.0
10,19,5,1,7,0,448,2.3
10,19,5,1,8,1,736,3.67
10,19,5,1,9,1,954,4.38
10,19,5,1,10,1,792,0.09
10,19,5,1,11,1,498,5.1
10,19,5,1,12,0,226,0.0
10,19,5,1,13,0,177,3.54
10,19,5,1,14,0,155,0.29
10,19,5,1,15,0,216,0.0
10,19,5,1,16,0,387,4.12
10,19,5,1,17,1,700,1.24
10,19,5,1,18,1,1028,3.11
10,19,5,1,19,1,984,2.03
10,19,5,1,20,1,650,3.71
10,19,5,1,21,0,400,0.44
10,19,5,1,22,0,219,0.0
10,19,5,1,23,0,146,2.33
10,20,6,1,0,0,149,0.56
10,20,6,1,1,0,142,0.56
10,20,6,1,2,0,146,0.0
10,20,6,1,3,0,150,1.13
10,20,6,1,4,0,139,0.0
10,20,6,1,5,0,166,0.44
10,20,6,1,6,0,217,0.29
10,20,6,1,7,0,479,0.0
10,20,6,1,8,1,776,4.71
10,20,6,1,9,1,972,4.3
10,20,6,1,10,1,868,4.81
10,20,6,1,11,1,435,1.54
10,20,6,1,12,0,246,2.39
10,20,6,1,13,0,157,0.55
10,20,6,1,14,0,161,2.69
10,20,6,1,15,0,236,1.98
10,20,6,1,16,0,362,1.04
10,20,6,1,17,1,696,4.91
10,20,6,1,18,1,970,5.76
10,20,6,1,19,1,944,3.04
10,20,6,1,20,1,736,5.3
10,20,6,1,21,0,389,0.0
10,20,6,1,22,0,190,1.21
10,20,6,1,23,0,137,0.0
10,21,0,0,0,0,256,0.0
10,21,0,0,1,0,248,0.0
10,21,0,0,2,0,225,0.0
10,21,0,0,3,0,234,1.64
10,21,0,0,4,0,283,0.59
10,21,0,0,5,0,270,0.46
10,21,0,0,6,0,380,0.0
10,21,0,0,7,0,713,0.86
10,21,0,0,8,1,1642,5.53
10,21,0,0,9,1,1370,4.6
10,21,0,0,10,1,1267,5.16
10,21,0,0,11,1,818,3.36
10,21,0,0,12,0,416,1.1
10,21,0,0,13,0,254,0.9
10,21,0,0,14,0,310,3.96
10,21,0,0,15,0,388,1.36
10,21,0,0,16,0,749,5.24
10,21,0,0,17,1,1239,5.99
10,21,0,0,18,1,1680,7.21
10,21,0,0,19,1,1938,5.82
10,21,0,0,20,1,1235,6.37
10,21,0,0,21,0,756,4.58
10,21,0,0,22,0,422,1.18
10,21,0,0,23,0,334,1.54
10,22,1,0,0,0,193,0.35
10,22,1,0,1,0,246,2.18
10,22,1,0,2,0,246,2.63
10,22,1,0,3,0,267,0.0
10,22,1,0,4,0,256,0.0
10,22,1,0,5,0,288,0.0
10,22,1,0,6,0,420,1.27
10,22,1,0,7,0,811,6.32
10,22,1,0,8,1,1410,2.74
10,22,1,0,9,1,1938,9.26
10,22,1,0,10,1,1222,3.84
10,22,1,0,11,1,849,4.18
10,22,1,0,12,0,418,1.7
10,22,1,0,13,0,266,0.0
10,22,1,0,14,0,334,0.0
10,22,1,0,15,0,401,1.37
10,22,1,0,16,0,772,3.26
10,22,1,0,17,1,1305,1.27
10,22,1,0,18,1,1678,7.83
10,22,1,0,19,1,1892,6.14
10,22,1,0,20,1,1127,4.7
10,22,1,0,21,0,553,0.49
10,22,1,0,22,0,451,3.97
10,22,1,0,23,0,295,1.64
10,23,2,0,0,0,216,0.0
10,23,2,0,1,0,250,0.0
10,23,2,0,2,0,248,2.94
10,23,2,0,3,0,245,0.47
10,23,2,0,4,0,274,0.0
10,23,2,0,5,0,265,0.0
10,23,2,0,6,0,419,1.16
10,23,2,0,7,0,800,2.2
10,23,2,0,8,1,1328,6.23
10,23,2,0,9,1,1744,7.9
10,23,2,0,10,1,1323,4.29
10,23,2,0,11,1,806,3.03
10,23,2,0,12,0,443,1.13
10,23,2,0,13,0,305,1.78
10,23,2,0,14,0,284,0.0
10,23,2,0,15,0,420,0.29
10,23,2,0,16,0,719,2.8
10,23,2,0,17,1,1268,4.49
10,23,2,0,18,1,1680,4.29
10,23,2,0,19,1,2000,7.26
10,23,2,0,20,1,1276,4.9
10,23,2,0,21,0,783,6.03
10,23,2,0,22,0,401,1.37
10,23,2,0,23,0,258,0.0
10,24,3,0,0,0,219,0.0
10,24,3,0,1,0,213,2.47
10,24,3,0,2,0,264,0.68
10,24,3,0,3,0,279,0.0
10,24,3,0,4,0,242,0.0
10,24,3,0,5,0,301,0.0
10,24,3,0,6,0,418,3.18
10,24,3,0,7,0,911,3.6
10,24,3,0,8,1,1497,4.63
10,24,3,0,9,1,2033,7.88
10,24,3,0,10,1,1461,5.23
10,24,3,0,11,1,900,3.9
10,24,3,0,12,0,443,2.3
10,24,3,0,13,0,282,2.52
10,24,3,0,14,0,295,0.0
10,24,3,0,15,0,364,1.68
10,24,3,0,16,0,773,5.55
10,24,3,0,17,1,1106,4.46
10,24,3,0,18,1,1869,7.92
10,24,3,0,19,1,1943,8.76
10,24,3,0,20,1,1188,3.23
10,24,3,0,21,0,738,4.44
10,24,3,0,22,0,400,0.0
10,24,3,0,23,0,260,2.08
10,25,4,0,0,0,248,1.17
10,25,4,0,1,0,277,0.0
10,25,4,0,2,0,247,0.2
10,25,4,0,3,0,263,2.21
10,25,4,0,4,0,228,0.9
10,25,4,0,5,0,303,0.0
10,25,4,0,6,0,415,0.0
10,25,4,0,7,0,779,0.0
10,25,4,0,8,1,1614,5.92
10,25,4,0,9,1,1676,7.2
10,25,4,0,10,1,1331,3.62
10,25,4,0,11,1,920,6.39
10,25,4,0,12,0,398,3.19
10,25,4,0,13,0,296,0.0
10,25,4,0,14,0,265,3.39
10,25,4,0,15,0,350,4.82
10,25,4,0,16,0,687,5.12
10,25,4,0,17,1,1258,6.23
10,25,4,0,18,1,1999,10.08
10,25,4,0,19,1,1714,5.57
10,25,4,0,20,1,1281,3.17
10,25,4,0,21,0,734,1.7
10,25,4,0,22,0,430,0.86
10,25,4,0,23,0,244,3.08
10,26,5,1,0,0,142,0.61
10,26,5,1,1,0,153,1.92
10,26,5,1,2,0,132,0.0
10,26,5,1,3,0,128,0.0
10,26,5,1,4,0,149,1.18
10,26,5,1,5,0,165,2.58
10,26,5,1,6,0,244,2.27
10,26,5,1,7,0,376,1.04
10,26,5,1,8,1,860,1.69
10,26,5,1,9,1,993,4.75
10,26,5,1,10,1,827,3.86
10,26,5,1,11,1,473,2.16
10,26,5,1,12,0,203,1.57
10,26,5,1,13,0,162,0.0
10,26,5,1,14,0,175,1.5
10,26,5,1,15,0,193,0.0
10,26,5,1,16,0,378,0.66
10,26,5,1,17,1,726,1.44
10,26,5,1,18,1,1078,5.88
10,26,5,1,19,1,1038,4.22
10,26,5,1,20,1,762,2.63
10,26,5,1,21,0,373,3.28
10,26,5,1,22,0,223,0.0
10,26,5,1,23,0,151,0.0
10,27,6,1,0,0,163,0.66
10,27,6,1,1,0,142,1.65
10,27,6,1,2,0,127,2.15
10,27,6,1,3,0,134,3.28
10,27,6,1,4,0,138,2.11
10,27,6,1,5,0,125,0.0
10,27,6,1,6,0,224,0.0
10,27,6,1,7,0,473,2.36
10,27,6,1,8,1,735,2.92
10,27,6,1,9,1,1049,1.04
10,27,6,1,10,1,717,2.37
10,27,6,1,11,1,452,1.72
10,27,6,1,12,0,246,1.7
10,27,6,1,13,0,167,0.0
10,27,6,1,14,0,159,0.18
10,27,6,1,15,0,243,1.23
10,27,6,1,16,0,375,2.78
10,27,6,1,17,1,741,1.73
10,27,6,1,18,1,961,3.35
10,27,6,1,19,1,1086,4.65
10,27,6,1,20,1,750,2.26
10,27,6,1,21,0,407,3.58
10,27,6,1,22,0,211,1.02
10,27,6,1,23,0,139,0.0
10,28,0,0,0,0,249,0.0
10,28,0,0,1,0,283,0.0
10,28,0,0,2,0,272,1.37
10,28,0,0,3,0,256,3.25
10,28,0,0,4,0,212,0.55
10,28,0,0,5,0,259,0.0
10,28,0,0,6,0,378,1.54
10,28,0,0,7,0,773,4.44
10,28,0,0,8,1,1427,5.22
10,28,0,0,9,1,1746,6.84
10,28,0,0,10,1,1403,4.34
10,28,0,0,11,1,886,2.61
10,28,0,0,12,0,405,2.26
10,28,0,0,13,0,295,0.0
10,28,0,0,14,0,304,2.02
10,28,0,0,15,0,401,0.96
10,28,0,0,16,0,697,2.49
10,28,0,0,17,1,1163,4.59
10,28,0,0,18,1,1927,9.02
10,28,0,0,19,1,1743,8.57
10,28,0,0,20,1,1486,5.47
10,28,0,0,21,0,760,0.0
10,28,0,0,22,0,356,1.56
10,28,0,0,23,0,261,4.1
10,29,1,0,0,0,268,2.52
10,29,1,0,1,0,255,0.0
10,29,1,0,2,0,245,1.36
10,29,1,0,3,0,243,1.98
10,29,1,0,4,0,273,1.1
10,29,1,0,5,0,242,3.54
10,29,1,0,6,0,410,5.7
10,29,1,0,7,0,864,3.14
10,29,1,0,8,1,1504,2.99
10,29,1,0,9,1,1939,11.61
10,29,1,0,10,1,1209,4.4
10,29,1,0,11,1,814,4.57
10,29,1,0,12,0,488,2.53
10,29,1,0,13,0,337,1.6
10,29,1,0,14,0,297,1.68
10,29,1,0,15,0,434,1.1
10,29,1,0,16,0,767,1.22
10,29,1,0,17,1,1260,4.08
10,29,1,0,18,1,1811,6.77
10,29,1,0,19,1,1961,6.53
10,29,1,0,20,1,1111,2.41
10,29,1,0,21,0,778,1.66
10,29,1,0,22,0,408,1.19
10,29,1,0,23,0,303,0.87
10,30,2,0,0,0,312,4.1
10,30,2,0,1,0,249,0.32
10,30,2,0,2,0,320,0.0
10,30,2,0,3,0,255,1.05
10,30,2,0,4,0,258,0.0
10,30,2,0,5,0,295,0.0
10,30,2,0,6,0,466,0.0
10,30,2,0,7,0,825,0.0
10,30,2,0,8,1,1202,3.55
10,30,2,0,9,1,1692,8.97
10,30,2,0,10,1,1447,7.73
10,30,2,0,11,1,796,4.09
10,30,2,0,12,0,394,0.39
10,30,2,0,13,0,246,1.49
10,30,2,0,14,0,293,2.34
10,30,2,0,15,0,403,4.65
10,30,2,0,16,0,730,4.41
10,30,2,0,17,1,1256,3.66
10,30,2,0,18,1,1902,7.47
10,30,2,0,19,1,1918,8.2
10,30,2,0,20,1,1208,6.44
10,30,2,0,21,0,670,3.62
10,30,2,0,22,0,436,1.17
10,30,2,0,23,0,310,1.84
10,31,3,0,0,0,273,0.0
10,31,3,0,1,0,260,0.0
10,31,3,0,2,0,291,0.0
10,31,3,0,3,0,248,0.0
10,31,3,0,4,0,273,3.98
10,31,3,0,5,0,299,5.64
10,31,3,0,6,0,371,0.0
10,31,3,0,7,0,762,3.23
10,31,3,0,8,1,1333,4.2
10,31,3,0,9,1,1881,5.67
10,31,3,0,10,1,1320,4.68
10,31,3,0,11,1,801,4.72
10,31,3,0,12,0,388,0.47
10,31,3,0,13,0,301,2.41
10,31,3,0,14,0,320,1.98
10,31,3,0,15,0,400,2.46
10,31,3,0,16,0,705,2.41
10,31,3,0,17,1,1107,5.77
10,31,3,0,18,1,1829,8.48
10,31,3,0,19,1,1393,5.5
10,31,3,0,20,1,1201,7.06
10,31,3,0,21,0,756,3.38
10,31,3,0,22,0,382,2.12
10,31,3,0,23,0,263,0.9
10,32,4,0,0,0,244,4.38
10,32,4,0,1,0,286,2.74
10,32,4,0,2,0,225,2.2
10,32,4,0,3,0,260,2.88
10,32,4,0,4,0,265,1.05
10,32,4,0,5,0,289,0.0
10,32,4,0,6,0,392,2.13
10,32,4,0,7,0,896,2.76
10,32,4,0,8,1,1447,3.39
10,32,4,0,9,1,2001,9.67
10,32,4,0,10,1,1528,6.72
10,32,4,0,11,1,923,2.48
10,32,4,0,12,0,387,3.14
10,32,4,0,13,0,310,0.0
10,32,4,0,14,0,275,3.63
10,32,4,0,15,0,409,2.82
10,32,4,0,16,0,653,3.6
10,32,4,0,17,1,1143,1.6
10,32,4,0,18,1,1903,9.76
10,32,4,0,19,1,1762,6.23
10,32,4,0,20,1,1466,5.57
10,32,4,0,21,0,716,5.4
10,32,4,0,22,0,384,0.55
10,32,4,0,23,0,302,0.14
10,33,5,1,0,0,139,0.0
10,33,5,1,1,0,142,0.67
10,33,5,1,2,0,151,1.89
10,33,5,1,3,0,147,1.18
10,33,5,1,4,0,141,1.48
10,33,5,1,5,0,142,0.0
10,33,5,1,6,0,251,2.02
10,33,5,1,7,0,447,3.4
10,33,5,1,8,1,752,1.95
10,33,5,1,9,1,919,4.53
10,33,5,1,10,1,697,1.64
10,33,5,1,11,1,462,0.04
10,33,5,1,12,0,217,0.0
10,33,5,1,13,0,166,0.0
10,33,5,1,14,0,144,0.0
10,33,5,1,15,0,210,0.0
10,33,5,1,16,0,457,0.0
10,33,5,1,17,1,684,2.9
10,33,5,1,18,1,927,4.03
10,33,5,1,19,1,926,6.0
10,33,5,1,20,1,646,0.0
10,33,5,1,21,0,355,2.0
10,33,5,1,22,0,215,1.99
10,33,5,1,23,0,162,0.0
10,34,6,1,0,0,135,0.0
10,34,6,1,1,0,162,1.68
10,34,6,1,2,0,162,1.91
10,34,6,1,3,0,140,0.0
10,34,6,1,4,0,144,0.48
10,34,6,1,5,0,155,0.31
10,34,6,1,6,0,192,2.66
10,34,6,1,7,0,449,0.0
10,34,6,1,8,1,829,2.03
10,34,6,1,9,1,1030,5.44
10,34,6,1,10,1,864,3.21
10,34,6,1,11,1,436,0.81
10,34,6,1,12,0,216,0.84
10,34,6,1,13,0,155,0.0
10,34,6,1,14,0,143,0.41
10,34,6,1,15,0,210,0.0
10,34,6,1,16,0,422,4.35
10,34,6,1,17,1,764,1.98
10,34,6,1,18,1,985,6.25
10,34,6,1,19,1,896,4.76
10,34,6,1,20,1,627,5.03
10,34,6,1,21,0,382,4.87
10,34,6,1,22,0,247,0.83
10,34,6,1,23,0,147,0.88
10,35,0,0,0,0,252,0.41
10,35,0,0,1,0,222,0.12
10,35,0,0,2,0,233,1.76
10,35,0,0,3,0,276,2.22
10,35,0,0,4,0,266,0.0
10,35,0,0,5,0,288,2.34
10,35,0,0,6,0,398,1.77
10,35,0,0,7,0,811,5.74
10,35,0,0,8,1,1551,7.12
10,35,0,0,9,1,1546,6.44
10,35,0,0,10,1,1434,5.49
10,35,0,0,11,1,718,1.24
10,35,0,0,12,0,416,3.34
10,35,0,0,13,0,274,0.5
10,35,0,0,14,0,328,0.87
10,35,0,0,15,0,392,1.4
10,35,0,0,16,0,643,3.43
10,35,0,0,17,1,1222,4.84
10,35,0,0,18,1,1862,10.36
10,35,0,0,19,1,1609,7.73
10,35,0,0,20,1,1379,4.56
10,35,0,0,21,0,755,5.49
10,35,0,0,22,0,371,1.85
10,35,0,0,23,0,293,1.97
10,36,1,0,0,0,271,1.33
10,36,1,0,1,0,266,0.0
10,36,1,0,2,0,259,0.32
10,36,1,0,3,0,231,0.16
10,36,1,0,4,0,264,1.71
10,36,1,0,5,0,255,0.0
10,36,1,0,6,0,442,2.53
10,36,1,0,7,0,879,5.57
10,36,1,0,8,1,1515,5.44
10,36,1,0,9,1,1808,9.72
10,36,1,0,10,1,1773,7.79
10,36,1,0,11,1,856,4.51
10,36,1,0,12,0,419,3.42
10,36,1,0,13,0,311,1.78
10,36,1,0,14,0,279,0.0
10,36,1,0,15,0,419,2.0
10,36,1,0,16,0,678,1.02
10,36,1,0,17,1,1358,3.03
10,36,1,0,18,1,1841,8.63
10,36,1,0,19,1,1877,6.92
10,36,1,0,20,1,1161,5.52
10,36,1,0,21,0,789,2.3
10,36,1,0,22,0,412,4.02
10,36,1,0,23,0,292,0.57
10,37,2,0,0,0,277,0.0
10,37,2,0,1,0,229,2.13
10,37,2,0,2,0,247,0.51
10,37,2,0,3,0,243,0.26
10,37,2,0,4,0,288,3.65
10,37,2,0,5,0,325,2.94
10,37,2,0,6,0,433,0.0
10,37,2,0,7,0,808,6.47
10,37,2,0,8,1,1402,7.88
10,37,2,0,9,1,1800,3.18
10,37,2,0,10,1,1527,8.01
10,37,2,0,11,1,818,5.12
10,37,2,0,12,0,362,0.0
10,37,2,0,13,0,292,1.88
10,37,2,0,14,0,318,2.23
10,37,2,0,15,0,358,1.75
10,37,2,0,16,0,755,0.21
10,37,2,0,17,1,1285,4.64
10,37,2,0,18,1,1704,7.56
10,37,2,0,19,1,1633,7.16
10,37,2,0,20,1,1347,7.01
10,37,2,0,21,0,655,0.36
10,37,2,0,22,0,404,1.19
10,37,2,0,23,0,350,2.09
10,38,3,0,0,0,257,0.77
10,38,3,0,1,0,231,1.77
10,38,3,0,2,0,254,0.9
10,38,3,0,3,0,258,1.36
10,38,3,0,4,0,222,2.14
10,38,3,0,5,0,264,0.85
10,38,3,0,6,0,461,4.51
10,38,3,0,7,0,709,2.88
10,38,3,0,8,1,1484,3.67
10,38,3,0,9,1,1907,7.8
10,38,3,0,10,1,1475,4.52
10,38,3,0,11,1,848,4.65
10,38,3,0,12,0,422,0.92
10,38,3,0,13,0,277,1.44
10,38,3,0,14,0,288,2.51
10,38,3,0,15,0,380,0.0
10,38,3,0,16,0,741,2.25
10,38,3,0,17,1,1371,5.5
10,38,3,0,18,1,1892,6.05
10,38,3,0,19,1,1819,6.23
10,38,3,0,20,1,1164,3.36
10,38,3,0,21,0,689,4.62
10,38,3,0,22,0,377,0.0
10,38,3,0,23,0,287,1.19
10,39,4,0,0,0,245,0.74
10,39,4,0,1,0,276,2.11
10,39,4,0,2,0,268,0.0
10,39,4,0,3,0,315,2.84
10,39,4,0,4,0,269,0.0
10,39,4,0,5,0,305,0.47
10,39,4,0,6,0,411,0.0
10,39,4,0,7,0,739,3.61
10,39,4,0,8,1,1569,7.3
10,39,4,0,9,1,1885,7.44
10,39,4,0,10,1,1405,6.05
10,39,4,0,11,1,875,3.51
10,39,4,0,12,0,458,1.51
10,39,4,0,13,0,265,1.04
10,39,4,0,14,0,289,1.03
10,39,4,0,15,0,436,2.95
10,39,4,0,16,0,638,4.85
10,39,4,0,17,1,1007,7.25
10,39,4,0,18,1,1757,6.74
10,39,4,0,19,1,1790,7.74
10,39,4,0,20,1,1290,4.96
10,39,4,0,21,0,796,4.03
10,39,4,0,22,0,365,2.57
10,39,4,0,23,0,296,0.37
10,40,5,1,0,0,149,0.36
10,40,5,1,1,0,138,0.18
10,40,5,1,2,0,113,0.0
10,40,5,1,3,0,148,0.56
10,40,5,1,4,0,127,1.95
10,40,5,1,5,0,152,0.0
10,40,5,1,6,0,270,0.0
10,40,5,1,7,0,483,0.78
10,40,5,1,8,1,807,1.87
10,40,5,1,9,1,888,4.34
10,40,5,1,10,1,824,5.01
10,40,5,1,11,1,450,5.13
10,40,5,1,12,0,235,1.79
10,40,5,1,13,0,141,0.0
10,40,5,1,14,0,164,0.53
10,40,5,1,15,0,221,0.0
10,40,5,1,16,0,400,1.78
10,40,5,1,17,1,642,3.53
10,40,5,1,18,1,854,3.69
10,40,5,1,19,1,1129,5.54
10,40,5,1,20,1,747,1.64
10,40,5,1,21,0,452,3.87
10,40,5,1,22,0,203,0.1
10,40,5,1,23,0,172,3.38
10,41,6,1,0,0,126,0.0
10,41,6,1,1,0,139,0.0
10,41,6,1,2,0,141,2.34
10,41,6,1,3,0,124,0.69
10,41,6,1,4,0,135,3.0
10,41,6,1,5,0,149,2.87
10,41,6,1,6,0,218,2.03
10,41,6,1,7,0,460,1.63
10,41,6,1,8,1,748,3.48
10,41,6,1,9,1,951,2.77
10,41,6,1,10,1,893,4.39
10,41,6,1,11,1,474,1.31
10,41,6,1,12,0,226,0.53
10,41,6,1,13,0,162,1.61
10,41,6,1,14,0,157,0.0
10,41,6,1,15,0,231,0.97
10,41,6,1,16,0,350,0.0
10,41,6,1,17,1,726,1.66
10,41,6,1,18,1,1023,2.93
10,41,6,1,19,1,999,3.43
10,41,6,1,20,1,809,4.66
10,41,6,1,21,0,439,1.79
10,41,6,1,22,0,232,1.07
10,41,6,1,23,0,174,0.59
10,42,0,0,0,0,227,0.0
10,42,0,0,1,0,290,1.88
10,42,0,0,2,0,267,3.3
10,42,0,0,3,0,222,0.35
10,42,0,0,4,0,254,2.13
10,42,0,0,5,0,268,0.0
10,42,0,0,6,0,377,3.23
10,42,0,0,7,0,772,2.26
10,42,0,0,8,1,1526,5.06
10,42,0,0,9,1,1547,3.82
10,42,0,0,10,1,1446,6.53
10,42,0,0,11,1,808,3.88
10,42,0,0,12,0,364,0.0
10,42,0,0,13,0,339,3.21
10,42,0,0,14,0,304,0.23
10,42,0,0,15,0,388,1.55
10,42,0,0,16,0,796,3.79
10,42,0,0,17,1,1344,5.12
10,42,0,0,18,1,1912,8.1
10,42,0,0,19,1,1805,6.11
10,42,0,0,20,1,1278,3.49
10,42,0,0,21,0,718,3.01
10,42,0,0,22,0,319,0.93
10,42,0,0,23,0,257,1.78
10,43,1,0,0,0,269,0.44
10,43,1,0,1,0,267,1.95
10,43,1,0,2,0,251,3.31
10,43,1,0,3,0,241,3.17
10,43,1,0,4,0,254,0.0
10,43,1,0,5,0,276,0.0
10,43,1,0,6,0,444,0.0
10,43,1,0,7,0,912,2.24
10,43,1,0,8,1,1549,6.23
10,43,1,0,9,1,1831,6.44
10,43,1,0,10,1,1493,6.17
10,43,1,0,11,1,725,1.46
10,43,1,0,12,0,400,0.47
10,43,1,0,13,0,316,1.27
10,43,1,0,14,0,269,0.34
10,43,1,0,15,0,380,1.09
10,43,1,0,16,0,658,1.41
10,43,1,0,17,1,1369,5.75
10,43,1,0,18,1,1776,7.11
10,43,1,0,19,1,1792,6.85
10,43,1,0,20,1,1343,6.04
10,43,1,0,21,0,630,2.32
10,43,1,0,22,0,348,2.35
10,43,1,0,23,0,301,0.29
10,44,2,0,0,0,253,0.0
10,44,2,0,1,0,275,2.16
10,44,2,0,2,0,279,3.35
10,44,2,0,3,0,231,2.26
10,44,2,0,4,0,289,0.0
10,44,2,0,5,0,280,0.57
10,44,2,0,6,0,446,0.0
10,44,2,0,7,0,940,3.59
10,44,2,0,8,1,1559,6.15
10,44,2,0,9,1,1863,3.97
10,44,2,0,10,1,1407,6.9
10,44,2,0,11,1,840,0.9
10,44,2,0,12,0,420,0.45
10,44,2,0,13,0,267,0.0
10,44,2,0,14,0,301,2.87
10,44,2,0,15,0,463,0.0
10,44,2,0,16,0,764,4.31
10,44,2,0,17,1,1230,3.54
10,44,2,0,18,1,1642,5.78
10,44,2,0,19,1,1827,9.35
10,44,2,0,20,1,1404,3.19
10,44,2,0,21,0,675,4.65
10,44,2,0,22,0,372,1.4
10,44,2,0,23,0,245,2.71
10,45,3,0,0,0,216,0.0
10,45,3,0,1,0,277,3.99
10,45,3,0,2,0,250,0.93
10,45,3,0,3,0,274,1.53
10,45,3,0,4,0,251,0.28
10,45,3,0,5,0,248,1.34
10,45,3,0,6,0,414,1.0
10,45,3,0,7,0,755,1.67
10,45,3,0,8,1,1524,7.42
10,45,3,0,9,1,1745,6.33
10,45,3,0,10,1,1353,6.82
10,45,3,0,11,1,823,3.84
10,45,3,0,12,0,430,1.26
10,45,3,0,13,0,261,0.0
10,45,3,0,14,0,313,0.16
10,45,3,0,15,0,383,0.0
10,45,3,0,16,0,650,1.45
10,45,3,0,17,1,1464,6.84
10,45,3,0,18,1,1722,8.51
10,45,3,0,19,1,1776,9.14
10,45,3,0,20,1,1518,7.61
10,45,3,0,21,0,726,3.95
10,45,3,0,22,0,396,0.0
10,45,3,0,23,0,269,0.0
10,46,4,0,0,0,242,3.66
10,46,4,0,1,0,279,1.78
10,46,4,0,2,0,272,0.0
10,46,4,0,3,0,271,2.49
10,46,4,0,4,0,212,2.0
10,46,4,0,5,0,251,0.0
10,46,4,0,6,0,462,0.34
10,46,4,0,7,0,774,4.58
10,46,4,0,8,1,1417,5.4
10,46,4,0,9,1,1763,7.57
10,46,4,0,10,1,1426,5.88
10,46,4,0,11,1,788,3.68
10,46,4,0,12,0,428,4.56
10,46,4,0,13,0,279,0.84
10,46,4,0,14,0,292,2.61
10,46,4,0,15,0,361,1.6
10,46,4,0,16,0,576,1.9
10,46,4,0,17,1,1400,4.51
10,46,4,0,18,1,1824,6.5
10,46,4,0,19,1,1675,8.16
10,46,4,0,20,1,1182,5.17
10,46,4,0,21,0,738,1.67
10,46,4,0,22,0,400,0.2
10,46,4,0,23,0,296,0.0
10,47,5,1,0,0,137,0.17
10,47,5,1,1,0,153,0.82
10,47,5,1,2,0,151,1.44
10,47,5,1,3,0,147,0.09
10,47,5,1,4,0,154,0.08
10,47,5,1,5,0,134,0.21
10,47,5,1,6,0,238,0.0
10,47,5,1,7,0,419,0.0
10,47,5,1,8,1,849,5.91
10,47,5,1,9,1,969,4.67
10,47,5,1,10,1,831,5.65
10,47,5,1,11,1,428,1.38
10,47,5,1,12,0,223,1.01
10,47,5,1,13,0,190,0.81
10,47,5,1,14,0,147,0.0
10,47,5,1,15,0,239,0.0
10,47,5,1,16,0,417,0.65
10,47,5,1,17,1,637,3.46
10,47,5,1,18,1,939,4.39
10,47,5,1,19,1,1028,4.93
10,47,5,1,20,1,694,3.81
10,47,5,1,21,0,367,0.0
10,47,5,1,22,0,230,1.17
10,47,5,1,23,0,148,0.0
10,48,6,1,0,0,117,0.55
10,48,6,1,1,0,159,0.43
10,48,6,1,2,0,136,0.51
10,48,6,1,3,0,165,1.79
10,48,6,1,4,0,131,0.57
10,48,6,1,5,0,160,0.0
10,48,6,1,6,0,243,0.0
10,48,6,1,7,0,397,1.7
10,48,6,1,8,1,793,3.17
10,48,6,1,9,1,925,2.76
10,48,6,1,10,1,871,4.15
10,48,6,1,11,1,417,0.0
10,48,6,1,12,0,213,1.09
10,48,6,1,13,0,150,0.0
10,48,6,1,14,0,150,0.49
10,48,6,1,15,0,231,0.92
10,48,6,1,16,0,398,1.25
10,48,6,1,17,1,681,4.07
10,48,6,1,18,1,1048,7.26
10,48,6,1,19,1,1037,3.4
10,48,6,1,20,1,658,4.06
10,48,6,1,21,0,370,2.69
10,48,6,1,22,0,204,1.34
10,48,6,1,23,0,143,1.74
10,49,0,0,0,0,230,1.33
10,49,0,0,1,0,252,1.16
10,49,0,0,2,0,247,0.36
10,49,0,0,3,0,259,0.0
10,49,0,0,4,0,238,0.41
10,49,0,0,5,0,275,0.0
10,49,0,0,6,0,448,1.29
10,49,0,0,7,0,806,1.23
10,49,0,0,8,1,1693,10.41
10,49,0,0,9,1,1680,8.56
10,49,0,0,10,1,1441,8.17
10,49,0,0,11,1,843,3.52
10,49,0,0,12,0,334,0.02
10,49,0,0,13,0,288,1.45
10,49,0,0,14,0,259,0.0
10,49,0,0,15,0,413,0.0
10,49,0,0,16,0,728,4.77
10,49,0,0,17,1,1329,5.82
10,49,0,0,18,1,1508,4.8
10,49,0,0,19,1,2094,7.48
10,49,0,0,20,1,1420,4.76
10,49,0,0,21,0,704,3.59
10,49,0,0,22,0,399,2.17
10,49,0,0,23,0,265,0.0
10,50,1,0,0,0,237,0.15
10,50,1,0,1,0,251,2.56
10,50,1,0,2,0,257,1.75
10,50,1,0,3,0,259,0.0
10,50,1,0,4,0,259,1.23
10,50,1,0,5,0,301,0.0
10,50,1,0,6,0,349,1.66
10,50,1,0,7,0,844,3.11
10,50,1,0,8,1,1455,7.14
10,50,1,0,9,1,1726,6.49
10,50,1,0,10,1,1461,4.01
10,50,1,0,11,1,811,3.15
10,50,1,0,12,0,473,1.44
10,50,1,0,13,0,292,2.55
10,50,1,0,14,0,268,3.14
10,50,1,0,15,0,452,1.76
10,50,1,0,16,0,689,5.2
10,50,1,0,17,1,1372,5.61
10,50,1,0,18,1,2004,10.0
10,50,1,0,19,1,1750,7.37
10,50,1,0,20,1,1349,5.44
10,50,1,0,21,0,640,1.15
10,50,1,0,22,0,352,2.15
10,50,1,0,23,0,257,1.32
10,51,2,0,0,0,293,3.31
10,51,2,0,1,0,218,0.0
10,51,2,0,2,0,240,0.0
10,51,2,0,3,0,222,0.87
10,51,2,0,4,0,273,2.52
10,51,2,0,5,0,273,0.68
10,51,2,0,6,0,429,1.55
10,51,2,0,7,0,874,4.14
10,51,2,0,8,1,1408,2.85
10,51,2,0,9,1,2007,7.0
10,51,2,0,10,1,1494,3.1
10,51,2,0,11,1,820,3.43
10,51,2,0,12,0,423,6.21
10,51,2,0,13,0,273,2.32
10,51,2,0,14,0,299,0.18
10,51,2,0,15,0,421,1.44
10,51,2,0,16,0,771,6.03
10,51,2,0,17,1,1305,4.8
10,51,2,0,18,1,1950,9.89
10,51,2,0,19,1,1671,6.0
10,51,2,0,20,1,1359,5.24
10,51,2,0,21,0,665,3.47
10,51,2,0,22,0,417,1.17
10,51,2,0,23,0,285,0.28
10,52,3,0,0,0,233,0.19
10,52,3,0,1,0,257,0.0
10,52,3,0,2,0,247,1.12
10,52,3,0,3,0,280,0.65
10,52,3,0,4,0,233,0.62
10,52,3,0,5,0,271,1.91
10,52,3,0,6,0,406,0.0
10,52,3,0,7,0,1063,4.47
10,52,3,0,8,1,1462,3.54
10,52,3,0,9,1,1582,6.19
10,52,3,0,10,1,1491,7.02
10,52,3,0,11,1,836,1.57
10,52,3,0,12,0,334,1.19
10,52,3,0,13,0,275,0.0
10,52,3,0,14,0,306,0.0
10,52,3,0,15,0,415,0.0
10,52,3,0,16,0,728,4.31
10,52,3,0,17,1,1255,7.55
10,52,3,0,18,1,2074,8.65
10,52,3,0,19,1,1876,9.1
10,52,3,0,20,1,1346,6.04
10,52,3,0,21,0,690,0.23
10,52,3,0,22,0,351,4.98
10,52,3,0,23,0,291,0.8
10,53,4,0,0,0,281,0.0
10,53,4,0,1,0,268,1.19
10,53,4,0,2,0,265,0.56
10,53,4,0,3,0,236,0.0
10,53,4,0,4,0,242,0.96
10,53,4,0,5,0,248,0.0
10,53,4,0,6,0,422,1.5
10,53,4,0,7,0,833,3.26
10,53,4,0,8,1,1745,7.17
10,53,4,0,9,1,1738,7.1
10,53,4,0,10,1,1571,6.21
10,53,4,0,11,1,866,4.06
10,53,4,0,12,0,408,1.8
10,53,4,0,13,0,324,1.66
10,53,4,0,14,0,264,0.58
10,53,4,0,15,0,329,1.52
10,53,4,0,16,0,796,1.17
10,53,4,0,17,1,1305,6.7
10,53,4,0,18,1,1955,9.74
10,53,4,0,19,1,1529,6.87
10,53,4,0,20,1,1134,3.04
10,53,4,0,21,0,768,3.31
10,53,4,0,22,0,419,0.28
10,53,4,0,23,0,317,2.3
10,54,5,1,0,0,150,0.0
10,54,5,1,1,0,154,0.14
10,54,5,1,2,0,133,1.47
10,54,5,1,3,0,147,0.0
10,54,5,1,4,0,165,3.38
10,54,5,1,5,0,163,1.3
10,54,5,1,6,0,235,0.0
10,54,5,1,7,0,455,1.97
10,54,5,1,8,1,762,2.58
10,54,5,1,9,1,798,1.55
10,54,5,1,10,1,857,6.02
10,54,5,1,11,1,417,1.94
10,54,5,1,12,0,250,0.22
10,54,5,1,13,0,166,0.61
10,54,5,1,14,0,173,0.0
10,54,5,1,15,0,198,1.21
10,54,5,1,16,0,399,1.51
10,54,5,1,17,1,742,1.57
10,54,5,1,18,1,880,2.77
10,54,5,1,19,1,958,3.41
10,54,5,1,20,1,781,4.28
10,54,5,1,21,0,413,1.98
10,54,5,1,22,0,210,0.0
10,54,5,1,23,0,141,0.0
10,55,6,1,0,0,140,0.0
10,55,6,1,1,0,142,0.28
10,55,6,1,2,0,136,2.29
10,55,6,1,3,0,113,0.0
10,55,6,1,4,0,115,0.82
10,55,6,1,5,0,165,0.0
10,55,6,1,6,0,207,0.0
10,55,6,1,7,0,454,1.3
10,55,6,1,8,1,781,2.57
10,55,6,1,9,1,909,5.33
10,55,6,1,10,1,816,1.49
10,55,6,1,11,1,426,0.4
10,55,6,1,12,0,255,2.09
10,55,6,1,13,0,156,3.18
10,55,6,1,14,0,176,0.36
10,55,6,1,15,0,210,0.3
10,55,6,1,16,0,366,4.06
10,55,6,1,17,1,652,3.91
10,55,6,1,18,1,1043,3.71
10,55,6,1,19,1,1132,2.19
10,55,6,1,20,1,705,2.09
10,55,6,1,21,0,426,2.23
10,55,6,1,22,0,187,2.61
10,55,6,1,23,0,162,0.0
10,56,0,0,0,0,248,0.0
10,56,0,0,1,0,252,1.23
10,56,0,0,2,0,249,0.32
10,56,0,0,3,0,223,1.4
10,56,0,0,4,0,219,0.92
10,56,0,0,5,0,243,1.05
10,56,0,0,6,0,417,2.27
10,56,0,0,7,0,877,5.08
10,56,0,0,8,1,1265,4.97
10,56,0,0,9,1,2080,8.5
10,56,0,0,10,1,1356,5.3
10,56,0,0,11,1,796,1.42
10,56,0,0,12,0,447,2.66
10,56,0,0,13,0,257,0.89
10,56,0,0,14,0,274,0.0
10,56,0,0,15,0,351,0.0
10,56,0,0,16,0,717,2.18
10,56,0,0,17,1,1191,4.18
10,56,0,0,18,1,1906,8.16
10,56,0,0,19,1,1942,7.43
10,56,0,0,20,1,1455,6.34
10,56,0,0,21,0,692,2.91
10,56,0,0,22,0,356,0.96
10,56,0,0,23,0,294,2.09
10,57,1,0,0,0,247,5.09
10,57,1,0,1,0,252,0.0
10,57,1,0,2,0,280,2.03
10,57,1,0,3,0,261,0.35
10,57,1,0,4,0,267,3.5
10,57,1,0,5,0,288,0.0
10,57,1,0,6,0,302,1.78
10,57,1,0,7,0,756,2.87
10,57,1,0,8,1,1358,4.11
10,57,1,0,9,1,1682,5.72
10,57,1,0,10,1,1542,7.03
10,57,1,0,11,1,741,1.36
10,57,1,0,12,0,431,3.3
10,57,1,0,13,0,311,0.0
10,57,1,0,14,0,310,0.0
10,57,1,0,15,0,389,2.29
10,57,1,0,16,0,600,5.54
10,57,1,0,17,1,1427,6.68
10,57,1,0,18,1,1659,6.53
10,57,1,0,19,1,1912,5.96
10,57,1,0,20,1,1271,6.45
10,57,1,0,21,0,634,3.03
10,57,1,0,22,0,340,0.0
10,57,1,0,23,0,272,1.86
10,58,2,0,0,0,241,1.15
10,58,2,0,1,0,241,0.17
10,58,2,0,2,0,281,0.0
10,58,2,0,3,0,271,1.08
10,58,2,0,4,0,247,0.0
10,58,2,0,5,0,258,0.0
10,58,2,0,6,0,412,2.55
10,58,2,0,7,0,801,2.85
10,58,2,0,8,1,1442,6.48
10,58,2,0,9,1,1884,5.46
10,58,2,0,10,1,1419,7.52
10,58,2,0,11,1,734,3.05
10,58,2,0,12,0,412,0.8
10,58,2,0,13,0,324,1.35
10,58,2,0,14,0,322,1.3
10,58,2,0,15,0,410,0.77
10,58,2,0,16,0,688,3.37
10,58,2,0,17,1,1334,6.23
10,58,2,0,18,1,1852,5.4
10,58,2,0,19,1,1682,8.0
10,58,2,0,20,1,1088,4.79
10,58,2,0,21,0,714,4.13
10,58,2,0,22,0,409,0.64
10,58,2,0,23,0,268,0.29
10,59,3,0,0,0,267,0.0
10,59,3,0,1,0,259,0.0
10,59,3,0,2,0,259,1.55
10,59,3,0,3,0,222,0.55
10,59,3,0,4,0,262,1.18
10,59,3,0,5,0,281,0.0
10,59,3,0,6,0,382,0.0
10,59,3,0,7,0,857,3.25
10,59,3,0,8,1,1446,3.23
10,59,3,0,9,1,1787,8.1
10,59,3,0,10,1,1238,4.15
10,59,3,0,11,1,718,2.24
10,59,3,0,12,0,388,2.12
10,59,3,0,13,0,291,3.1
10,59,3,0,14,0,286,1.65
10,59,3,0,15,0,378,0.0
10,59,3,0,16,0,768,4.94
10,59,3,0,17,1,1362,5.64
10,59,3,0,18,1,1658,8.34
10,59,3,0,19,1,1882,10.57
10,59,3,0,20,1,1171,5.98
10,59,3,0,21,0,752,2.49
10,59,3,0,22,0,439,2.36
10,59,3,0,23,0,263,0.87
11,0,0,0,0,0,155,0.0
11,0,0,0,1,0,143,0.96
11,0,0,0,2,0,161,1.1
11,0,0,0,3,0,151,3.49
11,0,0,0,4,0,160,0.13
11,0,0,0,5,0,181,0.36
11,0,0,0,6,0,256,1.83
11,0,0,0,7,0,480,0.83
11,0,0,0,8,1,848,2.68
11,0,0,0,9,1,1071,4.92
11,0,0,0,10,1,716,3.37
11,0,0,0,11,1,593,1.9
11,0,0,0,12,0,264,2.17
11,0,0,0,13,0,146,1.33
11,0,0,0,14,0,156,0.33
11,0,0,0,15,0,204,1.48
11,0,0,0,16,0,410,3.66
11,0,0,0,17,1,673,4.06
11,0,0,0,18,1,1088,3.06
11,0,0,0,19,1,922,3.25
11,0,0,0,20,1,769,1.48
11,0,0,0,21,0,389,3.04
11,0,0,0,22,0,217,1.74
11,0,0,0,23,0,182,0.0
11,1,1,0,0,0,134,1.84
11,1,1,0,1,0,146,0.0
11,1,1,0,2,0,167,0.27
11,1,1,0,3,0,153,0.0
11,1,1,0,4,0,150,0.0
11,1,1,0,5,0,159,0.0
11,1,1,0,6,0,270,0.09
11,1,1,0,7,0,460,4.14
11,1,1,0,8,1,825,2.37
11,1,1,0,9,1,1141,4.59
11,1,1,0,10,1,856,3.87
11,1,1,0,11,1,532,0.58
11,1,1,0,12,0,267,0.0
11,1,1,0,13,0,157,0.0
11,1,1,0,14,0,166,0.0
11,1,1,0,15,0,255,1.8
11,1,1,0,16,0,421,0.37
11,1,1,0,17,1,839,3.5
11,1,1,0,18,1,1031,3.92
11,1,1,0,19,1,1034,5.41
11,1,1,0,20,1,823,1.9
11,1,1,0,21,0,399,0.69
11,1,1,0,22,0,237,2.45
11,1,1,0,23,0,148,0.0
11,2,2,0,0,0,145,1.38
11,2,2,0,1,0,138,0.0
11,2,2,0,2,0,141,1.7
11,2,2,0,3,0,148,0.0
11,2,2,0,4,0,137,0.0
11,2,2,0,5,0,162,1.92
11,2,2,0,6,0,264,0.0
11,2,2,0,7,0,518,3.14
11,2,2,0,8,1,814,4.39
11,2,2,0,9,1,982,4.54
11,2,2,0,10,1,1015,4.41
11,2,2,0,11,1,467,0.0
11,2,2,0,12,0,246,2.48
11,2,2,0,13,0,159,1.45
11,2,2,0,14,0,164,0.06
11,2,2,0,15,0,240,0.0
11,2,2,0,16,0,415,3.14
11,2,2,0,17,1,743,2.98
11,2,2,0,18,1,1041,7.03
11,2,2,0,19,1,1085,2.43
11,2,2,0,20,1,702,2.95
11,2,2,0,21,0,464,2.85
11,2,2,0,22,0,250,0.0
11,2,2,0,23,0,174,0.0
11,3,3,0,0,0,148,1.87
11,3,3,0,1,0,143,0.0
11,3,3,0,2,0,145,0.76
11,3,3,0,3,0,158,0.0
11,3,3,0,4,0,144,0.9
11,3,3,0,5,0,173,1.0
11,3,3,0,6,0,241,0.0
11,3,3,0,7,0,514,3.88
11,3,3,0,8,1,810,2.53
11,3,3,0,9,1,1106,4.67
11,3,3,0,10,1,889,3.96
11,3,3,0,11,1,495,1.37
11,3,3,0,12,0,205,1.11
11,3,3,0,13,0,177,1.14
11,3,3,0,14,0,158,0.0
11,3,3,0,15,0,277,1.64
11,3,3,0,16,0,342,0.51
11,3,3,0,17,1,742,1.11
11,3,3,0,18,1,1041,3.42
11,3,3,0,19,1,1069,3.85
11,3,3,0,20,1,712,2.34
11,3,3,0,21,0,450,1.9
11,3,3,0,22,0,227,1.43
11,3,3,0,23,0,166,0.0
11,4,4,0,0,0,158,0.0
11,4,4,0,1,0,145,0.0
11,4,4,0,2,0,159,0.82
11,4,4,0,3,0,153,1.83
11,4,4,0,4,0,161,0.0
11,4,4,0,5,0,166,0.54
11,4,4,0,6,0,241,0.0
11,4,4,0,7,0,535,3.66
11,4,4,0,8,1,880,5.56
11,4,4,0,9,1,1089,3.9
11,4,4,0,10,1,821,3.86
11,4,4,0,11,1,427,3.01
11,4,4,0,12,0,212,2.5
11,4,4,0,13,0,175,3.63
11,4,4,0,14,0,170,1.66
11,4,4,0,15,0,244,0.0
11,4,4,0,16,0,385,0.14
11,4,4,0,17,1,753,3.0
11,4,4,0,18,1,1055,4.96
11,4,4,0,19,1,990,5.22
11,4,4,0,20,1,781,5.5
11,4,4,0,21,0,436,1.64
11,4,4,0,22,0,271,0.96
11,4,4,0,23,0,170,1.33
11,5,5,1,0,0,88,0.48
11,5,5,1,1,0,100,0.0
11,5,5,1,2,0,92,0.0
11,5,5,1,3,0,75,0.0
11,5,5,1,4,0,77,0.0
11,5,5,1,5,0,92,0.0
11,5,5,1,6,0,150,1.35
11,5,5,1,7,0,265,1.46
11,5,5,1,8,1,491,3.75
11,5,5,1,9,1,554,1.19
11,5,5,1,10,1,483,4.29
11,5,5,1,11,1,235,1.54
11,5,5,1,12,0,148,1.52
11,5,5,1,13,0,95,1.19
11,5,5,1,14,0,105,1.61
11,5,5,1,15,0,111,0.32
11,5,5,1,16,0,233,2.47
11,5,5,1,17,1,418,1.7
11,5,5,1,18,1,581,2.68
11,5,5,1,19,1,574,1.67
11,5,5,1,20,1,410,2.1
11,5,5,1,21,0,243,5.08
11,5,5,1,22,0,113,1.33
11,5,5,1,23,0,102,0.0
11,6,6,1,0,0,86,0.0
11,6,6,1,1,0,79,0.0
11,6,6,1,2,0,81,0.13
11,6,6,1,3,0,87,0.0
11,6,6,1,4,0,89,1.6
11,6,6,1,5,0,93,3.8
11,6,6,1,6,0,147,0.0
11,6,6,1,7,0,239,0.0
11,6,6,1,8,1,445,0.0
11,6,6,1,9,1,599,0.43
11,6,6,1,10,1,476,3.31
11,6,6,1,11,1,294,0.8
11,6,6,1,12,0,126,2.51
11,6,6,1,13,0,103,1.44
11,6,6,1,14,0,87,0.0
11,6,6,1,15,0,138,0.46
11,6,6,1,16,0,255,0.02
11,6,6,1,17,1,452,3.92
11,6,6,1,18,1,567,2.73
11,6,6,1,19,1,525,0.4
11,6,6,1,20,1,425,0.89
11,6,6,1,21,0,236,1.19
11,6,6,1,22,0,134,1.33
11,6,6,1,23,0,98,0.73
11,7,0,0,0,0,153,0.61
11,7,0,0,1,0,162,3.41
11,7,0,0,2,0,158,1.38
11,7,0,0,3,0,147,0.95
11,7,0,0,4,0,146,0.0
11,7,0,0,5,0,163,3.34
11,7,0,0,6,0,243,3.41
11,7,0,0,7,0,443,1.98
11,7,0,0,8,1,899,4.75
11,7,0,0,9,1,958,2.01
11,7,0,0,10,1,892,2.74
11,7,0,0,11,1,505,4.17
11,7,0,0,12,0,232,0.14
11,7,0,0,13,0,141,1.77
11,7,0,0,14,0,196,0.0
11,7,0,0,15,0,254,3.02
11,7,0,0,16,0,448,0.88
11,7,0,0,17,1,740,3.79
11,7,0,0,18,1,1096,4.01
11,7,0,0,19,1,1091,3.82
11,7,0,0,20,1,748,2.69
11,7,0,0,21,0,458,0.0
11,7,0,0,22,0,243,1.51
11,7,0,0,23,0,136,1.85
11,8,1,0,0,0,161,0.04
11,8,1,0,1,0,155,1.02
11,8,1,0,2,0,176,1.46
11,8,1,0,3,0,151,2.25
11,8,1,0,4,0,171,3.79
11,8,1,0,5,0,158,1.28
11,8,1,0,6,0,232,4.41
11,8,1,0,7,0,482,3.36
11,8,1,0,8,1,839,4.1
11,8,1,0,9,1,897,5.15
11,8,1,0,10,1,938,2.86
11,8,1,0,11,1,411,3.87
11,8,1,0,12,0,271,2.27
11,8,1,0,13,0,166,0.24
11,8,1,0,14,0,186,0.26
11,8,1,0,15,0,234,0.93
11,8,1,0,16,0,432,1.57
11,8,1,0,17,1,755,5.71
11,8,1,0,18,1,1097,4.96
11,8,1,0,19,1,1122,2.81
11,8,1,0,20,1,816,3.72
11,8,1,0,21,0,401,1.46
11,8,1,0,22,0,241,1.09
11,8,1,0,23,0,180,0.0
11,9,2,0,0,0,136,0.0
11,9,2,0,1,0,144,0.78
11,9,2,0,2,0,145,0.0
11,9,2,0,3,0,133,0.0
11,9,2,0,4,0,148,0.0
11,9,2,0,5,0,161,2.64
11,9,2,0,6,0,221,1.33
11,9,2,0,7,0,435,0.0
11,9,2,0,8,1,875,4.51
11,9,2,0,9,1,1115,6.13
11,9,2,0,10,1,838,3.76
11,9,2,0,11,1,465,3.8
11,9,2,0,12,0,227,1.66
11,9,2,0,13,0,154,0.78
11,9,2,0,14,0,146,0.92
11,9,2,0,15,0,268,0.23
11,9,2,0,16,0,413,2.95
11,9,2,0,17,1,757,4.86
11,9,2,0,18,1,1086,5.66
11,9,2,0,19,1,886,3.68
11,9,2,0,20,1,688,2.16
11,9,2,0,21,0,436,1.4
11,9,2,0,22,0,217,2.75
11,9,2,0,23,0,179,0.0
11,10,3,0,0,0,159,0.89
11,10,3,0,1,0,152,2.94
11,10,3,0,2,0,151,1.68
11,10,3,0,3,0,152,0.94
11,10,3,0,4,0,140,4.24
11,10,3,0,5,0,125,0.0
11,10,3,0,6,0,235,2.3
11,10,3,0,7,0,426,1.44
11,10,3,0,8,1,903,1.79
11,10,3,0,9,1,1037,3.9
11,10,3,0,10,1,809,3.29
11,10,3,0,11,1,464,3.31
11,10,3,0,12,0,255,0.74
11,10,3,0,13,0,169,0.09
11,10,3,0,14,0,186,1.42
11,10,3,0,15,0,229,1.57
11,10,3,0,16,0,485,0.91
11,10,3,0,17,1,808,3.85
11,10,3,0,18,1,1034,3.04
11,10,3,0,19,1,1125,4.94
11,10,3,0,20,1,842,5.12
11,10,3,0,21,0,431,0.64
11,10,3,0,22,0,269,0.15
11,10,3,0,23,0,177,0.0
11,11,4,0,0,0,168,0.0
11,11,4,0,1,0,146,0.0
11,11,4,0,2,0,166,0.0
11,11,4,0,3,0,156,1.02
11,11,4,0,4,0,134,2.08
11,11,4,0,5,0,166,2.93
11,11,4,0,6,0,256,0.0
11,11,4,0,7,0,472,1.54
11,11,4,0,8,1,903,4.73
11,11,4,0,9,1,992,5.39
11,11,4,0,10,1,877,4.51
11,11,4,0,11,1,500,3.24
11,11,4,0,12,0,226,1.19
11,11,4,0,13,0,182,2.4
11,11,4,0,14,0,183,0.0
11,11,4,0,15,0,270,3.73
11,11,4,0,16,0,392,1.12
11,11,4,0,17,1,796,2.1
11,11,4,0,18,1,1101,4.72
11,11,4,0,19,1,1161,5.29
11,11,4,0,20,1,632,3.82
11,11,4,0,21,0,463,1.76
11,11,4,0,22,0,234,1.16
11,11,4,0,23,0,158,4.34
11,12,5,1,0,0,77,1.7
11,12,5,1,1,0,88,0.0
11,12,5,1,2,0,76,0.14
11,12,5,1,3,0,87,0.81
11,12,5,1,4,0,95,0.0
11,12,5,1,5,0,87,1.67
11,12,5,1,6,0,116,0.0
11,12,5,1,7,0,261,1.02
11,12,5,1,8,1,448,0.0
11,12,5,1,9,1,642,4.61
11,12,5,1,10,1,405,2.63
11,12,5,1,11,1,261,1.88
11,12,5,1,12,0,137,0.0
11,12,5,1,13,0,98,0.0
11,12,5,1,14,0,73,0.59
11,12,5,1,15,0,111,2.16
11,12,5,1,16,0,226,1.02
11,12,5,1,17,1,432,1.89
11,12,5,1,18,1,551,3.9
11,12,5,1,19,1,574,0.61
11,12,5,1,20,1,427,1.59
11,12,5,1,21,0,231,1.11
11,12,5,1,22,0,128,2.7
11,12,5,1,23,0,85,0.0
11,13,6,1,0,0,82,1.58
11,13,6,1,1,0,72,0.83
11,13,6,1,2,0,73,1.56
11,13,6,1,3,0,82,0.0
11,13,6,1,4,0,72,3.56
11,13,6,1,5,0,108,0.0
11,13,6,1,6,0,122,0.61
11,13,6,1,7,0,256,0.53
11,13,6,1,8,1,478,4.79
11,13,6,1,9,1,639,2.08
11,13,6,1,10,1,494,0.0
11,13,6,1,11,1,267,0.71
11,13,6,1,12,0,145,1.51
11,13,6,1,13,0,95,1.07
11,13,6,1,14,0,89,1.81
11,13,6,1,15,0,132,0.28
11,13,6,1,16,0,233,2.2
11,13,6,1,17,1,446,1.27
11,13,6,1,18,1,537,1.46
11,13,6,1,19,1,560,2.42
11,13,6,1,20,1,455,1.11
11,13,6,1,21,0,239,0.68
11,13,6,1,22,0,127,0.96
11,13,6,1,23,0,100,0.77
11,14,0,0,0,0,118,0.17
11,14,0,0,1,0,168,2.39
11,14,0,0,2,0,159,2.41
11,14,0,0,3,0,159,2.38
11,14,0,0,4,0,138,0.46
11,14,0,0,5,0,168,0.75
11,14,0,0,6,0,233,1.15
11,14,0,0,7,0,415,2.34
11,14,0,0,8,1,804,0.0
11,14,0,0,9,1,1050,6.52
11,14,0,0,10,1,720,2.52
11,14,0,0,11,1,418,2.06
11,14,0,0,12,0,261,0.0
11,14,0,0,13,0,162,0.42
11,14,0,0,14,0,184,0.0
11,14,0,0,15,0,223,3.25
11,14,0,0,16,0,397,1.0
11,14,0,0,17,1,766,6.55
11,14,0,0,18,1,958,4.97
11,14,0,0,19,1,952,2.3
11,14,0,0,20,1,724,3.59
11,14,0,0,21,0,403,1.81
11,14,0,0,22,0,218,0.99
11,14,0,0,23,0,149,0.0
11,15,1,0,0,0,143,1.49
11,15,1,0,1,0,152,0.0
11,15,1,0,2,0,136,2.09
11,15,1,0,3,0,166,1.43
11,15,1,0,4,0,155,0.0
11,15,1,0,5,0,174,3.08
11,15,1,0,6,0,265,2.59
11,15,1,0,7,0,417,0.61
11,15,1,0,8,1,840,2.29
11,15,1,0,9,1,951,4.43
11,15,1,0,10,1,918,1.58
11,15,1,0,11,1,520,2.41
11,15,1,0,12,0,276,2.3
11,15,1,0,13,0,170,0.89
11,15,1,0,14,0,168,3.4
11,15,1,0,15,0,243,0.42
11,15,1,0,16,0,441,2.46
11,15,1,0,17,1,729,1.69
11,15,1,0,18,1,1152,4.21
11,15,1,0,19,1,1026,4.98
11,15,1,0,20,1,723,3.23
11,15,1,0,21,0,409,0.0
11,15,1,0,22,0,238,1.34
11,15,1,0,23,0,171,0.0
11,16,2,0,0,0,133,2.28
11,16,2,0,1,0,150,0.0
11,16,2,0,2,0,150,0.0
11,16,2,0,3,0,143,0.95
11,16,2,0,4,0,154,2.13
11,16,2,0,5,0,172,1.48
11,16,2,0,6,0,237,0.0
11,16,2,0,7,0,482,3.46
11,16,2,0,8,1,906,3.32
11,16,2,0,9,1,1044,2.82
11,16,2,0,10,1,928,6.13
11,16,2,0,11,1,497,0.0
11,16,2,0,12,0,258,3.51
11,16,2,0,13,0,153,1.88
11,16,2,0,14,0,165,2.53
11,16,2,0,15,0,210,0.19
11,16,2,0,16,0,368,1.98
11,16,2,0,17,1,788,3.67
11,16,2,0,18,1,1009,3.38
11,16,2,0,19,1,1025,5.43
11,16,2,0,20,1,667,2.16
11,16,2,0,21,0,372,0.87
11,16,2,0,22,0,231,4.07
11,16,2,0,23,0,157,2.17
11,17,3,0,0,0,129,0.58
11,17,3,0,1,0,150,1.72
11,17,3,0,2,0,143,0.0
11,17,3,0,3,0,125,1.0
11,17,3,0,4,0,143,2.11
11,17,3,0,5,0,173,2.47
11,17,3,0,6,0,227,1.21
11,17,3,0,7,0,488,1.21
11,17,3,0,8,1,933,4.9
11,17,3,0,9,1,1219,5.92
11,17,3,0,10,1,977,6.68
11,17,3,0,11,1,461,0.0
11,17,3,0,12,0,277,2.15
11,17,3,0,13,0,175,0.03
11,17,3,0,14,0,173,2.22
11,17,3,0,15,0,244,0.06
11,17,3,0,16,0,473,2.08
11,17,3,0,17,1,796,4.44
11,17,3,0,18,1,1232,5.55
11,17,3,0,19,1,1048,7.06
11,17,3,0,20,1,822,3.75
11,17,3,0,21,0,430,0.0
11,17,3,0,22,0,230,0.0
11,17,3,0,23,0,130,0.0
11,18,4,0,0,0,133,0.0
11,18,4,0,1,0,153,1.38
11,18,4,0,2,0,148,0.0
11,18,4,0,3,0,148,0.0
11,18,4,0,4,0,168,0.45
11,18,4,0,5,0,151,0.0
11,18,4,0,6,0,244,1.06
11,18,4,0,7,0,473,3.38
11,18,4,0,8,1,784,4.64
11,18,4,0,9,1,1041,5.46
11,18,4,0,10,1,807,4.4
11,18,4,0,11,1,449,4.27
11,18,4,0,12,0,243,0.33
11,18,4,0,13,0,152,0.86
11,18,4,0,14,0,166,0.0
11,18,4,0,15,0,218,0.0
11,18,4,0,16,0,383,1.35
11,18,4,0,17,1,776,2.62
11,18,4,0,18,1,1092,2.93
11,18,4,0,19,1,1090,4.24
11,18,4,0,20,1,742,2.96
11,18,4,0,21,0,401,0.0
11,18,4,0,22,0,212,0.0
11,18,4,0,23,0,163,1.68
11,19,5,1,0,0,92,0.0
11,19,5,1,1,0,81,3.15
11,19,5,1,2,0,79,0.0
11,19,5,1,3,0,81,0.0
11,19,5,1,4,0,78,0.0
11,19,5,1,5,0,103,1.24
11,19,5,1,6,0,151,2.04
11,19,5,1,7,0,264,0.0
11,19,5,1,8,1,433,1.21
11,19,5,1,9,1,532,0.0
11,19,5,1,10,1,434,1.44
11,19,5,1,11,1,298,0.18
11,19,5,1,12,0,141,0.0
11,19,5,1,13,0,91,0.31
11,19,5,1,14,0,104,0.0
11,19,5,1,15,0,119,0.85
11,19,5,1,16,0,239,0.0
11,19,5,1,17,1,414,1.68
11,19,5,1,18,1,647,2.9
11,19,5,1,19,1,572,1.23
11,19,5,1,20,1,435,1.36
11,19,5,1,21,0,221,0.0
11,19,5,1,22,0,124,1.54
11,19,5,1,23,0,87,0.4
11,20,6,1,0,0,78,0.57
11,20,6,1,1,0,82,0.0
11,20,6,1,2,0,87,0.0
11,20,6,1,3,0,89,0.85
11,20,6,1,4,0,87,0.0
11,20,6,1,5,0,91,2.66
11,20,6,1,6,0,133,0.73
11,20,6,1,7,0,240,0.0
11,20,6,1,8,1,476,0.89
11,20,6,1,9,1,551,2.3
11,20,6,1,10,1,493,2.76
11,20,6,1,11,1,266,2.39
11,20,6,1,12,0,145,0.38
11,20,6,1,13,0,105,0.0
11,20,6,1,14,0,81,2.4
11,20,6,1,15,0,120,0.0
11,20,6,1,16,0,225,2.74
11,20,6,1,17,1,405,0.0
11,20,6,1,18,1,565,1.98
11,20,6,1,19,1,563,1.17
11,20,6,1,20,1,393,2.66
11,20,6,1,21,0,221,1.13
11,20,6,1,22,0,129,0.0
11,20,6,1,23,0,86,0.45
11,21,0,0,0,0,130,3.51
11,21,0,0,1,0,143,0.0
11,21,0,0,2,0,158,0.38
11,21,0,0,3,0,144,0.0
11,21,0,0,4,0,152,0.0
11,21,0,0,5,0,194,0.47
11,21,0,0,6,0,200,2.23
11,21,0,0,7,0,442,1.93
11,21,0,0,8,1,945,3.32
11,21,0,0,9,1,1032,5.53
11,21,0,0,10,1,947,3.58
11,21,0,0,11,1,558,0.0
11,21,0,0,12,0,227,0.19
11,21,0,0,13,0,182,1.07
11,21,0,0,14,0,159,0.0
11,21,0,0,15,0,204,1.59
11,21,0,0,16,0,408,3.15
11,21,0,0,17,1,668,3.31
11,21,0,0,18,1,1049,3.28
11,21,0,0,19,1,1007,4.18
11,21,0,0,20,1,753,1.67
11,21,0,0,21,0,439,3.56
11,21,0,0,22,0,227,1.78
11,21,0,0,23,0,164,4.27
11,22,1,0,0,0,150,1.65
11,22,1,0,1,0,163,0.0
11,22,1,0,2,0,158,1.93
11,22,1,0,3,0,155,1.76
11,22,1,0,4,0,143,3.79
11,22,1,0,5,0,134,0.0
11,22,1,0,6,0,218,3.46
11,22,1,0,7,0,475,0.48
11,22,1,0,8,1,809,0.95
11,22,1,0,9,1,1101,5.5
11,22,1,0,10,1,870,2.41
11,22,1,0,11,1,539,3.33
11,22,1,0,12,0,210,0.55
11,22,1,0,13,0,152,2.82
11,22,1,0,14,0,162,0.0
11,22,1,0,15,0,229,3.3
11,22,1,0,16,0,451,1.02
11,22,1,0,17,1,744,4.47
11,22,1,0,18,1,1170,2.35
11,22,1,0,19,1,1065,3.73
11,22,1,0,20,1,725,4.91
11,22,1,0,21,0,376,2.71
11,22,1,0,22,0,189,0.0
11,22,1,0,23,0,166,0.0
11,23,2,0,0,0,176,0.0
11,23,2,0,1,0,140,0.0
11,23,2,0,2,0,156,1.99
11,23,2,0,3,0,144,1.05
11,23,2,0,4,0,156,0.0
11,23,2,0,5,0,164,0.0
11,23,2,0,6,0,214,1.18
11,23,2,0,7,0,519,2.14
11,23,2,0,8,1,675,2.01
11,23,2,0,9,1,974,6.57
11,23,2,0,10,1,827,0.89
11,23,2,0,11,1,478,2.87
11,23,2,0,12,0,246,0.0
11,23,2,0,13,0,162,1.8
11,23,2,0,14,0,169,3.71
11,23,2,0,15,0,233,0.0
11,23,2,0,16,0,415,0.82
11,23,2,0,17,1,661,2.84
11,23,2,0,18,1,1017,4.29
11,23,2,0,19,1,1206,4.63
11,23,2,0,20,1,817,2.98
11,23,2,0,21,0,435,1.92
11,23,2,0,22,0,236,0.75
11,23,2,0,23,0,185,1.69
11,24,3,0,0,0,151,1.97
11,24,3,0,1,0,151,2.28
11,24,3,0,2,0,135,3.74
11,24,3,0,3,0,152,0.0
11,24,3,0,4,0,160,2.58
11,24,3,0,5,0,152,0.0
11,24,3,0,6,0,264,1.9
11,24,3,0,7,0,463,1.48
11,24,3,0,8,1,765,1.58
11,24,3,0,9,1,908,3.11
11,24,3,0,10,1,896,3.18
11,24,3,0,11,1,523,1.12
11,24,3,0,12,0,215,2.59
11,24,3,0,13,0,173,2.53
11,24,3,0,14,0,163,3.04
11,24,3,0,15,0,211,0.41
11,24,3,0,16,0,435,1.04
11,24,3,0,17,1,768,4.94
11,24,3,0,18,1,1084,4.07
11,24,3,0,19,1,1156,5.39
11,24,3,0,20,1,754,2.9
11,24,3,0,21,0,409,2.9
11,24,3,0,22,0,248,2.89
11,24,3,0,23,0,172,0.0
11,25,4,0,0,0,153,0.0
11,25,4,0,1,0,151,2.72
11,25,4,0,2,0,164,2.01
11,25,4,0,3,0,149,1.94
11,25,4,0,4,0,143,0.0
11,25,4,0,5,0,169,0.11
11,25,4,0,6,0,279,3.56
11,25,4,0,7,0,454,2.86
11,25,4,0,8,1,715,3.37
11,25,4,0,9,1,1075,2.81
11,25,4,0,10,1,861,2.05
11,25,4,0,11,1,513,2.33
11,25,4,0,12,0,274,0.0
11,25,4,0,13,0,156,0.0
11,25,4,0,14,0,174,1.1
11,25,4,0,15,0,239,0.0
11,25,4,0,16,0,357,0.29
11,25,4,0,17,1,840,2.43
11,25,4,0,18,1,1067,4.36
11,25,4,0,19,1,1068,2.27
11,25,4,0,20,1,804,3.07
11,25,4,0,21,0,499,1.44
11,25,4,0,22,0,249,0.41
11,25,4,0,23,0,191,1.86
11,26,5,1,0,0,73,2.4
11,26,5,1,1,0,87,0.0
11,26,5,1,2,0,71,2.08
11,26,5,1,3,0,93,2.05
11,26,5,1,4,0,89,1.19
11,26,5,1,5,0,99,0.0
11,26,5,1,6,0,115,1.6
11,26,5,1,7,0,272,0.0
11,26,5,1,8,1,385,1.66
11,26,5,1,9,1,569,1.92
11,26,5,1,10,1,489,0.84
11,26,5,1,11,1,278,2.15
11,26,5,1,12,0,106,0.32
11,26,5,1,13,0,94,1.5
11,26,5,1,14,0,96,0.0
11,26,5,1,15,0,128,0.12
11,26,5,1,16,0,251,0.0
11,26,5,1,17,1,415,2.97
11,26,5,1,18,1,614,2.22
11,26,5,1,19,1,633,1.44
11,26,5,1,20,1,439,3.1
11,26,5,1,21,0,206,2.78
11,26,5,1,22,0,110,1.0
11,26,5,1,23,0,88,1.87
11,27,6,1,0,0,84,3.02
11,27,6,1,1,0,89,0.55
11,27,6,1,2,0,90,0.21
11,27,6,1,3,0,75,0.0
11,27,6,1,4,0,82,0.0
11,27,6,1,5,0,101,0.26
11,27,6,1,6,0,144,0.82
11,27,6,1,7,0,231,1.04
11,27,6,1,8,1,463,0.82
11,27,6,1,9,1,559,2.28
11,27,6,1,10,1,375,2.04
11,27,6,1,11,1,277,1.86
11,27,6,1,12,0,131,3.47
11,27,6,1,13,0,96,0.0
11,27,6,1,14,0,83,0.0
11,27,6,1,15,0,131,1.61
11,27,6,1,16,0,234,0.85
11,27,6,1,17,1,404,2.35
11,27,6,1,18,1,543,2.14
11,27,6,1,19,1,583,3.2
11,27,6,1,20,1,388,0.05
11,27,6,1,21,0,232,1.24
11,27,6,1,22,0,127,0.0
11,27,6,1,23,0,93,4.22
11,28,0,0,0,0,160,0.0
11,28,0,0,1,0,145,0.29
11,28,0,0,2,0,146,0.0
11,28,0,0,3,0,139,1.96
11,28,0,0,4,0,160,0.47
11,28,0,0,5,0,178,0.0
11,28,0,0,6,0,237,0.4
11,28,0,0,7,0,421,1.3
11,28,0,0,8,1,961,6.14
11,28,0,0,9,1,1059,3.91
11,28,0,0,10,1,970,3.51
11,28,0,0,11,1,460,3.28
11,28,0,0,12,0,211,0.68
11,28,0,0,13,0,167,1.44
11,28,0,0,14,0,160,0.38
11,28,0,0,15,0,233,0.55
11,28,0,0,16,0,415,2.91
11,28,0,0,17,1,790,3.94
11,28,0,0,18,1,914,4.3
11,28,0,0,19,1,982,6.92
11,28,0,0,20,1,754,2.72
11,28,0,0,21,0,473,3.7
11,28,0,0,22,0,227,0.0
11,28,0,0,23,0,142,0.0
11,29,1,0,0,0,153,0.39
11,29,1,0,1,0,138,0.0
11,29,1,0,2,0,170,2.36
11,29,1,0,3,0,171,0.0
11,29,1,0,4,0,161,1.7
11,29,1,0,5,0,185,0.76
11,29,1,0,6,0,229,0.0
11,29,1,0,7,0,480,2.04
11,29,1,0,8,1,868,1.38
11,29,1,0,9,1,1157,2.6
11,29,1,0,10,1,938,3.27
11,29,1,0,11,1,551,0.0
11,29,1,0,12,0,267,0.0
11,29,1,0,13,0,153,3.1
11,29,1,0,14,0,178,0.0
11,29,1,0,15,0,235,3.05
11,29,1,0,16,0,440,1.81
11,29,1,0,17,1,824,3.85
11,29,1,0,18,1,913,3.8
11,29,1,0,19,1,1093,4.71
11,29,1,0,20,1,730,3.61
11,29,1,0,21,0,428,0.0
11,29,1,0,22,0,207,1.29
11,29,1,0,23,0,176,0.0
11,30,2,0,0,0,158,1.38
11,30,2,0,1,0,147,1.23
11,30,2,0,2,0,154,1.93
11,30,2,0,3,0,161,0.0
11,30,2,0,4,0,142,2.78
11,30,2,0,5,0,178,1.67
11,30,2,0,6,0,260,2.75
11,30,2,0,7,0,485,1.37
11,30,2,0,8,1,888,3.51
11,30,2,0,9,1,1179,7.02
11,30,2,0,10,1,910,1.72
11,30,2,0,11,1,438,0.0
11,30,2,0,12,0,248,2.38
11,30,2,0,13,0,164,0.0
11,30,2,0,14,0,169,0.0
11,30,2,0,15,0,236,0.58
11,30,2,0,16,0,399,1.77
11,30,2,0,17,1,808,0.95
11,30,2,0,18,1,1067,1.12
11,30,2,0,19,1,1031,5.17
11,30,2,0,20,1,816,2.48
11,30,2,0,21,0,403,1.27
11,30,2,0,22,0,211,1.09
11,30,2,0,23,0,153,1.45
11,31,3,0,0,0,141,0.08
11,31,3,0,1,0,155,1.57
11,31,3,0,2,0,156,1.02
11,31,3,0,3,0,136,0.5
11,31,3,0,4,0,149,0.0
11,31,3,0,5,0,167,0.0
11,31,3,0,6,0,243,0.52
11,31,3,0,7,0,463,0.18
11,31,3,0,8,1,772,5.1
11,31,3,0,9,1,1058,6.95
11,31,3,0,10,1,976,5.75
11,31,3,0,11,1,431,3.84
11,31,3,0,12,0,242,0.55
11,31,3,0,13,0,162,0.12
11,31,3,0,14,0,173,4.14
11,31,3,0,15,0,201,3.72
11,31,3,0,16,0,472,1.62
11,31,3,0,17,1,725,0.88
11,31,3,0,18,1,976,2.99
11,31,3,0,19,1,1044,4.13
11,31,3,0,20,1,801,4.18
11,31,3,0,21,0,429,1.65
11,31,3,0,22,0,252,2.27
11,31,3,0,23,0,172,0.08
11,32,4,0,0,0,163,1.9
11,32,4,0,1,0,146,0.0
11,32,4,0,2,0,151,0.0
11,32,4,0,3,0,158,0.96
11,32,4,0,4,0,131,0.97
11,32,4,0,5,0,189,0.53
11,32,4,0,6,0,244,0.46
11,32,4,0,7,0,483,4.24
11,32,4,0,8,1,922,2.82
11,32,4,0,9,1,1043,4.16
11,32,4,0,10,1,878,4.16
11,32,4,0,11,1,477,0.04
11,32,4,0,12,0,242,0.42
11,32,4,0,13,0,156,1.81
11,32,4,0,14,0,168,0.0
11,32,4,0,15,0,268,1.7
11,32,4,0,16,0,448,3.36
11,32,4,0,17,1,728,3.73
11,32,4,0,18,1,890,5.0
11,32,4,0,19,1,1047,4.98
11,32,4,0,20,1,750,5.73
11,32,4,0,21,0,463,0.0
11,32,4,0,22,0,242,0.54
11,32,4,0,23,0,174,1.56
11,33,5,1,0,0,77,0.13
11,33,5,1,1,0,75,2.53
11,33,5,1,2,0,84,0.98
11,33,5,1,3,0,84,0.0
11,33,5,1,4,0,87,3.03
11,33,5,1,5,0,80,0.44
11,33,5,1,6,0,142,0.0
11,33,5,1,7,0,279,1.18
11,33,5,1,8,1,440,0.0
11,33,5,1,9,1,572,2.18
11,33,5,1,10,1,516,2.57
11,33,5,1,11,1,253,0.0
11,33,5,1,12,0,144,0.75
11,33,5,1,13,0,89,0.0
11,33,5,1,14,0,101,2.49
11,33,5,1,15,0,121,0.0
11,33,5,1,16,0,228,1.25
11,33,5,1,17,1,417,0.0
11,33,5,1,18,1,650,0.0
11,33,5,1,19,1,544,0.64
11,33,5,1,20,1,379,0.0
11,33,5,1,21,0,233,3.05
11,33,5,1,22,0,125,0.0
11,33,5,1,23,0,101,1.66
11,34,6,1,0,0,76,0.79
11,34,6,1,1,0,89,0.0
11,34,6,1,2,0,83,0.0
11,34,6,1,3,0,74,0.55
11,34,6,1,4,0,86,0.41
11,34,6,1,5,0,85,3.49
11,34,6,1,6,0,129,1.35
11,34,6,1,7,0,281,0.0
11,34,6,1,8,1,498,2.01
11,34,6,1,9,1,564,2.07
11,34,6,1,10,1,489,0.0
11,34,6,1,11,1,265,1.71
11,34,6,1,12,0,157,0.0
11,34,6,1,13,0,96,0.0
11,34,6,1,14,0,96,1.68
11,34,6,1,15,0,120,3.41
11,34,6,1,16,0,256,2.21
11,34,6,1,17,1,403,0.78
11,34,6,1,18,1,599,1.8
11,34,6,1,19,1,554,5.09
11,34,6,1,20,1,433,2.97
11,34,6,1,21,0,266,1.19
11,34,6,1,22,0,121,0.0
11,34,6,1,23,0,101,0.0
11,35,0,0,0,0,114,0.0
11,35,0,0,1,0,132,0.0
11,35,0,0,2,0,147,1.38
11,35,0,0,3,0,136,0.87
11,35,0,0,4,0,162,0.43
11,35,0,0,5,0,160,0.0
11,35,0,0,6,0,267,0.0
11,35,0,0,7,0,541,2.13
11,35,0,0,8,1,779,4.38
11,35,0,0,9,1,1091,4.99
11,35,0,0,10,1,898,3.83
11,35,0,0,11,1,498,4.03
11,35,0,0,12,0,248,2.22
11,35,0,0,13,0,138,1.04
11,35,0,0,14,0,202,0.0
11,35,0,0,15,0,269,2.16
11,35,0,0,16,0,364,1.52
11,35,0,0,17,1,779,4.48
11,35,0,0,18,1,1016,5.11
11,35,0,0,19,1,1169,6.01
11,35,0,0,20,1,827,2.64
11,35,0,0,21,0,444,5.23
11,35,0,0,22,0,211,1.48
11,35,0,0,23,0,151,2.49
11,36,1,0,0,0,126,0.0
11,36,1,0,1,0,177,0.0
11,36,1,0,2,0,149,2.47
11,36,1,0,3,0,148,0.0
11,36,1,0,4,0,138,2.53
11,36,1,0,5,0,185,0.0
11,36,1,0,6,0,226,0.0
11,36,1,0,7,0,466,0.47
11,36,1,0,8,1,857,2.57
11,36,1,0,9,1,1013,2.35
11,36,1,0,10,1,903,1.53
11,36,1,0,11,1,495,3.48
11,36,1,0,12,0,283,1.88
11,36,1,0,13,0,171,0.0
11,36,1,0,14,0,187,0.96
11,36,1,0,15,0,237,1.54
11,36,1,0,16,0,425,1.71
11,36,1,0,17,1,733,4.02
11,36,1,0,18,1,926,1.42
11,36,1,0,19,1,981,5.8
11,36,1,0,20,1,782,2.18
11,36,1,0,21,0,394,1.46
11,36,1,0,22,0,239,3.0
11,36,1,0,23,0,193,0.58
11,37,2,0,0,0,176,0.82
11,37,2,0,1,0,153,2.08
11,37,2,0,2,0,163,3.02
11,37,2,0,3,0,134,0.72
11,37,2,0,4,0,166,0.0
11,37,2,0,5,0,141,0.0
11,37,2,0,6,0,242,4.0
11,37,2,0,7,0,422,0.0
11,37,2,0,8,1,816,1.77
11,37,2,0,9,1,950,0.74
11,37,2,0,10,1,814,6.2
11,37,2,0,11,1,502,3.77
11,37,2,0,12,0,233,0.0
11,37,2,0,13,0,175,0.83
11,37,2,0,14,0,167,3.18
11,37,2,0,15,0,216,0.0
11,37,2,0,16,0,450,2.88
11,37,2,0,17,1,692,2.89
11,37,2,0,18,1,901,4.05
11,37,2,0,19,1,1013,3.68
11,37,2,0,20,1,686,4.54
11,37,2,0,21,0,430,3.21
11,37,2,0,22,0,229,2.7
11,37,2,0,23,0,141,0.57
11,38,3,0,0,0,164,0.0
11,38,3,0,1,0,151,1.47
11,38,3,0,2,0,145,2.07
11,38,3,0,3,0,162,0.0
11,38,3,0,4,0,146,0.0
11,38,3,0,5,0,170,0.98
11,38,3,0,6,0,244,1.13
11,38,3,0,7,0,447,0.0
11,38,3,0,8,1,880,3.22
11,38,3,0,9,1,962,2.76
11,38,3,0,10,1,912,4.94
11,38,3,0,11,1,506,1.96
11,38,3,0,12,0,231,2.91
11,38,3,0,13,0,164,1.06
11,38,3,0,14,0,156,0.27
11,38,3,0,15,0,182,0.0
11,38,3,0,16,0,370,1.81
11,38,3,0,17,1,719,2.42
11,38,3,0,18,1,1232,3.4
11,38,3,0,19,1,1063,4.58
11,38,3,0,20,1,697,4.44
11,38,3,0,21,0,477,3.71
11,38,3,0,22,0,214,0.0
11,38,3,0,23,0,139,0.28
11,39,4,0,0,0,148,1.76
11,39,4,0,1,0,171,0.0
11,39,4,0,2,0,151,0.27
11,39,4,0,3,0,148,2.94
11,39,4,0,4,0,152,1.43
11,39,4,0,5,0,172,1.02
11,39,4,0,6,0,229,3.72
11,39,4,0,7,0,479,2.71
11,39,4,0,8,1,867,0.3
11,39,4,0,9,1,961,4.01
11,39,4,0,10,1,792,3.77
11,39,4,0,11,1,445,1.81
11,39,4,0,12,0,211,2.1
11,39,4,0,13,0,174,1.44
11,39,4,0,14,0,166,0.0
11,39,4,0,15,0,261,3.54
11,39,4,0,16,0,419,0.82
11,39,4,0,17,1,650,2.94
11,39,4,0,18,1,996,3.26
11,39,4,0,19,1,1134,3.09
11,39,4,0,20,1,871,1.96
11,39,4,0,21,0,352,0.42
11,39,4,0,22,0,238,1.16
11,39,4,0,23,0,168,0.26
11,40,5,1,0,0,79,0.0
11,40,5,1,1,0,83,1.92
11,40,5,1,2,0,82,0.0
11,40,5,1,3,0,83,2.53
11,40,5,1,4,0,82,0.0
11,40,5,1,5,0,93,1.26
11,40,5,1,6,0,143,1.62
11,40,5,1,7,0,267,0.0
11,40,5,1,8,1,430,1.21
11,40,5,1,9,1,605,1.44
11,40,5,1,10,1,449,0.47
11,40,5,1,11,1,297,0.85
11,40,5,1,12,0,141,2.93
11,40,5,1,13,0,85,1.48
11,40,5,1,14,0,91,2.47
11,40,5,1,15,0,119,0.8
11,40,5,1,16,0,243,0.0
11,40,5,1,17,1,408,1.42
11,40,5,1,18,1,629,5.84
11,40,5,1,19,1,652,4.77
11,40,5,1,20,1,276,1.3
11,40,5,1,21,0,233,2.13
11,40,5,1,22,0,112,1.54
11,40,5,1,23,0,76,1.85
11,41,6,1,0,0,71,2.12
11,41,6,1,1,0,90,0.0
11,41,6,1,2,0,85,0.34
11,41,6,1,3,0,72,1.13
11,41,6,1,4,0,91,0.0
11,41,6,1,5,0,96,0.0
11,41,6,1,6,0,144,0.59
11,41,6,1,7,0,264,1.76
11,41,6,1,8,1,524,2.89
11,41,6,1,9,1,527,1.03
11,41,6,1,10,1,464,2.6
11,41,6,1,11,1,239,1.48
11,41,6,1,12,0,144,0.0
11,41,6,1,13,0,107,0.0
11,41,6,1,14,0,93,0.0
11,41,6,1,15,0,124,0.27
11,41,6,1,16,0,224,0.0
11,41,6,1,17,1,398,2.54
11,41,6,1,18,1,490,0.0
11,41,6,1,19,1,556,2.04
11,41,6,1,20,1,389,1.65
11,41,6,1,21,0,243,2.44
11,41,6,1,22,0,140,0.0
11,41,6,1,23,0,85,0.0
11,42,0,0,0,0,162,0.0
11,42,0,0,1,0,153,0.0
11,42,0,0,2,0,142,0.0
11,42,0,0,3,0,158,0.0
11,42,0,0,4,0,173,1.02
11,42,0,0,5,0,156,1.14
11,42,0,0,6,0,228,0.0
11,42,0,0,7,0,507,4.08
11,42,0,0,8,1,876,1.66
11,42,0,0,9,1,980,6.21
11,42,0,0,10,1,904,1.92
11,42,0,0,11,1,453,2.09
11,42,0,0,12,0,242,4.1
11,42,0,0,13,0,158,1.53
11,42,0,0,14,0,172,0.0
11,42,0,0,15,0,187,0.17
11,42,0,0,16,0,435,4.12
11,42,0,0,17,1,707,3.54
11,42,0,0,18,1,1028,6.7
11,42,0,0,19,1,1049,3.54
11,42,0,0,20,1,765,3.35
11,42,0,0,21,0,468,1.88
11,42,0,0,22,0,239,0.0
11,42,0,0,23,0,151,0.04
11,43,1,0,0,0,151,0.0
11,43,1,0,1,0,153,0.0
11,43,1,0,2,0,170,0.37
11,43,1,0,3,0,155,0.29
11,43,1,0,4,0,150,1.42
11,43,1,0,5,0,168,0.0
11,43,1,0,6,0,251,0.77
11,43,1,0,7,0,503,3.73
11,43,1,0,8,1,917,2.07
11,43,1,0,9,1,794,6.56
11,43,1,0,10,1,885,4.11
11,43,1,0,11,1,453,0.0
11,43,1,0,12,0,205,0.31
11,43,1,0,13,0,170,3.21
11,43,1,0,14,0,171,1.69
11,43,1,0,15,0,222,0.2
11,43,1,0,16,0,372,0.0
11,43,1,0,17,1,680,2.17
11,43,1,0,18,1,912,2.43
11,43,1,0,19,1,1049,0.59
11,43,1,0,20,1,844,6.05
11,43,1,0,21,0,456,2.41
11,43,1,0,22,0,237,1.75
11,43,1,0,23,0,167,0.94
11,44,2,0,0,0,129,0.69
11,44,2,0,1,0,155,1.13
11,44,2,0,2,0,163,2.86
11,44,2,0,3,0,143,0.0
11,44,2,0,4,0,166,1.66
11,44,2,0,5,0,158,0.3
11,44,2,0,6,0,238,1.36
11,44,2,0,7,0,535,0.8
11,44,2,0,8,1,870,3.86
11,44,2,0,9,1,882,7.29
11,44,2,0,10,1,864,5.19
11,44,2,0,11,1,418,4.56
11,44,2,0,12,0,237,0.0
11,44,2,0,13,0,149,0.0
11,44,2,0,14,0,157,0.0
11,44,2,0,15,0,246,1.25
11,44,2,0,16,0,439,2.4
11,44,2,0,17,1,740,0.62
11,44,2,0,18,1,925,1.5
11,44,2,0,19,1,960,6.38
11,44,2,0,20,1,664,4.87
11,44,2,0,21,0,386,0.0
11,44,2,0,22,0,239,2.86
11,44,2,0,23,0,144,0.44
11,45,3,0,0,0,164,2.02
11,45,3,0,1,0,131,0.22
11,45,3,0,2,0,130,1.08
11,45,3,0,3,0,151,1.45
11,45,3,0,4,0,140,0.0
11,45,3,0,5,0,179,2.26
11,45,3,0,6,0,277,3.24
11,45,3,0,7,0,417,3.5
11,45,3,0,8,1,847,4.48
11,45,3,0,9,1,1020,2.71
11,45,3,0,10,1,830,3.42
11,45,3,0,11,1,491,3.42
11,45,3,0,12,0,224,0.0
11,45,3,0,13,0,146,0.25
11,45,3,0,14,0,156,0.13
11,45,3,0,15,0,232,0.0
11,45,3,0,16,0,403,2.16
11,45,3,0,17,1,759,2.47
11,45,3,0,18,1,1049,3.79
11,45,3,0,19,1,968,2.12
11,45,3,0,20,1,917,4.61
11,45,3,0,21,0,458,2.74
11,45,3,0,22,0,257,1.89
11,45,3,0,23,0,138,0.0
11,46,4,0,0,0,152,0.92
11,46,4,0,1,0,151,0.0
11,46,4,0,2,0,143,0.94
11,46,4,0,3,0,150,1.76
11,46,4,0,4,0,138,1.28
11,46,4,0,5,0,158,0.1
11,46,4,0,6,0,243,0.0
11,46,4,0,7,0,485,3.83
11,46,4,0,8,1,767,5.85
11,46,4,0,9,1,994,4.86
11,46,4,0,10,1,760,6.28
11,46,4,0,11,1,439,2.07
11,46,4,0,12,0,234,0.86
11,46,4,0,13,0,170,0.19
11,46,4,0,14,0,159,0.57
11,46,4,0,15,0,230,1.41
11,46,4,0,16,0,438,2.97
11,46,4,0,17,1,789,3.35
11,46,4,0,18,1,1031,1.82
11,46,4,0,19,1,1065,5.9
11,46,4,0,20,1,708,1.83
11,46,4,0,21,0,465,4.31
11,46,4,0,22,0,216,4.69
11,46,4,0,23,0,171,2.07
11,47,5,1,0,0,80,0.71
11,47,5,1,1,0,85,0.0
11,47,5,1,2,0,93,0.31
11,47,5,1,3,0,79,0.0
11,47,5,1,4,0,87,0.73
11,47,5,1,5,0,84,0.55
11,47,5,1,6,0,139,0.0
11,47,5,1,7,0,272,1.1
11,47,5,1,8,1,459,0.4
11,47,5,1,9,1,586,0.0
11,47,5,1,10,1,521,3.86
11,47,5,1,11,1,242,0.0
11,47,5,1,12,0,147,0.34
11,47,5,1,13,0,93,0.41
11,47,5,1,14,0,82,1.51
11,47,5,1,15,0,132,0.56
11,47,5,1,16,0,189,1.51
11,47,5,1,17,1,427,1.57
11,47,5,1,18,1,623,4.19
11,47,5,1,19,1,594,0.11
11,47,5,1,20,1,373,0.45
11,47,5,1,21,0,227,2.17
11,47,5,1,22,0,130,0.27
11,47,5,1,23,0,96,0.0
11,48,6,1,0,0,86,0.69
11,48,6,1,1,0,85,1.61
11,48,6,1,2,0,82,0.0
11,48,6,1,3,0,78,1.48
11,48,6,1,4,0,79,0.0
11,48,6,1,5,0,91,2.0
11,48,6,1,6,0,139,3.17
11,48,6,1,7,0,272,1.63
11,48,6,1,8,1,458,0.0
11,48,6,1,9,1,583,2.39
11,48,6,1,10,1,492,2.43
11,48,6,1,11,1,270,2.78
11,48,6,1,12,0,131,1.78
11,48,6,1,13,0,102,0.0
11,48,6,1,14,0,89,0.0
11,48,6,1,15,0,113,3.22
11,48,6,1,16,0,291,1.48
11,48,6,1,17,1,404,4.22
11,48,6,1,18,1,606,1.29
11,48,6,1,19,1,538,3.38
11,48,6,1,20,1,428,3.4
11,48,6,1,21,0,245,0.0
11,48,6,1,22,0,119,0.0
11,48,6,1,23,0,93,0.19
11,49,0,0,0,0,144,0.11
11,49,0,0,1,0,157,0.36
11,49,0,0,2,0,141,0.0
11,49,0,0,3,0,139,2.16
11,49,0,0,4,0,143,3.29
11,49,0,0,5,0,174,0.0
11,49,0,0,6,0,232,0.0
11,49,0,0,7,0,463,4.77
11,49,0,0,8,1,961,6.26
11,49,0,0,9,1,1100,4.13
11,49,0,0,10,1,856,4.24
11,49,0,0,11,1,480,0.74
11,49,0,0,12,0,243,0.0
11,49,0,0,13,0,176,0.0
11,49,0,0,14,0,175,0.0
11,49,0,0,15,0,228,1.32
11,49,0,0,16,0,416,2.62
11,49,0,0,17,1,782,2.5
11,49,0,0,18,1,1003,3.02
11,49,0,0,19,1,985,7.09
11,49,0,0,20,1,717,4.51
11,49,0,0,21,0,427,1.17
11,49,0,0,22,0,235,1.32
11,49,0,0,23,0,143,0.46
11,50,1,0,0,0,149,0.1
11,50,1,0,1,0,124,0.0
11,50,1,0,2,0,169,1.5
11,50,1,0,3,0,137,1.89
11,50,1,0,4,0,138,0.96
11,50,1,0,5,0,170,0.13
11,50,1,0,6,0,265,2.19
11,50,1,0,7,0,450,1.36
11,50,1,0,8,1,791,2.3
11,50,1,0,9,1,1103,4.39
11,50,1,0,10,1,920,1.31
11,50,1,0,11,1,491,3.21
11,50,1,0,12,0,246,0.0
11,50,1,0,13,0,154,1.98
11,50,1,0,14,0,160,0.0
11,50,1,0,15,0,225,0.52
11,50,1,0,16,0,461,0.0
11,50,1,0,17,1,789,5.35
11,50,1,0,18,1,1132,8.01
11,50,1,0,19,1,1014,5.39
11,50,1,0,20,1,749,2.22
11,50,1,0,21,0,346,0.69
11,50,1,0,22,0,251,0.0
11,50,1,0,23,0,194,1.39
11,51,2,0,0,0,136,0.89
11,51,2,0,1,0,158,0.0
11,51,2,0,2,0,142,3.53
11,51,2,0,3,0,145,0.36
11,51,2,0,4,0,167,0.56
11,51,2,0,5,0,176,0.0
11,51,2,0,6,0,231,1.5
11,51,2,0,7,0,442,2.38
11,51,2,0,8,1,787,3.74
11,51,2,0,9,1,1152,1.62
11,51,2,0,10,1,822,0.35
11,51,2,0,11,1,469,2.38
11,51,2,0,12,0,238,0.0
11,51,2,0,13,0,180,0.0
11,51,2,0,14,0,179,0.0
11,51,2,0,15,0,215,0.88
11,51,2,0,16,0,457,4.76
11,51,2,0,17,1,730,0.97
11,51,2,0,18,1,1081,2.32
11,51,2,0,19,1,1115,5.13
11,51,2,0,20,1,837,4.93
11,51,2,0,21,0,426,1.75
11,51,2,0,22,0,215,0.0
11,51,2,0,23,0,165,0.0
11,52,3,0,0,0,146,0.0
11,52,3,0,1,0,156,0.59
11,52,3,0,2,0,161,0.19
11,52,3,0,3,0,135,1.36
11,52,3,0,4,0,150,0.19
11,52,3,0,5,0,160,0.62
11,52,3,0,6,0,239,1.73
11,52,3,0,7,0,509,1.48
11,52,3,0,8,1,986,3.09
11,52,3,0,9,1,1050,1.77
11,52,3,0,10,1,843,3.07
11,52,3,0,11,1,478,3.38
11,52,3,0,12,0,277,2.77
11,52,3,0,13,0,167,0.96
11,52,3,0,14,0,188,0.0
11,52,3,0,15,0,246,0.0
11,52,3,0,16,0,460,1.64
11,52,3,0,17,1,702,1.82
11,52,3,0,18,1,1010,5.47
11,52,3,0,19,1,1165,4.06
11,52,3,0,20,1,702,5.85
11,52,3,0,21,0,449,0.63
11,52,3,0,22,0,238,0.33
11,52,3,0,23,0,149,0.13
11,53,4,0,0,0,133,0.0
11,53,4,0,1,0,145,0.0
11,53,4,0,2,0,160,1.25
11,53,4,0,3,0,142,1.05
11,53,4,0,4,0,167,0.0
11,53,4,0,5,0,148,0.0
11,53,4,0,6,0,252,3.24
11,53,4,0,7,0,513,3.98
11,53,4,0,8,1,700,1.55
11,53,4,0,9,1,955,4.66
11,53,4,0,10,1,836,0.0
11,53,4,0,11,1,509,3.79
11,53,4,0,12,0,284,1.38
11,53,4,0,13,0,176,0.0
11,53,4,0,14,0,146,2.45
11,53,4,0,15,0,242,2.84
11,53,4,0,16,0,413,5.21
11,53,4,0,17,1,774,1.97
11,53,4,0,18,1,1026,1.7
11,53,4,0,19,1,973,3.31
11,53,4,0,20,1,848,3.29
11,53,4,0,21,0,458,1.68
11,53,4,0,22,0,212,1.67
11,53,4,0,23,0,155,0.02
11,54,5,1,0,0,95,1.29
11,54,5,1,1,0,77,1.41
11,54,5,1,2,0,76,0.0
11,54,5,1,3,0,89,0.8
11,54,5,1,4,0,82,0.0
11,54,5,1,5,0,89,0.64
11,54,5,1,6,0,122,0.55
11,54,5,1,7,0,297,1.53
11,54,5,1,8,1,489,1.3
11,54,5,1,9,1,528,1.27
11,54,5,1,10,1,507,1.88
11,54,5,1,11,1,260,0.28
11,54,5,1,12,0,120,2.53
11,54,5,1,13,0,91,0.0
11,54,5,1,14,0,93,0.0
11,54,5,1,15,0,130,0.0
11,54,5,1,16,0,234,0.86
11,54,5,1,17,1,476,4.77
11,54,5,1,18,1,615,2.33
11,54,5,1,19,1,616,3.62
11,54,5,1,20,1,399,0.0
11,54,5,1,21,0,196,0.61
11,54,5,1,22,0,122,0.0
11,54,5,1,23,0,85,0.0
11,55,6,1,0,0,86,0.0
11,55,6,1,1,0,86,0.0
11,55,6,1,2,0,91,0.76
11,55,6,1,3,0,71,0.0
11,55,6,1,4,0,75,0.7
11,55,6,1,5,0,78,0.48
11,55,6,1,6,0,142,0.0
11,55,6,1,7,0,245,0.0
11,55,6,1,8,1,524,4.84
11,55,6,1,9,1,633,2.12
11,55,6,1,10,1,465,2.89
11,55,6,1,11,1,267,0.0
11,55,6,1,12,0,144,2.4
11,55,6,1,13,0,100,1.08
11,55,6,1,14,0,99,0.0
11,55,6,1,15,0,126,0.0
11,55,6,1,16,0,258,1.31
11,55,6,1,17,1,410,0.11
11,55,6,1,18,1,529,0.42
11,55,6,1,19,1,613,3.35
11,55,6,1,20,1,423,2.88
11,55,6,1,21,0,217,0.0
11,55,6,1,22,0,134,0.45
11,55,6,1,23,0,97,1.03
11,56,0,0,0,0,149,0.9
11,56,0,0,1,0,166,0.23
11,56,0,0,2,0,158,1.1
11,56,0,0,3,0,129,0.0
11,56,0,0,4,0,151,0.0
11,56,0,0,5,0,153,2.22
11,56,0,0,6,0,215,0.56
11,56,0,0,7,0,447,4.01
11,56,0,0,8,1,1021,3.62
11,56,0,0,9,1,1120,6.38
11,56,0,0,10,1,911,4.83
11,56,0,0,11,1,412,3.41
11,56,0,0,12,0,251,0.66
11,56,0,0,13,0,167,1.05
11,56,0,0,14,0,164,0.12
11,56,0,0,15,0,213,1.62
11,56,0,0,16,0,416,0.47
11,56,0,0,17,1,761,3.11
11,56,0,0,18,1,1095,4.34
11,56,0,0,19,1,1104,4.01
11,56,0,0,20,1,743,3.39
11,56,0,0,21,0,434,3.55
11,56,0,0,22,0,251,0.94
11,56,0,0,23,0,147,1.61
11,57,1,0,0,0,156,0.95
11,57,1,0,1,0,159,0.08
11,57,1,0,2,0,130,0.0
11,57,1,0,3,0,115,1.13
11,57,1,0,4,0,150,1.89
11,57,1,0,5,0,176,0.0
11,57,1,0,6,0,228,0.0
11,57,1,0,7,0,554,1.99
11,57,1,0,8,1,831,3.76
11,57,1,0,9,1,916,3.07
11,57,1,0,10,1,791,1.56
11,57,1,0,11,1,470,1.95
11,57,1,0,12,0,220,0.33
11,57,1,0,13,0,169,1.35
11,57,1,0,14,0,164,1.15
11,57,1,0,15,0,225,2.82
11,57,1,0,16,0,440,0.75
11,57,1,0,17,1,725,3.49
11,57,1,0,18,1,1008,1.14
11,57,1,0,19,1,1077,3.73
11,57,1,0,20,1,796,3.25
11,57,1,0,21,0,443,5.55
11,57,1,0,22,0,255,0.49
11,57,1,0,23,0,172,0.86
11,58,2,0,0,0,153,0.0
11,58,2,0,1,0,162,0.0
11,58,2,0,2,0,149,0.0
11,58,2,0,3,0,141,0.88
11,58,2,0,4,0,162,2.18
11,58,2,0,5,0,163,2.14
11,58,2,0,6,0,243,0.0
11,58,2,0,7,0,495,0.6
11,58,2,0,8,1,841,2.65
11,58,2,0,9,1,919,4.17
11,58,2,0,10,1,860,5.17
11,58,2,0,11,1,408,0.56
11,58,2,0,12,0,266,1.86
11,58,2,0,13,0,178,2.89
11,58,2,0,14,0,157,0.0
11,58,2,0,15,0,247,1.94
11,58,2,0,16,0,417,1.44
11,58,2,0,17,1,696,5.15
11,58,2,0,18,1,1223,6.57
11,58,2,0,19,1,1107,5.31
11,58,2,0,20,1,775,0.46
11,58,2,0,21,0,405,2.85
11,58,2,0,22,0,216,1.1
11,58,2,0,23,0,181,2.48
11,59,3,0,0,0,161,1.07
11,59,3,0,1,0,159,0.27
11,59,3,0,2,0,170,0.0
11,59,3,0,3,0,150,0.0
11,59,3,0,4,0,159,0.13
11,59,3,0,5,0,198,2.17
11,59,3,0,6,0,225,0.0
11,59,3,0,7,0,436,2.59
11,59,3,0,8,1,832,2.47
11,59,3,0,9,1,988,5.2
11,59,3,0,10,1,827,2.66
11,59,3,0,11,1,518,4.42
11,59,3,0,12,0,223,2.66
11,59,3,0,13,0,167,2.05
11,59,3,0,14,0,176,0.73
11,59,3,0,15,0,233,1.93
11,59,3,0,16,0,384,0.0
11,59,3,0,17,1,880,5.27
11,59,3,0,18,1,1136,4.31
11,59,3,0,19,1,914,2.86
11,59,3,0,20,1,779,4.84
11,59,3,0,21,0,436,2.43
11,59,3,0,22,0,228,1.89
11,59,3,0,23,0,154,0.8
12,0,0,0,0,0,258,0.0
12,0,0,0,1,0,226,0.08
12,0,0,0,2,0,249,1.06
12,0,0,0,3,0,263,1.25
12,0,0,0,4,0,270,1.58
12,0,0,0,5,0,270,0.0
12,0,0,0,6,0,429,1.68
12,0,0,0,7,0,772,4.71
12,0,0,0,8,1,1582,5.04
12,0,0,0,9,1,1815,10.27
12,0,0,0,10,1,1515,6.65
12,0,0,0,11,1,804,2.75
12,0,0,0,12,0,483,2.1
12,0,0,0,13,0,294,1.19
12,0,0,0,14,0,356,1.48
12,0,0,0,15,0,381,0.54
12,0,0,0,16,0,788,1.01
12,0,0,0,17,1,1376,4.42
12,0,0,0,18,1,1577,4.84
12,0,0,0,19,1,1856,9.52
12,0,0,0,20,1,1425,5.26
12,0,0,0,21,0,800,2.66
12,0,0,0,22,0,360,1.47
12,0,0,0,23,0,257,2.22
12,1,1,0,0,0,280,0.0
12,1,1,0,1,0,266,1.27
12,1,1,0,2,0,282,0.0
12,1,1,0,3,0,276,0.0
12,1,1,0,4,0,283,2.73
12,1,1,0,5,0,277,2.94
12,1,1,0,6,0,376,3.15
12,1,1,0,7,0,943,4.29
12,1,1,0,8,1,1472,6.36
12,1,1,0,9,1,1757,10.96
12,1,1,0,10,1,1426,7.68
12,1,1,0,11,1,795,5.58
12,1,1,0,12,0,500,2.58
12,1,1,0,13,0,303,0.0
12,1,1,0,14,0,270,1.53
12,1,1,0,15,0,455,1.0
12,1,1,0,16,0,873,2.58
12,1,1,0,17,1,1353,5.76
12,1,1,0,18,1,1837,4.28
12,1,1,0,19,1,1760,7.34
12,1,1,0,20,1,1318,6.23
12,1,1,0,21,0,787,2.79
12,1,1,0,22,0,376,3.83
12,1,1,0,23,0,261,0.15
12,2,2,0,0,0,245,2.1
12,2,2,0,1,0,291,0.9
12,2,2,0,2,0,268,1.72
12,2,2,0,3,0,302,0.0
12,2,2,0,4,0,282,1.69
12,2,2,0,5,0,284,1.63
12,2,2,0,6,0,456,2.7
12,2,2,0,7,0,992,4.16
12,2,2,0,8,1,1499,5.72
12,2,2,0,9,1,1927,7.66
12,2,2,0,10,1,1497,6.01
12,2,2,0,11,1,836,2.43
12,2,2,0,12,0,445,1.35
12,2,2,0,13,0,311,1.41
12,2,2,0,14,0,286,3.49
12,2,2,0,15,0,404,2.55
12,2,2,0,16,0,700,0.0
12,2,2,0,17,1,1268,1.87
12,2,2,0,18,1,1817,9.47
12,2,2,0,19,1,1718,3.71
12,2,2,0,20,1,1488,5.24
12,2,2,0,21,0,741,4.15
12,2,2,0,22,0,424,2.82
12,2,2,0,23,0,313,0.0
12,3,3,0,0,0,233,2.69
12,3,3,0,1,0,247,0.0
12,3,3,0,2,0,237,0.34
12,3,3,0,3,0,256,0.0
12,3,3,0,4,0,244,1.45
12,3,3,0,5,0,273,0.18
12,3,3,0,6,0,355,4.33
12,3,3,0,7,0,909,2.89
12,3,3,0,8,1,1388,5.57
12,3,3,0,9,1,1843,5.46
12,3,3,0,10,1,1190,3.97
12,3,3,0,11,1,740,3.22
12,3,3,0,12,0,437,0.29
12,3,3,0,13,0,283,3.78
12,3,3,0,14,0,314,0.58
12,3,3,0,15,0,482,0.13
12,3,3,0,16,0,694,2.61
12,3,3,0,17,1,1166,7.35
12,3,3,0,18,1,1879,6.33
12,3,3,0,19,1,1919,7.9
12,3,3,0,20,1,1296,3.37
12,3,3,0,21,0,657,5.91
12,3,3,0,22,0,363,4.0
12,3,3,0,23,0,273,2.28
12,4,4,0,0,0,273,2.09
12,4,4,0,1,0,279,0.0
12,4,4,0,2,0,249,0.0
12,4,4,0,3,0,267,0.0
12,4,4,0,4,0,224,0.54
12,4,4,0,5,0,241,1.35
12,4,4,0,6,0,387,0.29
12,4,4,0,7,0,691,5.24
12,4,4,0,8,1,1321,4.74
12,4,4,0,9,1,1581,5.07
12,4,4,0,10,1,1705,7.27
12,4,4,0,11,1,796,3.13
12,4,4,0,12,0,411,1.51
12,4,4,0,13,0,314,0.76
12,4,4,0,14,0,301,1.56
12,4,4,0,15,0,397,0.48
12,4,4,0,16,0,711,3.89
12,4,4,0,17,1,1412,3.94
12,4,4,0,18,1,1814,6.13
12,4,4,0,19,1,1971,7.18
12,4,4,0,20,1,1562,6.57
12,4,4,0,21,0,812,1.73
12,4,4,0,22,0,408,2.56
12,4,4,0,23,0,268,1.1
12,5,5,1,0,0,157,0.14
12,5,5,1,1,0,135,3.24
12,5,5,1,2,0,131,0.76
12,5,5,1,3,0,136,0.0
12,5,5,1,4,0,155,0.31
12,5,5,1,5,0,166,0.0
12,5,5,1,6,0,246,0.0
12,5,5,1,7,0,395,4.41
12,5,5,1,8,1,862,3.79
12,5,5,1,9,1,1116,4.84
12,5,5,1,10,1,770,2.82
12,5,5,1,11,1,440,1.01
12,5,5,1,12,0,213,0.0
12,5,5,1,13,0,174,1.19
12,5,5,1,14,0,156,0.0
12,5,5,1,15,0,217,0.0
12,5,5,1,16,0,412,3.07
12,5,5,1,17,1,869,1.82
12,5,5,1,18,1,1092,3.31
12,5,5,1,19,1,927,2.01
12,5,5,1,20,1,739,1.56
12,5,5,1,21,0,388,0.89
12,5,5,1,22,0,211,0.0
12,5,5,1,23,0,129,0.65
12,6,6,1,0,0,145,0.0
12,6,6,1,1,0,149,2.69
12,6,6,1,2,0,145,2.58
12,6,6,1,3,0,171,4.48
12,6,6,1,4,0,132,0.0
12,6,6,1,5,0,155,0.81
12,6,6,1,6,0,266,2.0
12,6,6,1,7,0,420,0.76
12,6,6,1,8,1,820,1.05
12,6,6,1,9,1,1016,2.28
12,6,6,1,10,1,714,1.44
12,6,6,1,11,1,480,2.53
12,6,6,1,12,0,238,2.44
12,6,6,1,13,0,174,1.0
12,6,6,1,14,0,163,0.85
12,6,6,1,15,0,221,0.0
12,6,6,1,16,0,445,2.38
12,6,6,1,17,1,659,4.78
12,6,6,1,18,1,970,3.72
12,6,6,1,19,1,1102,4.74
12,6,6,1,20,1,808,2.7
12,6,6,1,21,0,463,0.69
12,6,6,1,22,0,247,0.0
12,6,6,1,23,0,146,1.03
12,7,0,0,0,0,255,0.91
12,7,0,0,1,0,264,0.0
12,7,0,0,2,0,240,1.31
12,7,0,0,3,0,249,3.01
12,7,0,0,4,0,262,2.13
12,7,0,0,5,0,303,0.31
12,7,0,0,6,0,362,3.23
12,7,0,0,7,0,779,2.51
12,7,0,0,8,1,1478,5.84
12,7,0,0,9,1,1988,7.96
12,7,0,0,10,1,1480,7.45
12,7,0,0,11,1,886,2.44
12,7,0,0,12,0,391,0.33
12,7,0,0,13,0,295,0.0
12,7,0,0,14,0,298,1.0
12,7,0,0,15,0,325,0.0
12,7,0,0,16,0,570,1.76
12,7,0,0,17,1,1443,2.94
12,7,0,0,18,1,1656,6.38
12,7,0,0,19,1,1695,5.18
12,7,0,0,20,1,1386,4.8
12,7,0,0,21,0,654,0.0
12,7,0,0,22,0,479,3.61
12,7,0,0,23,0,282,1.26
12,8,1,0,0,0,253,1.78
12,8,1,0,1,0,245,0.17
12,8,1,0,2,0,273,3.27
12,8,1,0,3,0,279,2.97
12,8,1,0,4,0,260,0.11
12,8,1,0,5,0,247,1.1
12,8,1,0,6,0,443,1.32
12,8,1,0,7,0,793,5.04
12,8,1,0,8,1,1571,8.25
12,8,1,0,9,1,1705,5.76
12,8,1,0,10,1,1640,6.49
12,8,1,0,11,1,807,2.48
12,8,1,0,12,0,430,3.22
12,8,1,0,13,0,292,2.35
12,8,1,0,14,0,306,0.0
12,8,1,0,15,0,379,0.84
12,8,1,0,16,0,662,1.88
12,8,1,0,17,1,1489,5.91
12,8,1,0,18,1,1739,9.83
12,8,1,0,19,1,1714,5.41
12,8,1,0,20,1,1459,6.83
12,8,1,0,21,0,734,4.18
12,8,1,0,22,0,417,0.0
12,8,1,0,23,0,236,0.09
12,9,2,0,0,0,286,0.5
12,9,2,0,1,0,273,1.37
12,9,2,0,2,0,228,0.3
12,9,2,0,3,0,271,0.0
12,9,2,0,4,0,259,1.62
12,9,2,0,5,0,294,2.75
12,9,2,0,6,0,443,0.34
12,9,2,0,7,0,813,3.28
12,9,2,0,8,1,1656,5.91
12,9,2,0,9,1,1590,7.02
12,9,2,0,10,1,1405,3.69
12,9,2,0,11,1,847,4.85
12,9,2,0,12,0,411,2.39
12,9,2,0,13,0,312,2.44
12,9,2,0,14,0,278,0.0
12,9,2,0,15,0,375,2.69
12,9,2,0,16,0,781,1.69
12,9,2,0,17,1,1555,4.61
12,9,2,0,18,1,2000,10.28
12,9,2,0,19,1,1869,6.32
12,9,2,0,20,1,1249,4.6
12,9,2,0,21,0,806,1.42
12,9,2,0,22,0,347,1.93
12,9,2,0,23,0,306,4.18
12,10,3,0,0,0,234,0.73
12,10,3,0,1,0,288,1.33
12,10,3,0,2,0,259,2.22
12,10,3,0,3,0,251,2.28
12,10,3,0,4,0,240,0.0
12,10,3,0,5,0,286,0.0
12,10,3,0,6,0,433,0.0
12,10,3,0,7,0,865,3.74
12,10,3,0,8,1,1488,6.61
12,10,3,0,9,1,1876,7.06
12,10,3,0,10,1,1715,7.45
12,10,3,0,11,1,898,5.2
12,10,3,0,12,0,453,4.91
12,10,3,0,13,0,300,1.19
12,10,3,0,14,0,280,0.74
12,10,3,0,15,0,384,2.55
12,10,3,0,16,0,688,2.86
12,10,3,0,17,1,1388,5.78
12,10,3,0,18,1,1719,7.92
12,10,3,0,19,1,1840,3.05
12,10,3,0,20,1,1224,7.0
12,10,3,0,21,0,830,4.11
12,10,3,0,22,0,433,0.56
12,10,3,0,23,0,286,3.0
12,11,4,0,0,0,272,1.19
12,11,4,0,1,0,259,2.8
12,11,4,0,2,0,287,2.12
12,11,4,0,3,0,265,0.52
12,11,4,0,4,0,281,0.0
12,11,4,0,5,0,271,0.0
12,11,4,0,6,0,473,0.81
12,11,4,0,7,0,873,3.3
12,11,4,0,8,1,1843,8.03
12,11,4,0,9,1,1571,8.05
12,11,4,0,10,1,1449,5.49
12,11,4,0,11,1,800,3.49
12,11,4,0,12,0,437,0.78
12,11,4,0,13,0,284,1.29
12,11,4,0,14,0,240,0.0
12,11,4,0,15,0,462,2.34
12,11,4,0,16,0,711,0.3
12,11,4,0,17,1,1322,6.77
12,11,4,0,18,1,2243,11.81
12,11,4,0,19,1,1721,6.14
12,11,4,0,20,1,1172,3.43
12,11,4,0,21,0,729,2.37
12,11,4,0,22,0,474,0.0
12,11,4,0,23,0,291,0.0
12,12,5,1,0,0,148,0.0
12,12,5,1,1,0,157,0.19
12,12,5,1,2,0,128,0.0
12,12,5,1,3,0,133,0.89
12,12,5,1,4,0,151,0.0
12,12,5,1,5,0,172,0.0
12,12,5,1,6,0,181,1.15
12,12,5,1,7,0,513,4.0
12,12,5,1,8,1,737,2.13
12,12,5,1,9,1,1074,3.36
12,12,5,1,10,1,829,2.24
12,12,5,1,11,1,424,0.35
12,12,5,1,12,0,255,1.04
12,12,5,1,13,0,179,1.5
12,12,5,1,14,0,183,1.96
12,12,5,1,15,0,238,0.77
12,12,5,1,16,0,506,2.19
12,12,5,1,17,1,615,2.86
12,12,5,1,18,1,938,5.28
12,12,5,1,19,1,1078,4.02
12,12,5,1,20,1,678,2.93
12,12,5,1,21,0,387,2.73
12,12,5,1,22,0,234,5.34
12,12,5,1,23,0,155,0.16
12,13,6,1,0,0,143,0.41
12,13,6,1,1,0,156,0.21
12,13,6,1,2,0,167,1.54
12,13,6,1,3,0,139,0.0
12,13,6,1,4,0,158,0.67
12,13,6,1,5,0,161,0.0
12,13,6,1,6,0,235,0.0
12,13,6,1,7,0,515,3.14
12,13,6,1,8,1,811,2.96
12,13,6,1,9,1,1022,4.08
12,13,6,1,10,1,759,0.18
12,13,6,1,11,1,435,1.55
12,13,6,1,12,0,223,2.12
12,13,6,1,13,0,160,3.45
12,13,6,1,14,0,155,0.83
12,13,6,1,15,0,219,1.54
12,13,6,1,16,0,443,2.68
12,13,6,1,17,1,612,3.2
12,13,6,1,18,1,936,3.28
12,13,6,1,19,1,1075,2.62
12,13,6,1,20,1,798,2.66
12,13,6,1,21,0,479,2.02
12,13,6,1,22,0,254,2.81
12,13,6,1,23,0,153,0.0
12,14,0,0,0,0,266,0.19
12,14,0,0,1,0,297,0.82
12,14,0,0,2,0,257,0.0
12,14,0,0,3,0,272,0.0
12,14,0,0,4,0,276,1.97
12,14,0,0,5,0,275,2.53
12,14,0,0,6,0,421,0.0
12,14,0,0,7,0,950,2.41
12,14,0,0,8,1,1556,6.86
12,14,0,0,9,1,1903,8.17
12,14,0,0,10,1,1380,8.06
12,14,0,0,11,1,910,4.35
12,14,0,0,12,0,384,0.07
12,14,0,0,13,0,312,0.0
12,14,0,0,14,0,303,0.0
12,14,0,0,15,0,379,0.0
12,14,0,0,16,0,756,4.7
12,14,0,0,17,1,1365,6.15
12,14,0,0,18,1,1877,8.53
12,14,0,0,19,1,1921,3.61
12,14,0,0,20,1,1425,6.9
12,14,0,0,21,0,720,0.0
12,14,0,0,22,0,415,2.15
12,14,0,0,23,0,282,1.41
12,15,1,0,0,0,286,4.74
12,15,1,0,1,0,266,1.56
12,15,1,0,2,0,246,0.23
12,15,1,0,3,0,261,2.81
12,15,1,0,4,0,284,4.03
12,15,1,0,5,0,257,0.0
12,15,1,0,6,0,468,4.05
12,15,1,0,7,0,848,0.0
12,15,1,0,8,1,1407,6.13
12,15,1,0,9,1,1713,7.13
12,15,1,0,10,1,1723,9.03
12,15,1,0,11,1,900,3.5
12,15,1,0,12,0,413,2.79
12,15,1,0,13,0,297,1.28
12,15,1,0,14,0,259,0.0
12,15,1,0,15,0,432,0.08
12,15,1,0,16,0,758,3.65
12,15,1,0,17,1,1378,6.35
12,15,1,0,18,1,1945,6.84
12,15,1,0,19,1,1635,5.23
12,15,1,0,20,1,1406,3.82
12,15,1,0,21,0,680,1.15
12,15,1,0,22,0,347,0.0
12,15,1,0,23,0,316,0.19
12,16,2,0,0,0,226,0.14
12,16,2,0,1,0,274,0.0
12,16,2,0,2,0,283,0.0
12,16,2,0,3,0,255,0.41
12,16,2,0,4,0,254,0.92
12,16,2,0,5,0,310,1.18
12,16,2,0,6,0,409,2.32
12,16,2,0,7,0,859,2.43
12,16,2,0,8,1,1501,4.88
12,16,2,0,9,1,1718,8.08
12,16,2,0,10,1,1549,7.35
12,16,2,0,11,1,888,2.22
12,16,2,0,12,0,465,1.41
12,16,2,0,13,0,318,1.08
12,16,2,0,14,0,303,1.73
12,16,2,0,15,0,434,0.0
12,16,2,0,16,0,648,3.6
12,16,2,0,17,1,1366,4.3
12,16,2,0,18,1,1906,5.51
12,16,2,0,19,1,2336,11.31
12,16,2,0,20,1,1395,5.69
12,16,2,0,21,0,705,0.85
12,16,2,0,22,0,404,0.33
12,16,2,0,23,0,274,0.0
12,17,3,0,0,0,269,0.51
12,17,3,0,1,0,275,1.79
12,17,3,0,2,0,268,5.06
12,17,3,0,3,0,281,0.0
12,17,3,0,4,0,276,1.02
12,17,3,0,5,0,261,0.0
12,17,3,0,6,0,446,2.83
12,17,3,0,7,0,775,4.56
12,17,3,0,8,1,1530,7.91
12,17,3,0,9,1,2007,7.79
12,17,3,0,10,1,1692,5.08
12,17,3,0,11,1,1007,2.71
12,17,3,0,12,0,429,0.87
12,17,3,0,13,0,287,5.53
12,17,3,0,14,0,284,2.41
12,17,3,0,15,0,400,3.0
12,17,3,0,16,0,710,3.22
12,17,3,0,17,1,1395,4.5
12,17,3,0,18,1,2261,10.07
12,17,3,0,19,1,1819,6.23
12,17,3,0,20,1,1338,3.53
12,17,3,0,21,0,848,4.04
12,17,3,0,22,0,405,3.19
12,17,3,0,23,0,275,0.0
12,18,4,0,0,0,261,1.24
12,18,4,0,1,0,274,0.0
12,18,4,0,2,0,254,0.0
12,18,4,0,3,0,238,2.02
12,18,4,0,4,0,287,0.0
12,18,4,0,5,0,285,1.18
12,18,4,0,6,0,467,4.16
12,18,4,0,7,0,856,3.03
12,18,4,0,8,1,1323,5.45
12,18,4,0,9,1,2152,10.54
12,18,4,0,10,1,1517,6.52
12,18,4,0,11,1,799,2.66
12,18,4,0,12,0,436,1.97
12,18,4,0,13,0,320,2.72
12,18,4,0,14,0,308,0.0
12,18,4,0,15,0,376,0.17
12,18,4,0,16,0,756,0.0
12,18,4,0,17,1,1328,7.42
12,18,4,0,18,1,1951,7.28
12,18,4,0,19,1,1749,8.2
12,18,4,0,20,1,1361,5.07
12,18,4,0,21,0,707,2.94
12,18,4,0,22,0,398,2.77
12,18,4,0,23,0,321,0.0
12,19,5,1,0,0,130,2.54
12,19,5,1,1,0,146,0.0
12,19,5,1,2,0,156,1.14
12,19,5,1,3,0,170,0.33
12,19,5,1,4,0,159,0.0
12,19,5,1,5,0,178,2.13
12,19,5,1,6,0,267,2.73
12,19,5,1,7,0,461,0.09
12,19,5,1,8,1,783,0.49
12,19,5,1,9,1,940,4.4
12,19,5,1,10,1,819,2.94
12,19,5,1,11,1,435,0.0
12,19,5,1,12,0,240,1.53
12,19,5,1,13,0,150,0.0
12,19,5,1,14,0,182,2.47
12,19,5,1,15,0,197,0.66
12,19,5,1,16,0,455,1.5
12,19,5,1,17,1,715,4.5
12,19,5,1,18,1,1099,5.8
12,19,5,1,19,1,997,4.98
12,19,5,1,20,1,818,3.2
12,19,5,1,21,0,395,3.43
12,19,5,1,22,0,261,4.22
12,19,5,1,23,0,156,0.21
12,20,6,1,0,0,133,0.71
12,20,6,1,1,0,132,0.0
12,20,6,1,2,0,153,1.2
12,20,6,1,3,0,124,2.85
12,20,6,1,4,0,133,0.0
12,20,6,1,5,0,145,0.0
12,20,6,1,6,0,219,0.0
12,20,6,1,7,0,373,1.69
12,20,6,1,8,1,838,6.72
12,20,6,1,9,1,1054,3.47
12,20,6,1,10,1,743,2.83
12,20,6,1,11,1,481,1.17
12,20,6,1,12,0,238,3.8
12,20,6,1,13,0,158,0.0
12,20,6,1,14,0,174,1.17
12,20,6,1,15,0,193,1.41
12,20,6,1,16,0,375,2.16
12,20,6,1,17,1,842,3.1
12,20,6,1,18,1,1107,2.59
12,20,6,1,19,1,895,6.61
12,20,6,1,20,1,748,3.95
12,20,6,1,21,0,445,0.99
12,20,6,1,22,0,239,1.97
12,20,6,1,23,0,144,2.85
12,21,0,0,0,0,291,0.0
12,21,0,0,1,0,267,0.72
12,21,0,0,2,0,293,0.0
12,21,0,0,3,0,340,1.1
12,21,0,0,4,0,282,3.21
12,21,0,0,5,0,288,0.98
12,21,0,0,6,0,413,0.32
12,21,0,0,7,0,864,3.25
12,21,0,0,8,1,1435,5.06
12,21,0,0,9,1,1931,6.53
12,21,0,0,10,1,1466,7.21
12,21,0,0,11,1,862,1.87
12,21,0,0,12,0,430,2.38
12,21,0,0,13,0,320,0.15
12,21,0,0,14,0,282,0.09
12,21,0,0,15,0,387,2.16
12,21,0,0,16,0,777,4.68
12,21,0,0,17,1,1319,3.17
12,21,0,0,18,1,1951,8.04
12,21,0,0,19,1,1861,5.52
12,21,0,0,20,1,1308,3.44
12,21,0,0,21,0,770,2.44
12,21,0,0,22,0,390,0.0
12,21,0,0,23,0,316,0.88
12,22,1,0,0,0,265,0.0
12,22,1,0,1,0,228,0.11
12,22,1,0,2,0,255,1.46
12,22,1,0,3,0,256,0.0
12,22,1,0,4,0,234,1.01
12,22,1,0,5,0,274,3.08
12,22,1,0,6,0,435,2.58
12,22,1,0,7,0,829,3.62
12,22,1,0,8,1,1389,3.79
12,22,1,0,9,1,1848,8.25
12,22,1,0,10,1,1263,4.3
12,22,1,0,11,1,970,4.6
12,22,1,0,12,0,483,0.98
12,22,1,0,13,0,285,2.59
12,22,1,0,14,0,310,1.1
12,22,1,0,15,0,366,3.2
12,22,1,0,16,0,891,1.21
12,22,1,0,17,1,1478,5.21
12,22,1,0,18,1,1803,7.62
12,22,1,0,19,1,1674,6.64
12,22,1,0,20,1,1157,5.34
12,22,1,0,21,0,875,2.54
12,22,1,0,22,0,402,1.43
12,22,1,0,23,0,315,1.87
12,23,2,0,0,0,283,0.37
12,23,2,0,1,0,272,0.0
12,23,2,0,2,0,277,0.0
12,23,2,0,3,0,257,2.15
12,23,2,0,4,0,234,2.57
12,23,2,0,5,0,289,3.34
12,23,2,0,6,0,399,0.0
12,23,2,0,7,0,843,4.25
12,23,2,0,8,1,1576,4.6
12,23,2,0,9,1,1606,5.96
12,23,2,0,10,1,1558,6.93
12,23,2,0,11,1,952,3.25
12,23,2,0,12,0,367,3.26
12,23,2,0,13,0,301,1.63
12,23,2,0,14,0,314,3.15
12,23,2,0,15,0,407,3.39
12,23,2,0,16,0,775,2.12
12,23,2,0,17,1,1304,6.14
12,23,2,0,18,1,1747,8.32
12,23,2,0,19,1,1876,8.08
12,23,2,0,20,1,1482,6.46
12,23,2,0,21,0,746,2.86
12,23,2,0,22,0,403,2.08
12,23,2,0,23,0,324,0.38
12,24,3,0,0,0,249,2.92
12,24,3,0,1,0,251,1.33
12,24,3,0,2,0,251,0.0
12,24,3,0,3,0,268,2.74
12,24,3,0,4,0,265,0.0
12,24,3,0,5,0,295,0.05
12,24,3,0,6,0,340,1.24
12,24,3,0,7,0,880,5.29
12,24,3,0,8,1,1706,7.8
12,24,3,0,9,1,1984,6.01
12,24,3,0,10,1,1690,8.66
12,24,3,0,11,1,821,4.31
12,24,3,0,12,0,450,4.01
12,24,3,0,13,0,293,0.05
12,24,3,0,14,0,284,2.48
12,24,3,0,15,0,345,0.0
12,24,3,0,16,0,795,3.59
12,24,3,0,17,1,1330,3.36
12,24,3,0,18,1,1599,5.44
12,24,3,0,19,1,1906,6.75
12,24,3,0,20,1,1424,4.26
12,24,3,0,21,0,711,3.9
12,24,3,0,22,0,395,1.09
12,24,3,0,23,0,277,0.0
12,25,4,0,0,0,271,1.81
12,25,4,0,1,0,268,0.15
12,25,4,0,2,0,259,3.43
12,25,4,0,3,0,233,3.76
12,25,4,0,4,0,268,0.8
12,25,4,0,5,0,315,0.0
12,25,4,0,6,0,478,4.7
12,25,4,0,7,0,919,0.52
12,25,4,0,8,1,1587,8.82
12,25,4,0,9,1,2074,6.18
12,25,4,0,10,1,1617,9.16
12,25,4,0,11,1,847,1.21
12,25,4,0,12,0,459,3.42
12,25,4,0,13,0,293,0.0
12,25,4,0,14,0,319,0.12
12,25,4,0,15,0,421,4.02
12,25,4,0,16,0,643,3.93
12,25,4,0,17,1,1306,4.95
12,25,4,0,18,1,1928,6.55
12,25,4,0,19,1,1678,4.04
12,25,4,0,20,1,1459,5.28
12,25,4,0,21,0,776,2.38
12,25,4,0,22,0,369,2.45
12,25,4,0,23,0,300,0.84
12,26,5,1,0,0,148,0.0
12,26,5,1,1,0,157,2.57
12,26,5,1,2,0,153,0.05
12,26,5,1,3,0,145,2.93
12,26,5,1,4,0,161,3.63
12,26,5,1,5,0,150,0.0
12,26,5,1,6,0,239,1.57
12,26,5,1,7,0,459,1.25
12,26,5,1,8,1,906,3.49
12,26,5,1,9,1,916,2.01
12,26,5,1,10,1,839,7.86
12,26,5,1,11,1,428,1.24
12,26,5,1,12,0,282,0.4
12,26,5,1,13,0,169,3.49
12,26,5,1,14,0,150,0.14
12,26,5,1,15,0,215,0.0
12,26,5,1,16,0,459,0.96
12,26,5,1,17,1,679,2.05
12,26,5,1,18,1,1094,4.55
12,26,5,1,19,1,954,4.43
12,26,5,1,20,1,778,3.08
12,26,5,1,21,0,400,3.12
12,26,5,1,22,0,221,3.3
12,26,5,1,23,0,151,0.0
12,27,6,1,0,0,134,0.18
12,27,6,1,1,0,145,0.0
12,27,6,1,2,0,146,1.43
12,27,6,1,3,0,128,0.0
12,27,6,1,4,0,153,0.0
12,27,6,1,5,0,156,2.26
12,27,6,1,6,0,270,1.74
12,27,6,1,7,0,458,1.08
12,27,6,1,8,1,882,5.23
12,27,6,1,9,1,921,5.05
12,27,6,1,10,1,782,1.84
12,27,6,1,11,1,459,3.32
12,27,6,1,12,0,242,1.39
12,27,6,1,13,0,167,1.37
12,27,6,1,14,0,161,1.59
12,27,6,1,15,0,212,1.82
12,27,6,1,16,0,436,2.79
12,27,6,1,17,1,774,3.79
12,27,6,1,18,1,1114,1.05
12,27,6,1,19,1,1088,7.32
12,27,6,1,20,1,694,1.68
12,27,6,1,21,0,450,0.41
12,27,6,1,22,0,212,1.1
12,27,6,1,23,0,150,1.91
12,28,0,0,0,0,247,1.53
12,28,0,0,1,0,269,3.57
12,28,0,0,2,0,288,0.36
12,28,0,0,3,0,237,2.2
12,28,0,0,4,0,252,0.5
12,28,0,0,5,0,267,2.09
12,28,0,0,6,0,408,1.58
12,28,0,0,7,0,844,3.65
12,28,0,0,8,1,1575,5.94
12,28,0,0,9,1,1736,4.15
12,28,0,0,10,1,1508,5.8
12,28,0,0,11,1,797,3.28
12,28,0,0,12,0,460,3.51
12,28,0,0,13,0,260,0.5
12,28,0,0,14,0,318,3.67
12,28,0,0,15,0,381,3.59
12,28,0,0,16,0,662,4.37
12,28,0,0,17,1,1298,7.54
12,28,0,0,18,1,1783,6.67
12,28,0,0,19,1,1832,5.02
12,28,0,0,20,1,1141,5.33
12,28,0,0,21,0,801,4.12
12,28,0,0,22,0,366,2.18
12,28,0,0,23,0,269,1.69
12,29,1,0,0,0,287,1.7
12,29,1,0,1,0,294,0.95
12,29,1,0,2,0,259,1.14
12,29,1,0,3,0,235,0.34
12,29,1,0,4,0,260,0.61
12,29,1,0,5,0,299,0.0
12,29,1,0,6,0,391,3.26
12,29,1,0,7,0,710,3.76
12,29,1,0,8,1,1451,6.04
12,29,1,0,9,1,2076,8.11
12,29,1,0,10,1,1571,6.37
12,29,1,0,11,1,838,3.0
12,29,1,0,12,0,455,0.72
12,29,1,0,13,0,269,1.19
12,29,1,0,14,0,300,0.0
12,29,1,0,15,0,407,0.0
12,29,1,0,16,0,779,0.41
12,29,1,0,17,1,1533,5.62
12,29,1,0,18,1,1724,6.47
12,29,1,0,19,1,1935,9.08
12,29,1,0,20,1,1299,3.04
12,29,1,0,21,0,670,3.11
12,29,1,0,22,0,440,3.44
12,29,1,0,23,0,296,2.63
12,30,2,0,0,0,304,3.0
12,30,2,0,1,0,283,0.0
12,30,2,0,2,0,284,1.83
12,30,2,0,3,0,277,3.0
12,30,2,0,4,0,274,0.94
12,30,2,0,5,0,267,0.62
12,30,2,0,6,0,437,2.16
12,30,2,0,7,0,862,4.89
12,30,2,0,8,1,1599,6.3
12,30,2,0,9,1,1721,7.46
12,30,2,0,10,1,1765,7.54
12,30,2,0,11,1,825,4.1
12,30,2,0,12,0,451,2.68
12,30,2,0,13,0,329,1.9
12,30,2,0,14,0,327,1.65
12,30,2,0,15,0,457,3.64
12,30,2,0,16,0,797,4.37
12,30,2,0,17,1,1573,7.91
12,30,2,0,18,1,1726,7.27
12,30,2,0,19,1,1813,10.35
12,30,2,0,20,1,1461,8.89
12,30,2,0,21,0,697,4.44
12,30,2,0,22,0,363,0.0
12,30,2,0,23,0,283,3.4
12,31,3,0,0,0,242,0.94
12,31,3,0,1,0,288,2.42
12,31,3,0,2,0,310,1.25
12,31,3,0,3,0,254,0.0
12,31,3,0,4,0,258,0.0
12,31,3,0,5,0,250,3.95
12,31,3,0,6,0,432,5.62
12,31,3,0,7,0,789,2.51
12,31,3,0,8,1,1403,4.65
12,31,3,0,9,1,1975,8.75
12,31,3,0,10,1,1601,8.42
12,31,3,0,11,1,920,2.17
12,31,3,0,12,0,412,1.83
12,31,3,0,13,0,385,2.7
12,31,3,0,14,0,298,2.2
12,31,3,0,15,0,388,1.95
12,31,3,0,16,0,799,3.15
12,31,3,0,17,1,1248,4.88
12,31,3,0,18,1,1805,5.18
12,31,3,0,19,1,1768,4.98
12,31,3,0,20,1,1197,3.08
12,31,3,0,21,0,798,5.43
12,31,3,0,22,0,357,3.8
12,31,3,0,23,0,266,2.18
12,32,4,0,0,0,269,2.03
12,32,4,0,1,0,239,0.0
12,32,4,0,2,0,246,1.62
12,32,4,0,3,0,305,0.0
12,32,4,0,4,0,264,0.0
12,32,4,0,5,0,292,0.0
12,32,4,0,6,0,482,1.96
12,32,4,0,7,0,908,3.28
12,32,4,0,8,1,1519,7.77
12,32,4,0,9,1,1865,7.71
12,32,4,0,10,1,1401,4.8
12,32,4,0,11,1,777,2.0
12,32,4,0,12,0,474,4.61
12,32,4,0,13,0,267,1.66
12,32,4,0,14,0,288,3.25
12,32,4,0,15,0,412,1.64
12,32,4,0,16,0,698,0.49
12,32,4,0,17,1,1409,6.17
12,32,4,0,18,1,1908,6.73
12,32,4,0,19,1,1831,8.51
12,32,4,0,20,1,1433,3.96
12,32,4,0,21,0,704,0.73
12,32,4,0,22,0,414,2.98
12,32,4,0,23,0,286,0.15
12,33,5,1,0,0,141,4.02
12,33,5,1,1,0,158,1.73
12,33,5,1,2,0,148,0.57
12,33,5,1,3,0,134,0.0
12,33,5,1,4,0,140,0.0
12,33,5,1,5,0,153,0.46
12,33,5,1,6,0,236,0.01
12,33,5,1,7,0,483,1.65
12,33,5,1,8,1,837,2.23
12,33,5,1,9,1,1071,3.48
12,33,5,1,10,1,928,3.37
12,33,5,1,11,1,461,2.73
12,33,5,1,12,0,252,2.39
12,33,5,1,13,0,186,1.74
12,33,5,1,14,0,161,0.0
12,33,5,1,15,0,222,3.11
12,33,5,1,16,0,362,0.22
12,33,5,1,17,1,718,1.62
12,33,5,1,18,1,985,6.65
12,33,5,1,19,1,994,4.59
12,33,5,1,20,1,633,0.88
12,33,5,1,21,0,438,4.25
12,33,5,1,22,0,228,0.45
12,33,5,1,23,0,167,0.0
12,34,6,1,0,0,147,0.0
12,34,6,1,1,0,154,0.0
12,34,6,1,2,0,137,0.49
12,34,6,1,3,0,136,0.0
12,34,6,1,4,0,157,0.59
12,34,6,1,5,0,149,2.01
12,34,6,1,6,0,241,1.4
12,34,6,1,7,0,432,0.0
12,34,6,1,8,1,763,1.54
12,34,6,1,9,1,965,2.6
12,34,6,1,10,1,830,4.64
12,34,6,1,11,1,505,3.28
12,34,6,1,12,0,219,0.96
12,34,6,1,13,0,183,0.0
12,34,6,1,14,0,180,0.0
12,34,6,1,15,0,229,1.54
12,34,6,1,16,0,414,5.0
12,34,6,1,17,1,713,0.39
12,34,6,1,18,1,1048,3.94
12,34,6,1,19,1,1064,5.58
12,34,6,1,20,1,728,3.57
12,34,6,1,21,0,413,4.34
12,34,6,1,22,0,217,0.0
12,34,6,1,23,0,172,0.0
12,35,0,0,0,0,272,0.83
12,35,0,0,1,0,261,4.7
12,35,0,0,2,0,289,2.69
12,35,0,0,3,0,275,0.06
12,35,0,0,4,0,272,1.96
12,35,0,0,5,0,297,1.33
12,35,0,0,6,0,416,2.07
12,35,0,0,7,0,810,4.3
12,35,0,0,8,1,1254,7.05
12,35,0,0,9,1,1652,5.01
12,35,0,0,10,1,1545,6.99
12,35,0,0,11,1,986,4.39
12,35,0,0,12,0,429,2.0
12,35,0,0,13,0,334,4.97
12,35,0,0,14,0,291,1.98
12,35,0,0,15,0,405,1.48
12,35,0,0,16,0,853,2.02
12,35,0,0,17,1,1080,4.8
12,35,0,0,18,1,2030,8.45
12,35,0,0,19,1,1927,8.84
12,35,0,0,20,1,1340,6.19
12,35,0,0,21,0,774,0.16
12,35,0,0,22,0,411,0.0
12,35,0,0,23,0,291,0.42
12,36,1,0,0,0,285,1.51
12,36,1,0,1,0,273,0.8
12,36,1,0,2,0,285,0.0
12,36,1,0,3,0,245,2.91
12,36,1,0,4,0,257,0.0
12,36,1,0,5,0,326,2.92
12,36,1,0,6,0,455,1.96
12,36,1,0,7,0,958,5.72
12,36,1,0,8,1,1681,7.77
12,36,1,0,9,1,1864,6.86
12,36,1,0,10,1,1344,6.13
12,36,1,0,11,1,885,3.02
12,36,1,0,12,0,452,1.31
12,36,1,0,13,0,317,0.0
12,36,1,0,14,0,270,0.72
12,36,1,0,15,0,435,0.0
12,36,1,0,16,0,804,0.75
12,36,1,0,17,1,1302,3.09
12,36,1,0,18,1,1465,6.41
12,36,1,0,19,1,1826,5.21
12,36,1,0,20,1,1273,5.75
12,36,1,0,21,0,720,2.58
12,36,1,0,22,0,394,0.7
12,36,1,0,23,0,278,0.17
12,37,2,0,0,0,247,0.0
12,37,2,0,1,0,255,0.06
12,37,2,0,2,0,241,2.11
12,37,2,0,3,0,289,1.16
12,37,2,0,4,0,268,0.03
12,37,2,0,5,0,317,3.88
12,37,2,0,6,0,424,0.91
12,37,2,0,7,0,869,3.67
12,37,2,0,8,1,1436,6.45
12,37,2,0,9,1,1984,6.76
12,37,2,0,10,1,1800,4.9
12,37,2,0,11,1,788,3.5
12,37,2,0,12,0,508,1.19
12,37,2,0,13,0,271,1.91
12,37,2,0,14,0,290,2.16
12,37,2,0,15,0,405,0.33
12,37,2,0,16,0,881,0.0
12,37,2,0,17,1,1522,7.49
12,37,2,0,18,1,1742,9.78
12,37,2,0,19,1,1649,8.11
12,37,2,0,20,1,1107,2.71
12,37,2,0,21,0,674,1.57
12,37,2,0,22,0,408,0.39
12,37,2,0,23,0,245,1.68
12,38,3,0,0,0,264,1.67
12,38,3,0,1,0,267,2.5
12,38,3,0,2,0,262,2.57
12,38,3,0,3,0,247,0.0
12,38,3,0,4,0,296,3.22
12,38,3,0,5,0,306,0.0
12,38,3,0,6,0,397,3.58
12,38,3,0,7,0,932,3.63
12,38,3,0,8,1,1776,7.79
12,38,3,0,9,1,1682,6.31
12,38,3,0,10,1,1496,6.11
12,38,3,0,11,1,930,2.29
12,38,3,0,12,0,385,2.44
12,38,3,0,13,0,284,4.77
12,38,3,0,14,0,318,0.48
12,38,3,0,15,0,447,2.88
12,38,3,0,16,0,779,2.93
12,38,3,0,17,1,1373,2.34
12,38,3,0,18,1,2047,3.03
12,38,3,0,19,1,1787,4.75
12,38,3,0,20,1,1275,4.99
12,38,3,0,21,0,671,0.0
12,38,3,0,22,0,414,4.79
12,38,3,0,23,0,284,2.57
12,39,4,0,0,0,295,0.0
12,39,4,0,1,0,254,0.0
12,39,4,0,2,0,246,3.54
12,39,4,0,3,0,268,2.26
12,39,4,0,4,0,265,0.0
12,39,4,0,5,0,308,3.11
12,39,4,0,6,0,441,2.5
12,39,4,0,7,0,762,4.11
12,39,4,0,8,1,1657,7.23
12,39,4,0,9,1,1580,8.77
12,39,4,0,10,1,1383,6.11
12,39,4,0,11,1,910,5.26
12,39,4,0,12,0,368,1.65
12,39,4,0,13,0,297,3.35
12,39,4,0,14,0,306,3.4
12,39,4,0,15,0,425,1.59
12,39,4,0,16,0,753,5.3
12,39,4,0,17,1,1191,6.12
12,39,4,0,18,1,1759,5.77
12,39,4,0,19,1,2004,6.69
12,39,4,0,20,1,1368,4.74
12,39,4,0,21,0,602,3.12
12,39,4,0,22,0,412,0.0
12,39,4,0,23,0,276,0.0
12,40,5,1,0,0,153,2.69
12,40,5,1,1,0,154,2.1
12,40,5,1,2,0,139,1.38
12,40,5,1,3,0,145,0.86
12,40,5,1,4,0,157,2.39
12,40,5,1,5,0,155,0.0
12,40,5,1,6,0,233,0.6
12,40,5,1,7,0,475,3.15
12,40,5,1,8,1,696,1.78
12,40,5,1,9,1,937,5.62
12,40,5,1,10,1,809,2.47
12,40,5,1,11,1,485,1.05
12,40,5,1,12,0,236,3.67
12,40,5,1,13,0,186,0.13
12,40,5,1,14,0,160,0.0
12,40,5,1,15,0,189,2.31
12,40,5,1,16,0,487,1.28
12,40,5,1,17,1,683,2.32
12,40,5,1,18,1,1025,2.4
12,40,5,1,19,1,981,5.45
12,40,5,1,20,1,738,4.86
12,40,5,1,21,0,420,0.05
12,40,5,1,22,0,214,1.23
12,40,5,1,23,0,146,0.0
12,41,6,1,0,0,131,1.3
12,41,6,1,1,0,140,2.33
12,41,6,1,2,0,134,0.0
12,41,6,1,3,0,143,3.04
12,41,6,1,4,0,147,0.0
12,41,6,1,5,0,140,2.36
12,41,6,1,6,0,221,3.2
12,41,6,1,7,0,489,0.8
12,41,6,1,8,1,899,2.21
12,41,6,1,9,1,897,2.29
12,41,6,1,10,1,873,5.2
12,41,6,1,11,1,450,0.0
12,41,6,1,12,0,207,0.0
12,41,6,1,13,0,146,0.98
12,41,6,1,14,0,187,1.94
12,41,6,1,15,0,204,0.0
12,41,6,1,16,0,391,2.15
12,41,6,1,17,1,822,2.59
12,41,6,1,18,1,1144,7.73
12,41,6,1,19,1,990,3.4
12,41,6,1,20,1,709,2.93
12,41,6,1,21,0,396,2.91
12,41,6,1,22,0,196,0.0
12,41,6,1,23,0,165,1.97
12,42,0,0,0,0,310,0.0
12,42,0,0,1,0,249,0.0
12,42,0,0,2,0,240,0.0
12,42,0,0,3,0,252,0.67
12,42,0,0,4,0,276,0.66
12,42,0,0,5,0,303,1.38
12,42,0,0,6,0,394,0.0
12,42,0,0,7,0,885,6.01
12,42,0,0,8,1,1799,8.6
12,42,0,0,9,1,2061,8.94
12,42,0,0,10,1,1532,6.29
12,42,0,0,11,1,838,4.26
12,42,0,0,12,0,412,1.43
12,42,0,0,13,0,268,1.78
12,42,0,0,14,0,273,1.14
12,42,0,0,15,0,424,2.57
12,42,0,0,16,0,788,2.83
12,42,0,0,17,1,1380,4.79
12,42,0,0,18,1,1560,7.04
12,42,0,0,19,1,1896,9.1
12,42,0,0,20,1,1326,2.9
12,42,0,0,21,0,736,4.27
12,42,0,0,22,0,423,1.47
12,42,0,0,23,0,253,0.0
12,43,1,0,0,0,273,0.0
12,43,1,0,1,0,257,1.09
12,43,1,0,2,0,288,2.07
12,43,1,0,3,0,284,1.59
12,43,1,0,4,0,248,0.07
12,43,1,0,5,0,270,1.97
12,43,1,0,6,0,406,1.03
12,43,1,0,7,0,847,5.85
12,43,1,0,8,1,1574,5.14
12,43,1,0,9,1,1868,9.95
12,43,1,0,10,1,1569,3.88
12,43,1,0,11,1,784,1.65
12,43,1,0,12,0,480,3.8
12,43,1,0,13,0,281,0.15
12,43,1,0,14,0,296,1.3
12,43,1,0,15,0,376,1.13
12,43,1,0,16,0,656,4.53
12,43,1,0,17,1,1141,1.91
12,43,1,0,18,1,1917,5.81
12,43,1,0,19,1,1778,7.21
12,43,1,0,20,1,1400,5.27
12,43,1,0,21,0,848,3.39
12,43,1,0,22,0,446,2.2
12,43,1,0,23,0,342,2.96
12,44,2,0,0,0,264,2.0
12,44,2,0,1,0,258,0.63
12,44,2,0,2,0,236,0.0
12,44,2,0,3,0,307,0.0
12,44,2,0,4,0,252,0.87
12,44,2,0,5,0,291,1.74
12,44,2,0,6,0,414,2.32
12,44,2,0,7,0,923,5.59
12,44,2,0,8,1,1464,6.77
12,44,2,0,9,1,1677,5.63
12,44,2,0,10,1,1355,5.35
12,44,2,0,11,1,787,0.87
12,44,2,0,12,0,417,0.0
12,44,2,0,13,0,328,0.48
12,44,2,0,14,0,319,0.54
12,44,2,0,15,0,369,3.24
12,44,2,0,16,0,747,5.82
12,44,2,0,17,1,1279,4.45
12,44,2,0,18,1,2001,9.52
12,44,2,0,19,1,1875,12.5
12,44,2,0,20,1,1299,3.29
12,44,2,0,21,0,682,2.32
12,44,2,0,22,0,457,1.55
12,44,2,0,23,0,329,1.97
12,45,3,0,0,0,286,1.72
12,45,3,0,1,0,271,2.21
12,45,3,0,2,0,251,0.17
12,45,3,0,3,0,271,4.0
12,45,3,0,4,0,233,0.0
12,45,3,0,5,0,286,2.69
12,45,3,0,6,0,432,0.0
12,45,3,0,7,0,851,0.8
12,45,3,0,8,1,1571,5.82
12,45,3,0,9,1,1834,7.98
12,45,3,0,10,1,1520,5.27
12,45,3,0,11,1,915,4.86
12,45,3,0,12,0,369,1.13
12,45,3,0,13,0,271,0.0
12,45,3,0,14,0,308,0.6
12,45,3,0,15,0,403,0.61
12,45,3,0,16,0,764,4.07
12,45,3,0,17,1,1559,5.96
12,45,3,0,18,1,1638,5.8
12,45,3,0,19,1,1978,6.75
12,45,3,0,20,1,1171,3.56
12,45,3,0,21,0,710,1.22
12,45,3,0,22,0,415,1.54
12,45,3,0,23,0,311,0.58
12,46,4,0,0,0,275,0.36
12,46,4,0,1,0,239,0.14
12,46,4,0,2,0,229,3.6
12,46,4,0,3,0,266,0.0
12,46,4,0,4,0,258,0.0
12,46,4,0,5,0,326,3.31
12,46,4,0,6,0,434,2.22
12,46,4,0,7,0,760,1.25
12,46,4,0,8,1,1293,4.93
12,46,4,0,9,1,2003,7.44
12,46,4,0,10,1,1537,7.62
12,46,4,0,11,1,736,5.71
12,46,4,0,12,0,470,2.65
12,46,4,0,13,0,318,2.73
12,46,4,0,14,0,302,3.35
12,46,4,0,15,0,393,2.26
12,46,4,0,16,0,820,0.0
12,46,4,0,17,1,1375,6.59
12,46,4,0,18,1,1599,6.82
12,46,4,0,19,1,1735,7.54
12,46,4,0,20,1,1318,3.85
12,46,4,0,21,0,808,2.6
12,46,4,0,22,0,416,3.64
12,46,4,0,23,0,271,1.1
12,47,5,1,0,0,139,0.15
12,47,5,1,1,0,170,1.37
12,47,5,1,2,0,148,1.38
12,47,5,1,3,0,150,0.0
12,47,5,1,4,0,173,0.0
12,47,5,1,5,0,183,1.66
12,47,5,1,6,0,240,0.5
12,47,5,1,7,0,562,3.15
12,47,5,1,8,1,824,2.49
12,47,5,1,9,1,962,3.92
12,47,5,1,10,1,761,4.06
12,47,5,1,11,1,441,3.27
12,47,5,1,12,0,255,0.94
12,47,5,1,13,0,170,1.63
12,47,5,1,14,0,143,3.17
12,47,5,1,15,0,219,1.92
12,47,5,1,16,0,431,0.0
12,47,5,1,17,1,692,4.03
12,47,5,1,18,1,1024,5.13
12,47,5,1,19,1,1026,5.95
12,47,5,1,20,1,737,5.08
12,47,5,1,21,0,376,1.31
12,47,5,1,22,0,213,1.43
12,47,5,1,23,0,157,0.28
12,48,6,1,0,0,136,0.0
12,48,6,1,1,0,144,0.0
12,48,6,1,2,0,118,0.56
12,48,6,1,3,0,113,0.16
12,48,6,1,4,0,142,1.38
12,48,6,1,5,0,152,2.96
12,48,6,1,6,0,252,0.0
12,48,6,1,7,0,454,4.11
12,48,6,1,8,1,777,3.03
12,48,6,1,9,1,1129,3.71
12,48,6,1,10,1,896,2.22
12,48,6,1,11,1,357,3.27
12,48,6,1,12,0,245,1.74
12,48,6,1,13,0,148,0.0
12,48,6,1,14,0,177,1.07
12,48,6,1,15,0,222,1.22
12,48,6,1,16,0,457,2.91
12,48,6,1,17,1,703,0.71
12,48,6,1,18,1,1066,2.88
12,48,6,1,19,1,922,5.66
12,48,6,1,20,1,781,3.7
12,48,6,1,21,0,367,4.15
12,48,6,1,22,0,242,0.51
12,48,6,1,23,0,154,0.73
12,49,0,0,0,0,253,4.33
12,49,0,0,1,0,255,0.0
12,49,0,0,2,0,297,0.33
12,49,0,0,3,0,280,2.13
12,49,0,0,4,0,265,0.0
12,49,0,0,5,0,291,0.0
12,49,0,0,6,0,429,2.88
12,49,0,0,7,0,962,2.22
12,49,0,0,8,1,1466,5.08
12,49,0,0,9,1,1886,5.26
12,49,0,0,10,1,1385,3.0
12,49,0,0,11,1,748,2.0
12,49,0,0,12,0,488,2.47
12,49,0,0,13,0,298,3.21
12,49,0,0,14,0,304,1.93
12,49,0,0,15,0,392,0.61
12,49,0,0,16,0,664,1.75
12,49,0,0,17,1,1299,5.71
12,49,0,0,18,1,1847,6.84
12,49,0,0,19,1,1717,7.47
12,49,0,0,20,1,1275,5.63
12,49,0,0,21,0,628,3.02
12,49,0,0,22,0,432,2.66
12,49,0,0,23,0,288,2.52
12,50,1,0,0,0,236,0.81
12,50,1,0,1,0,259,2.59
12,50,1,0,2,0,221,0.0
12,50,1,0,3,0,300,0.0
12,50,1,0,4,0,284,0.09
12,50,1,0,5,0,298,3.31
12,50,1,0,6,0,440,3.91
12,50,1,0,7,0,812,2.71
12,50,1,0,8,1,1590,5.7
12,50,1,0,9,1,1934,9.51
12,50,1,0,10,1,1600,4.03
12,50,1,0,11,1,822,3.71
12,50,1,0,12,0,422,1.81
12,50,1,0,13,0,303,0.42
12,50,1,0,14,0,291,0.0
12,50,1,0,15,0,392,0.0
12,50,1,0,16,0,749,2.71
12,50,1,0,17,1,1231,7.6
12,50,1,0,18,1,1816,7.69
12,50,1,0,19,1,1758,6.41
12,50,1,0,20,1,1363,4.95
12,50,1,0,21,0,742,4.18
12,50,1,0,22,0,391,0.0
12,50,1,0,23,0,257,3.19
12,51,2,0,0,0,283,2.12
12,51,2,0,1,0,254,0.0
12,51,2,0,2,0,257,0.89
12,51,2,0,3,0,240,0.0
12,51,2,0,4,0,229,1.9
12,51,2,0,5,0,264,1.52
12,51,2,0,6,0,416,2.55
12,51,2,0,7,0,868,3.12
12,51,2,0,8,1,1511,5.88
12,51,2,0,9,1,1755,8.49
12,51,2,0,10,1,1445,5.65
12,51,2,0,11,1,750,3.41
12,51,2,0,12,0,409,0.92
12,51,2,0,13,0,276,0.92
12,51,2,0,14,0,248,2.02
12,51,2,0,15,0,406,0.92
12,51,2,0,16,0,650,3.25
12,51,2,0,17,1,1261,7.0
12,51,2,0,18,1,1924,10.0
12,51,2,0,19,1,1873,9.11
12,51,2,0,20,1,1378,4.84
12,51,2,0,21,0,753,1.76
12,51,2,0,22,0,475,1.75
12,51,2,0,23,0,293,1.76
12,52,3,0,0,0,240,2.94
12,52,3,0,1,0,242,0.0
12,52,3,0,2,0,260,0.0
12,52,3,0,3,0,296,0.84
12,52,3,0,4,0,198,1.09
12,52,3,0,5,0,305,0.59
12,52,3,0,6,0,383,1.38
12,52,3,0,7,0,813,1.79
12,52,3,0,8,1,1368,5.71
12,52,3,0,9,1,1979,8.61
12,52,3,0,10,1,1289,6.08
12,52,3,0,11,1,898,5.68
12,52,3,0,12,0,398,1.51
12,52,3,0,13,0,310,0.45
12,52,3,0,14,0,308,1.2
12,52,3,0,15,0,380,0.38
12,52,3,0,16,0,816,1.77
12,52,3,0,17,1,1204,5.33
12,52,3,0,18,1,1848,5.42
12,52,3,0,19,1,1775,5.87
12,52,3,0,20,1,1260,8.83
12,52,3,0,21,0,724,1.57
12,52,3,0,22,0,473,3.22
12,52,3,0,23,0,309,0.0
12,53,4,0,0,0,288,2.38
12,53,4,0,1,0,266,0.0
12,53,4,0,2,0,263,3.65
12,53,4,0,3,0,268,0.51
12,53,4,0,4,0,261,0.81
12,53,4,0,5,0,274,1.03
12,53,4,0,6,0,480,3.91
12,53,4,0,7,0,794,5.09
12,53,4,0,8,1,1587,7.3
12,53,4,0,9,1,1910,6.24
12,53,4,0,10,1,1447,7.04
12,53,4,0,11,1,764,1.49
12,53,4,0,12,0,441,0.58
12,53,4,0,13,0,316,0.13
12,53,4,0,14,0,301,1.7
12,53,4,0,15,0,392,1.21
12,53,4,0,16,0,701,2.78
12,53,4,0,17,1,1226,4.57
12,53,4,0,18,1,1963,6.15
12,53,4,0,19,1,1780,7.9
12,53,4,0,20,1,1108,7.22
12,53,4,0,21,0,804,0.91
12,53,4,0,22,0,339,1.4
12,53,4,0,23,0,266,2.51
12,54,5,1,0,0,149,0.78
12,54,5,1,1,0,138,2.95
12,54,5,1,2,0,153,1.52
12,54,5,1,3,0,159,0.0
12,54,5,1,4,0,161,0.25
12,54,5,1,5,0,165,0.43
12,54,5,1,6,0,201,2.24
12,54,5,1,7,0,397,0.14
12,54,5,1,8,1,793,0.24
12,54,5,1,9,1,926,4.07
12,54,5,1,10,1,800,2.8
12,54,5,1,11,1,431,1.79
12,54,5,1,12,0,230,0.0
12,54,5,1,13,0,160,0.0
12,54,5,1,14,0,174,0.11
12,54,5,1,15,0,269,2.53
12,54,5,1,16,0,404,2.49
12,54,5,1,17,1,608,3.88
12,54,5,1,18,1,952,3.94
12,54,5,1,19,1,959,2.9
12,54,5,1,20,1,720,3.0
12,54,5,1,21,0,407,1.63
12,54,5,1,22,0,195,4.28
12,54,5,1,23,0,164,1.31
12,55,6,1,0,0,141,0.0
12,55,6,1,1,0,146,1.02
12,55,6,1,2,0,160,3.76
12,55,6,1,3,0,162,0.0
12,55,6,1,4,0,141,1.07
12,55,6,1,5,0,155,0.55
12,55,6,1,6,0,196,2.16
12,55,6,1,7,0,395,0.0
12,55,6,1,8,1,756,2.88
12,55,6,1,9,1,883,1.94
12,55,6,1,10,1,898,3.42
12,55,6,1,11,1,481,0.07
12,55,6,1,12,0,235,0.74
12,55,6,1,13,0,152,0.53
12,55,6,1,14,0,138,1.21
12,55,6,1,15,0,217,0.48
12,55,6,1,16,0,436,2.39
12,55,6,1,17,1,712,1.17
12,55,6,1,18,1,1127,2.5
12,55,6,1,19,1,1070,1.88
12,55,6,1,20,1,784,4.65
12,55,6,1,21,0,345,2.05
12,55,6,1,22,0,230,1.97
12,55,6,1,23,0,165,0.0
12,56,0,0,0,0,259,3.53
12,56,0,0,1,0,240,1.44
12,56,0,0,2,0,288,0.0
12,56,0,0,3,0,234,0.0
12,56,0,0,4,0,275,0.0
12,56,0,0,5,0,289,3.21
12,56,0,0,6,0,428,0.55
12,56,0,0,7,0,854,3.31
12,56,0,0,8,1,1550,8.63
12,56,0,0,9,1,1904,10.67
12,56,0,0,10,1,1550,5.05
12,56,0,0,11,1,1000,3.81
12,56,0,0,12,0,394,5.06
12,56,0,0,13,0,279,0.0
12,56,0,0,14,0,282,1.37
12,56,0,0,15,0,438,0.0
12,56,0,0,16,0,797,2.36
12,56,0,0,17,1,1284,7.71
12,56,0,0,18,1,1884,8.21
12,56,0,0,19,1,1845,8.53
12,56,0,0,20,1,1500,2.29
12,56,0,0,21,0,806,5.54
12,56,0,0,22,0,424,0.68
12,56,0,0,23,0,265,4.6
12,57,1,0,0,0,244,3.25
12,57,1,0,1,0,271,4.15
12,57,1,0,2,0,257,0.0
12,57,1,0,3,0,263,0.0
12,57,1,0,4,0,323,2.24
12,57,1,0,5,0,310,2.41
12,57,1,0,6,0,406,1.43
12,57,1,0,7,0,853,6.33
12,57,1,0,8,1,1357,4.34
12,57,1,0,9,1,1792,6.16
12,57,1,0,10,1,1321,1.23
12,57,1,0,11,1,722,4.54
12,57,1,0,12,0,430,2.97
12,57,1,0,13,0,282,0.98
12,57,1,0,14,0,334,3.67
12,57,1,0,15,0,438,2.06
12,57,1,0,16,0,773,3.65
12,57,1,0,17,1,1311,4.64
12,57,1,0,18,1,2019,6.13
12,57,1,0,19,1,2073,7.88
12,57,1,0,20,1,1189,3.94
12,57,1,0,21,0,690,1.9
12,57,1,0,22,0,388,0.6
12,57,1,0,23,0,285,1.04
12,58,2,0,0,0,279,0.75
12,58,2,0,1,0,270,1.09
12,58,2,0,2,0,275,1.17
12,58,2,0,3,0,250,0.0
12,58,2,0,4,0,271,2.99
12,58,2,0,5,0,287,0.1
12,58,2,0,6,0,421,0.84
12,58,2,0,7,0,800,1.03
12,58,2,0,8,1,1466,6.22
12,58,2,0,9,1,1686,5.43
12,58,2,0,10,1,1382,3.45
12,58,2,0,11,1,781,2.83
12,58,2,0,12,0,384,1.33
12,58,2,0,13,0,279,0.0
12,58,2,0,14,0,304,0.26
12,58,2,0,15,0,392,3.52
12,58,2,0,16,0,687,5.1
12,58,2,0,17,1,1291,3.46
12,58,2,0,18,1,1770,7.18
12,58,2,0,19,1,2038,9.35
12,58,2,0,20,1,1335,7.23
12,58,2,0,21,0,630,2.89
12,58,2,0,22,0,418,2.16
12,58,2,0,23,0,255,0.0
12,59,3,0,0,0,260,2.71
12,59,3,0,1,0,304,0.22
12,59,3,0,2,0,236,2.17
12,59,3,0,3,0,319,2.94
12,59,3,0,4,0,250,5.29
12,59,3,0,5,0,308,0.05
12,59,3,0,6,0,497,0.68
12,59,3,0,7,0,803,4.3
12,59,3,0,8,1,1493,6.03
12,59,3,0,9,1,1852,9.08
12,59,3,0,10,1,1218,5.3
12,59,3,0,11,1,826,2.18
12,59,3,0,12,0,404,0.0
12,59,3,0,13,0,277,3.04
12,59,3,0,14,0,315,0.97
12,59,3,0,15,0,362,2.68
12,59,3,0,16,0,820,4.83
12,59,3,0,17,1,1225,3.6
12,59,3,0,18,1,2098,6.58
12,59,3,0,19,1,1923,5.03
12,59,3,0,20,1,1296,6.06
12,59,3,0,21,0,740,3.75
12,59,3,0,22,0,367,0.24
12,59,3,0,23,0,304,2.26
13,0,0,0,0,0,220,3.87
13,0,0,0,1,0,260,0.0
13,0,0,0,2,0,220,3.26
13,0,0,0,3,0,252,1.85
13,0,0,0,4,0,259,2.67
13,0,0,0,5,0,301,0.0
13,0,0,0,6,0,423,0.0
13,0,0,0,7,0,729,2.46
13,0,0,0,8,1,1221,3.72
13,0,0,0,9,1,1441,5.73
13,0,0,0,10,1,1599,6.44
13,0,0,0,11,1,801,2.66
13,0,0,0,12,0,438,1.67
13,0,0,0,13,0,255,1.27
13,0,0,0,14,0,314,0.0
13,0,0,0,15,0,356,1.27
13,0,0,0,16,0,681,3.35
13,0,0,0,17,1,1156,3.83
13,0,0,0,18,1,1757,7.16
13,0,0,0,19,1,2115,9.63
13,0,0,0,20,1,1100,2.88
13,0,0,0,21,0,625,4.92
13,0,0,0,22,0,352,2.29
13,0,0,0,23,0,287,0.0
13,1,1,0,0,0,240,0.56
13,1,1,0,1,0,217,3.55
13,1,1,0,2,0,252,3.4
13,1,1,0,3,0,293,1.41
13,1,1,0,4,0,259,0.0
13,1,1,0,5,0,306,1.15
13,1,1,0,6,0,393,0.42
13,1,1,0,7,0,803,4.14
13,1,1,0,8,1,1436,6.44
13,1,1,0,9,1,1714,7.61
13,1,1,0,10,1,1467,7.69
13,1,1,0,11,1,850,3.63
13,1,1,0,12,0,420,0.0
13,1,1,0,13,0,308,0.86
13,1,1,0,14,0,276,0.39
13,1,1,0,15,0,358,0.21
13,1,1,0,16,0,640,2.2
13,1,1,0,17,1,1339,5.32
13,1,1,0,18,1,1843,8.09
13,1,1,0,19,1,1687,8.61
13,1,1,0,20,1,1356,6.66
13,1,1,0,21,0,724,2.39
13,1,1,0,22,0,374,1.45
13,1,1,0,23,0,307,2.9
13,2,2,0,0,0,220,1.27
13,2,2,0,1,0,199,0.13
13,2,2,0,2,0,235,1.77
13,2,2,0,3,0,227,0.0
13,2,2,0,4,0,242,0.96
13,2,2,0,5,0,238,2.66
13,2,2,0,6,0,400,1.64
13,2,2,0,7,0,869,2.38
13,2,2,0,8,1,1581,6.33
13,2,2,0,9,1,1855,8.09
13,2,2,0,10,1,1491,6.08
13,2,2,0,11,1,769,5.98
13,2,2,0,12,0,406,0.0
13,2,2,0,13,0,313,0.79
13,2,2,0,14,0,241,0.0
13,2,2,0,15,0,325,0.13
13,2,2,0,16,0,800,3.89
13,2,2,0,17,1,1255,4.15
13,2,2,0,18,1,1731,8.6
13,2,2,0,19,1,1494,10.39
13,2,2,0,20,1,1166,4.29
13,2,2,0,21,0,692,2.49
13,2,2,0,22,0,364,2.77
13,2,2,0,23,0,301,2.64
13,3,3,0,0,0,250,0.12
13,3,3,0,1,0,245,0.85
13,3,3,0,2,0,229,1.18
13,3,3,0,3,0,285,0.89
13,3,3,0,4,0,262,0.06
13,3,3,0,5,0,296,0.2
13,3,3,0,6,0,393,2.35
13,3,3,0,7,0,735,3.59
13,3,3,0,8,1,1532,6.37
13,3,3,0,9,1,1865,5.52
13,3,3,0,10,1,1464,5.17
13,3,3,0,11,1,823,5.66
13,3,3,0,12,0,309,0.3
13,3,3,0,13,0,228,0.0
13,3,3,0,14,0,268,2.36
13,3,3,0,15,0,410,2.81
13,3,3,0,16,0,732,0.92
13,3,3,0,17,1,1336,4.33
13,3,3,0,18,1,1813,5.87
13,3,3,0,19,1,1725,6.8
13,3,3,0,20,1,1290,3.9
13,3,3,0,21,0,738,0.98
13,3,3,0,22,0,437,0.62
13,3,3,0,23,0,233,0.82
13,4,4,0,0,0,241,0.0
13,4,4,0,1,0,276,2.24
13,4,4,0,2,0,258,0.0
13,4,4,0,3,0,238,0.04
13,4,4,0,4,0,215,1.27
13,4,4,0,5,0,284,1.32
13,4,4,0,6,0,414,0.0
13,4,4,0,7,0,742,2.49
13,4,4,0,8,1,1570,8.02
13,4,4,0,9,1,1816,10.29
13,4,4,0,10,1,1471,6.84
13,4,4,0,11,1,893,4.62
13,4,4,0,12,0,460,1.88
13,4,4,0,13,0,265,0.92
13,4,4,0,14,0,284,0.0
13,4,4,0,15,0,363,0.82
13,4,4,0,16,0,639,1.67
13,4,4,0,17,1,1329,6.51
13,4,4,0,18,1,1554,6.68
13,4,4,0,19,1,1740,8.54
13,4,4,0,20,1,1228,3.05
13,4,4,0,21,0,674,0.9
13,4,4,0,22,0,315,1.18
13,4,4,0,23,0,288,1.43
13,5,5,1,0,0,122,0.0
13,5,5,1,1,0,139,3.1
13,5,5,1,2,0,151,0.16
13,5,5,1,3,0,139,1.93
13,5,5,1,4,0,137,0.0
13,5,5,1,5,0,117,0.74
13,5,5,1,6,0,220,0.0
13,5,5,1,7,0,389,1.16
13,5,5,1,8,1,743,5.12
13,5,5,1,9,1,1068,3.0
13,5,5,1,10,1,871,5.91
13,5,5,1,11,1,449,0.4
13,5,5,1,12,0,226,0.0
13,5,5,1,13,0,146,0.98
13,5,5,1,14,0,158,0.0
13,5,5,1,15,0,213,0.0
13,5,5,1,16,0,429,3.89
13,5,5,1,17,1,729,2.51
13,5,5,1,18,1,899,4.86
13,5,5,1,19,1,977,2.41
13,5,5,1,20,1,749,2.32
13,5,5,1,21,0,359,2.86
13,5,5,1,22,0,198,0.98
13,5,5,1,23,0,167,2.44
13,6,6,1,0,0,140,0.0
13,6,6,1,1,0,131,4.15
13,6,6,1,2,0,147,0.24
13,6,6,1,3,0,123,0.0
13,6,6,1,4,0,152,2.46
13,6,6,1,5,0,151,0.0
13,6,6,1,6,0,244,0.0
13,6,6,1,7,0,509,3.14
13,6,6,1,8,1,699,3.97
13,6,6,1,9,1,907,1.62
13,6,6,1,10,1,826,1.65
13,6,6,1,11,1,392,2.3
13,6,6,1,12,0,222,2.41
13,6,6,1,13,0,150,0.01
13,6,6,1,14,0,128,1.27
13,6,6,1,15,0,211,2.63
13,6,6,1,16,0,409,2.13
13,6,6,1,17,1,650,1.98
13,6,6,1,18,1,1005,3.94
13,6,6,1,19,1,1072,6.26
13,6,6,1,20,1,676,2.84
13,6,6,1,21,0,361,1.29
13,6,6,1,22,0,228,0.1
13,6,6,1,23,0,147,0.0
13,7,0,0,0,0,237,1.87
13,7,0,0,1,0,244,0.0
13,7,0,0,2,0,253,0.93
13,7,0,0,3,0,271,0.88
13,7,0,0,4,0,232,2.37
13,7,0,0,5,0,255,0.0
13,7,0,0,6,0,372,0.57
13,7,0,0,7,0,678,0.12
13,7,0,0,8,1,1502,5.75
13,7,0,0,9,1,1721,6.8
13,7,0,0,10,1,1477,4.68
13,7,0,0,11,1,835,3.51
13,7,0,0,12,0,375,2.41
13,7,0,0,13,0,281,0.0
13,7,0,0,14,0,257,1.75
13,7,0,0,15,0,416,2.09
13,7,0,0,16,0,751,4.85
13,7,0,0,17,1,1233,5.18
13,7,0,0,18,1,1844,5.66
13,7,0,0,19,1,1895,9.63
13,7,0,0,20,1,1181,9.03
13,7,0,0,21,0,746,2.76
13,7,0,0,22,0,321,1.15
13,7,0,0,23,0,286,1.61
13,8,1,0,0,0,223,0.0
13,8,1,0,1,0,262,1.94
13,8,1,0,2,0,268,1.25
13,8,1,0,3,0,248,1.76
13,8,1,0,4,0,254,0.0
13,8,1,0,5,0,310,2.62
13,8,1,0,6,0,420,0.0
13,8,1,0,7,0,852,2.75
13,8,1,0,8,1,1507,6.85
13,8,1,0,9,1,1697,8.37
13,8,1,0,10,1,1278,5.2
13,8,1,0,11,1,905,4.35
13,8,1,0,12,0,436,1.86
13,8,1,0,13,0,279,0.0
13,8,1,0,14,0,276,2.11
13,8,1,0,15,0,351,0.0
13,8,1,0,16,0,724,4.14
13,8,1,0,17,1,1458,5.42
13,8,1,0,18,1,1716,8.11
13,8,1,0,19,1,1830,6.93
13,8,1,0,20,1,1252,4.07
13,8,1,0,21,0,636,2.34
13,8,1,0,22,0,432,0.65
13,8,1,0,23,0,244,0.0
13,9,2,0,0,0,259,1.68
13,9,2,0,1,0,274,2.69
13,9,2,0,2,0,255,2.0
13,9,2,0,3,0,234,1.97
13,9,2,0,4,0,249,2.27
13,9,2,0,5,0,285,0.43
13,9,2,0,6,0,371,0.73
13,9,2,0,7,0,811,2.02
13,9,2,0,8,1,1396,7.22
13,9,2,0,9,1,1908,8.35
13,9,2,0,10,1,1567,4.37
13,9,2,0,11,1,882,1.49
13,9,2,0,12,0,407,0.41
13,9,2,0,13,0,296,0.0
13,9,2,0,14,0,240,0.0
13,9,2,0,15,0,363,0.6
13,9,2,0,16,0,663,3.68
13,9,2,0,17,1,1247,7.31
13,9,2,0,18,1,1782,8.45
13,9,2,0,19,1,1831,5.98
13,9,2,0,20,1,1203,6.3
13,9,2,0,21,0,601,3.13
13,9,2,0,22,0,379,0.4
13,9,2,0,23,0,270,3.51
13,10,3,0,0,0,214,0.0
13,10,3,0,1,0,210,0.18
13,10,3,0,2,0,236,1.18
13,10,3,0,3,0,239,1.63
13,10,3,0,4,0,236,4.09
13,10,3,0,5,0,290,1.93
13,10,3,0,6,0,427,0.14
13,10,3,0,7,0,783,2.83
13,10,3,0,8,1,1360,4.92
13,10,3,0,9,1,1860,7.35
13,10,3,0,10,1,1447,3.25
13,10,3,0,11,1,687,1.33
13,10,3,0,12,0,460,4.85
13,10,3,0,13,0,302,0.62
13,10,3,0,14,0,289,3.05
13,10,3,0,15,0,442,0.04
13,10,3,0,16,0,712,2.36
13,10,3,0,17,1,1314,5.33
13,10,3,0,18,1,1610,7.03
13,10,3,0,19,1,1653,6.56
13,10,3,0,20,1,1256,7.55
13,10,3,0,21,0,719,2.74
13,10,3,0,22,0,407,0.3
13,10,3,0,23,0,278,2.06
13,11,4,0,0,0,260,0.25
13,11,4,0,1,0,256,2.04
13,11,4,0,2,0,231,0.02
13,11,4,0,3,0,242,4.46
13,11,4,0,4,0,237,1.44
13,11,4,0,5,0,268,0.0
13,11,4,0,6,0,429,0.0
13,11,4,0,7,0,891,2.0
13,11,4,0,8,1,1338,6.21
13,11,4,0,9,1,1849,7.75
13,11,4,0,10,1,1353,3.02
13,11,4,0,11,1,793,1.9
13,11,4,0,12,0,485,2.14
13,11,4,0,13,0,251,0.51
13,11,4,0,14,0,296,2.93
13,11,4,0,15,0,376,1.33
13,11,4,0,16,0,733,1.53
13,11,4,0,17,1,1290,5.59
13,11,4,0,18,1,1825,7.24
13,11,4,0,19,1,1531,6.47
13,11,4,0,20,1,1167,7.26
13,11,4,0,21,0,799,1.48
13,11,4,0,22,0,359,0.0
13,11,4,0,23,0,292,0.31
13,12,5,1,0,0,140,0.0
13,12,5,1,1,0,119,0.79
13,12,5,1,2,0,151,0.56
13,12,5,1,3,0,125,0.28
13,12,5,1,4,0,144,0.27
13,12,5,1,5,0,138,3.58
13,12,5,1,6,0,196,4.2
13,12,5,1,7,0,436,3.09
13,12,5,1,8,1,790,1.84
13,12,5,1,9,1,1061,5.17
13,12,5,1,10,1,771,4.18
13,12,5,1,11,1,434,0.0
13,12,5,1,12,0,193,0.74
13,12,5,1,13,0,150,0.47
13,12,5,1,14,0,149,0.0
13,12,5,1,15,0,188,0.0
13,12,5,1,16,0,409,0.41
13,12,5,1,17,1,748,1.44
13,12,5,1,18,1,1054,3.44
13,12,5,1,19,1,939,3.31
13,12,5,1,20,1,722,3.27
13,12,5,1,21,0,390,1.44
13,12,5,1,22,0,202,2.45
13,12,5,1,23,0,153,1.47
13,13,6,1,0,0,139,0.0
13,13,6,1,1,0,163,2.5
13,13,6,1,2,0,131,3.6
13,13,6,1,3,0,147,0.0
13,13,6,1,4,0,148,1.22
13,13,6,1,5,0,154,2.14
13,13,6,1,6,0,229,0.0
13,13,6,1,7,0,392,0.28
13,13,6,1,8,1,901,4.58
13,13,6,1,9,1,1001,4.17
13,13,6,1,10,1,720,0.7
13,13,6,1,11,1,474,4.39
13,13,6,1,12,0,236,0.21
13,13,6,1,13,0,149,1.64
13,13,6,1,14,0,152,0.37
13,13,6,1,15,0,202,0.0
13,13,6,1,16,0,382,0.0
13,13,6,1,17,1,724,0.1
13,13,6,1,18,1,1044,3.38
13,13,6,1,19,1,953,4.65
13,13,6,1,20,1,674,1.59
13,13,6,1,21,0,394,4.87
13,13,6,1,22,0,225,0.0
13,13,6,1,23,0,147,0.0
13,14,0,0,0,0,228,1.81
13,14,0,0,1,0,242,1.44
13,14,0,0,2,0,197,1.82
13,14,0,0,3,0,237,0.0
13,14,0,0,4,0,225,0.0
13,14,0,0,5,0,267,2.4
13,14,0,0,6,0,392,3.04
13,14,0,0,7,0,817,6.0
13,14,0,0,8,1,1357,6.05
13,14,0,0,9,1,1918,8.62
13,14,0,0,10,1,1394,4.84
13,14,0,0,11,1,675,2.34
13,14,0,0,12,0,377,0.7
13,14,0,0,13,0,281,0.0
13,14,0,0,14,0,257,1.61
13,14,0,0,15,0,346,1.32
13,14,0,0,16,0,622,3.28
13,14,0,0,17,1,1321,7.14
13,14,0,0,18,1,1925,8.11
13,14,0,0,19,1,1503,6.02
13,14,0,0,20,1,1301,5.39
13,14,0,0,21,0,794,5.12
13,14,0,0,22,0,386,2.66
13,14,0,0,23,0,244,1.26
13,15,1,0,0,0,224,0.63
13,15,1,0,1,0,235,0.0
13,15,1,0,2,0,233,0.33
13,15,1,0,3,0,237,1.9
13,15,1,0,4,0,246,0.92
13,15,1,0,5,0,283,1.56
13,15,1,0,6,0,372,1.09
13,15,1,0,7,0,814,1.93
13,15,1,0,8,1,1301,3.44
13,15,1,0,9,1,1772,6.65
13,15,1,0,10,1,1396,2.91
13,15,1,0,11,1,803,3.39
13,15,1,0,12,0,415,3.82
13,15,1,0,13,0,263,1.78
13,15,1,0,14,0,287,1.83
13,15,1,0,15,0,376,2.65
13,15,1,0,16,0,660,1.94
13,15,1,0,17,1,1237,4.6
13,15,1,0,18,1,1802,7.6
13,15,1,0,19,1,1788,9.13
13,15,1,0,20,1,1234,6.52
13,15,1,0,21,0,641,2.37
13,15,1,0,22,0,383,0.0
13,15,1,0,23,0,277,1.28
13,16,2,0,0,0,261,1.77
13,16,2,0,1,0,223,2.69
13,16,2,0,2,0,240,0.05
13,16,2,0,3,0,259,2.31
13,16,2,0,4,0,242,0.9
13,16,2,0,5,0,296,0.0
13,16,2,0,6,0,315,2.07
13,16,2,0,7,0,857,1.04
13,16,2,0,8,1,1411,4.9
13,16,2,0,9,1,1762,3.95
13,16,2,0,10,1,1270,5.75
13,16,2,0,11,1,790,5.42
13,16,2,0,12,0,426,0.26
13,16,2,0,13,0,296,3.75
13,16,2,0,14,0,277,1.71
13,16,2,0,15,0,411,1.39
13,16,2,0,16,0,582,3.16
13,16,2,0,17,1,1335,7.53
13,16,2,0,18,1,1596,4.8
13,16,2,0,19,1,1654,6.36
13,16,2,0,20,1,1309,3.55
13,16,2,0,21,0,754,4.36
13,16,2,0,22,0,414,1.19
13,16,2,0,23,0,227,3.31
13,17,3,0,0,0,237,2.02
13,17,3,0,1,0,251,2.7
13,17,3,0,2,0,248,1.1
13,17,3,0,3,0,252,1.63
13,17,3,0,4,0,227,3.72
13,17,3,0,5,0,275,1.96
13,17,3,0,6,0,456,1.81
13,17,3,0,7,0,735,1.4
13,17,3,0,8,1,1362,5.95
13,17,3,0,9,1,1805,8.91
13,17,3,0,10,1,1239,5.29
13,17,3,0,11,1,838,4.22
13,17,3,0,12,0,328,0.75
13,17,3,0,13,0,298,0.0
13,17,3,0,14,0,253,1.86
13,17,3,0,15,0,394,1.92
13,17,3,0,16,0,665,0.69
13,17,3,0,17,1,1351,10.41
13,17,3,0,18,1,1523,7.62
13,17,3,0,19,1,1726,7.38
13,17,3,0,20,1,1249,8.29
13,17,3,0,21,0,656,1.72
13,17,3,0,22,0,387,2.4
13,17,3,0,23,0,306,1.96
13,18,4,0,0,0,253,0.35
13,18,4,0,1,0,259,0.0
13,18,4,0,2,0,253,0.69
13,18,4,0,3,0,229,3.25
13,18,4,0,4,0,232,0.34
13,18,4,0,5,0,241,0.71
13,18,4,0,6,0,420,0.32
13,18,4,0,7,0,682,2.17
13,18,4,0,8,1,1396,5.23
13,18,4,0,9,1,1965,8.36
13,18,4,0,10,1,1442,6.26
13,18,4,0,11,1,820,2.62
13,18,4,0,12,0,376,5.21
13,18,4,0,13,0,277,1.14
13,18,4,0,14,0,280,0.0
13,18,4,0,15,0,391,0.0
13,18,4,0,16,0,741,2.58
13,18,4,0,17,1,1368,6.25
13,18,4,0,18,1,1805,6.03
13,18,4,0,19,1,1760,8.17
13,18,4,0,20,1,1267,3.03
13,18,4,0,21,0,756,4.16
13,18,4,0,22,0,339,1.54
13,18,4,0,23,0,294,0.28
13,19,5,1,0,0,122,0.0
13,19,5,1,1,0,135,1.94
13,19,5,1,2,0,125,0.0
13,19,5,1,3,0,133,1.56
13,19,5,1,4,0,158,0.76
13,19,5,1,5,0,143,0.0
13,19,5,1,6,0,248,0.0
13,19,5,1,7,0,446,3.76
13,19,5,1,8,1,767,1.45
13,19,5,1,9,1,1000,4.16
13,19,5,1,10,1,806,4.09
13,19,5,1,11,1,457,2.27
13,19,5,1,12,0,236,2.97
13,19,5,1,13,0,144,0.18
13,19,5,1,14,0,163,0.54
13,19,5,1,15,0,190,1.26
13,19,5,1,16,0,370,4.66
13,19,5,1,17,1,745,4.72
13,19,5,1,18,1,966,4.33
13,19,5,1,19,1,936,2.49
13,19,5,1,20,1,640,5.76
13,19,5,1,21,0,398,0.0
13,19,5,1,22,0,228,4.85
13,19,5,1,23,0,133,1.43
13,20,6,1,0,0,124,2.23
13,20,6,1,1,0,113,0.57
13,20,6,1,2,0,141,0.0
13,20,6,1,3,0,142,0.0
13,20,6,1,4,0,157,0.0
13,20,6,1,5,0,163,0.5
13,20,6,1,6,0,246,2.96
13,20,6,1,7,0,430,1.65
13,20,6,1,8,1,834,4.12
13,20,6,1,9,1,950,2.55
13,20,6,1,10,1,800,1.53
13,20,6,1,11,1,462,3.51
13,20,6,1,12,0,209,0.21
13,20,6,1,13,0,146,2.16
13,20,6,1,14,0,154,0.07
13,20,6,1,15,0,223,0.17
13,20,6,1,16,0,379,0.0
13,20,6,1,17,1,736,1.31
13,20,6,1,18,1,1073,4.65
13,20,6,1,19,1,950,3.78
13,20,6,1,20,1,785,1.12
13,20,6,1,21,0,346,2.82
13,20,6,1,22,0,196,0.0
13,20,6,1,23,0,146,2.27
13,21,0,0,0,0,265,0.85
13,21,0,0,1,0,257,1.59
13,21,0,0,2,0,229,0.0
13,21,0,0,3,0,208,3.07
13,21,0,0,4,0,238,0.97
13,21,0,0,5,0,288,0.0
13,21,0,0,6,0,379,0.13
13,21,0,0,7,0,614,2.36
13,21,0,0,8,1,1678,5.92
13,21,0,0,9,1,1674,6.14
13,21,0,0,10,1,1449,7.12
13,21,0,0,11,1,745,3.67
13,21,0,0,12,0,404,2.06
13,21,0,0,13,0,290,0.0
13,21,0,0,14,0,267,1.76
13,21,0,0,15,0,381,2.71
13,21,0,0,16,0,688,4.27
13,21,0,0,17,1,1058,4.72
13,21,0,0,18,1,1570,7.96
13,21,0,0,19,1,1729,6.41
13,21,0,0,20,1,1172,5.68
13,21,0,0,21,0,733,2.51
13,21,0,0,22,0,405,1.95
13,21,0,0,23,0,278,2.29
13,22,1,0,0,0,285,1.56
13,22,1,0,1,0,254,2.39
13,22,1,0,2,0,230,0.65
13,22,1,0,3,0,241,1.41
13,22,1,0,4,0,256,3.66
13,22,1,0,5,0,309,0.0
13,22,1,0,6,0,418,2.73
13,22,1,0,7,0,804,2.44
13,22,1,0,8,1,1569,6.77
13,22,1,0,9,1,1598,7.86
13,22,1,0,10,1,1466,4.9
13,22,1,0,11,1,750,1.81
13,22,1,0,12,0,445,2.66
13,22,1,0,13,0,301,1.51
13,22,1,0,14,0,264,0.0
13,22,1,0,15,0,418,2.34
13,22,1,0,16,0,686,2.78
13,22,1,0,17,1,1355,6.26
13,22,1,0,18,1,1737,6.88
13,22,1,0,19,1,1667,6.7
13,22,1,0,20,1,1226,4.83
13,22,1,0,21,0,671,0.67
13,22,1,0,22,0,414,2.52
13,22,1,0,23,0,270,0.6
13,23,2,0,0,0,221,2.48
13,23,2,0,1,0,274,0.96
13,23,2,0,2,0,255,0.0
13,23,2,0,3,0,251,0.0
13,23,2,0,4,0,238,0.52
13,23,2,0,5,0,267,0.88
13,23,2,0,6,0,441,0.0
13,23,2,0,7,0,765,4.01
13,23,2,0,8,1,1435,4.57
13,23,2,0,9,1,2038,12.2
13,23,2,0,10,1,1412,4.16
13,23,2,0,11,1,783,1.44
13,23,2,0,12,0,420,2.54
13,23,2,0,13,0,302,1.81
13,23,2,0,14,0,284,0.0
13,23,2,0,15,0,347,0.0
13,23,2,0,16,0,705,4.11
13,23,2,0,17,1,1371,6.74
13,23,2,0,18,1,1699,9.58
13,23,2,0,19,1,1617,4.97
13,23,2,0,20,1,1332,7.44
13,23,2,0,21,0,802,4.7
13,23,2,0,22,0,408,2.85
13,23,2,0,23,0,270,0.0
13,24,3,0,0,0,254,0.0
13,24,3,0,1,0,243,0.18
13,24,3,0,2,0,260,1.37
13,24,3,0,3,0,279,2.35
13,24,3,0,4,0,239,1.96
13,24,3,0,5,0,238,2.05
13,24,3,0,6,0,382,0.62
13,24,3,0,7,0,885,4.12
13,24,3,0,8,1,1391,7.09
13,24,3,0,9,1,1950,6.3
13,24,3,0,10,1,1333,6.55
13,24,3,0,11,1,818,0.48
13,24,3,0,12,0,465,1.14
13,24,3,0,13,0,257,1.05
13,24,3,0,14,0,299,2.9
13,24,3,0,15,0,387,5.35
13,24,3,0,16,0,859,4.11
13,24,3,0,17,1,1249,4.49
13,24,3,0,18,1,1729,9.16
13,24,3,0,19,1,1797,8.49
13,24,3,0,20,1,1325,6.21
13,24,3,0,21,0,762,4.29
13,24,3,0,22,0,400,4.37
13,24,3,0,23,0,247,1.41
13,25,4,0,0,0,238,2.33
13,25,4,0,1,0,216,1.21
13,25,4,0,2,0,258,2.87
13,25,4,0,3,0,240,5.15
13,25,4,0,4,0,240,0.0
13,25,4,0,5,0,290,0.97
13,25,4,0,6,0,466,0.0
13,25,4,0,7,0,801,4.43
13,25,4,0,8,1,1338,3.26
13,25,4,0,9,1,1946,6.52
13,25,4,0,10,1,1531,4.74
13,25,4,0,11,1,778,4.25
13,25,4,0,12,0,418,0.27
13,25,4,0,13,0,292,0.0
13,25,4,0,14,0,252,3.63
13,25,4,0,15,0,380,2.6
13,25,4,0,16,0,740,2.44
13,25,4,0,17,1,1267,3.31
13,25,4,0,18,1,1768,6.34
13,25,4,0,19,1,2043,7.12
13,25,4,0,20,1,1307,4.82
13,25,4,0,21,0,747,0.95
13,25,4,0,22,0,381,2.41
13,25,4,0,23,0,281,1.87
13,26,5,1,0,0,127,0.0
13,26,5,1,1,0,136,1.71
13,26,5,1,2,0,152,0.0
13,26,5,1,3,0,133,0.0
13,26,5,1,4,0,130,0.92
13,26,5,1,5,0,152,0.0
13,26,5,1,6,0,202,1.5
13,26,5,1,7,0,401,0.56
13,26,5,1,8,1,835,3.6
13,26,5,1,9,1,1078,4.15
13,26,5,1,10,1,916,3.39
13,26,5,1,11,1,481,0.66
13,26,5,1,12,0,212,3.39
13,26,5,1,13,0,145,0.25
13,26,5,1,14,0,145,2.27
13,26,5,1,15,0,191,2.73
13,26,5,1,16,0,393,1.85
13,26,5,1,17,1,687,4.62
13,26,5,1,18,1,945,2.71
13,26,5,1,19,1,1002,3.88
13,26,5,1,20,1,798,4.56
13,26,5,1,21,0,396,3.74
13,26,5,1,22,0,187,1.59
13,26,5,1,23,0,153,0.31
13,27,6,1,0,0,133,2.2
13,27,6,1,1,0,116,1.17
13,27,6,1,2,0,121,0.12
13,27,6,1,3,0,136,2.97
13,27,6,1,4,0,132,0.61
13,27,6,1,5,0,137,1.31
13,27,6,1,6,0,199,0.0
13,27,6,1,7,0,386,1.12
13,27,6,1,8,1,763,4.75
13,27,6,1,9,1,1076,6.55
13,27,6,1,10,1,849,6.51
13,27,6,1,11,1,455,2.52
13,27,6,1,12,0,256,0.0
13,27,6,1,13,0,165,0.59
13,27,6,1,14,0,170,2.45
13,27,6,1,15,0,209,0.0
13,27,6,1,16,0,427,1.0
13,27,6,1,17,1,697,1.11
13,27,6,1,18,1,935,5.26
13,27,6,1,19,1,992,2.84
13,27,6,1,20,1,586,3.38
13,27,6,1,21,0,372,1.75
13,27,6,1,22,0,209,0.2
13,27,6,1,23,0,159,0.0
13,28,0,0,0,0,252,1.63
13,28,0,0,1,0,276,1.18
13,28,0,0,2,0,225,1.91
13,28,0,0,3,0,231,0.0
13,28,0,0,4,0,242,0.69
13,28,0,0,5,0,305,2.2
13,28,0,0,6,0,371,3.75
13,28,0,0,7,0,867,4.09
13,28,0,0,8,1,1151,3.34
13,28,0,0,9,1,1745,9.46
13,28,0,0,10,1,1563,4.8
13,28,0,0,11,1,691,2.49
13,28,0,0,12,0,411,0.0
13,28,0,0,13,0,260,4.21
13,28,0,0,14,0,271,0.63
13,28,0,0,15,0,472,1.38
13,28,0,0,16,0,644,1.51
13,28,0,0,17,1,1284,4.42
13,28,0,0,18,1,1732,6.86
13,28,0,0,19,1,2191,9.83
13,28,0,0,20,1,1160,4.38
13,28,0,0,21,0,746,4.61
13,28,0,0,22,0,335,0.0
13,28,0,0,23,0,287,0.19
13,29,1,0,0,0,233,1.21
13,29,1,0,1,0,264,0.7
13,29,1,0,2,0,210,0.05
13,29,1,0,3,0,226,1.75
13,29,1,0,4,0,293,1.6
13,29,1,0,5,0,286,2.36
13,29,1,0,6,0,450,0.93
13,29,1,0,7,0,795,4.6
13,29,1,0,8,1,1307,2.96
13,29,1,0,9,1,1679,8.6
13,29,1,0,10,1,1429,5.02
13,29,1,0,11,1,864,4.29
13,29,1,0,12,0,381,1.24
13,29,1,0,13,0,257,1.24
13,29,1,0,14,0,293,0.0
13,29,1,0,15,0,354,3.93
13,29,1,0,16,0,682,5.22
13,29,1,0,17,1,1127,3.71
13,29,1,0,18,1,1781,6.65
13,29,1,0,19,1,1927,7.53
13,29,1,0,20,1,1327,3.67
13,29,1,0,21,0,716,2.39
13,29,1,0,22,0,354,2.12
13,29,1,0,23,0,306,0.33
13,30,2,0,0,0,257,0.71
13,30,2,0,1,0,251,2.26
13,30,2,0,2,0,277,2.97
13,30,2,0,3,0,234,0.0
13,30,2,0,4,0,211,1.79
13,30,2,0,5,0,264,2.65
13,30,2,0,6,0,373,2.16
13,30,2,0,7,0,686,3.5
13,30,2,0,8,1,1458,4.18
13,30,2,0,9,1,1771,10.19
13,30,2,0,10,1,1491,10.4
13,30,2,0,11,1,809,4.1
13,30,2,0,12,0,391,1.93
13,30,2,0,13,0,258,2.39
13,30,2,0,14,0,261,3.54
13,30,2,0,15,0,344,0.92
13,30,2,0,16,0,687,1.07
13,30,2,0,17,1,1279,4.32
13,30,2,0,18,1,1947,6.57
13,30,2,0,19,1,1809,7.11
13,30,2,0,20,1,1234,5.07
13,30,2,0,21,0,741,0.13
13,30,2,0,22,0,386,0.31
13,30,2,0,23,0,260,1.41
13,31,3,0,0,0,271,3.41
13,31,3,0,1,0,237,0.0
13,31,3,0,2,0,250,0.0
13,31,3,0,3,0,258,0.0
13,31,3,0,4,0,259,0.0
13,31,3,0,5,0,250,0.0
13,31,3,0,6,0,419,0.0
13,31,3,0,7,0,834,6.0
13,31,3,0,8,1,1602,4.01
13,31,3,0,9,1,1556,6.95
13,31,3,0,10,1,1292,6.1
13,31,3,0,11,1,689,2.65
13,31,3,0,12,0,437,0.0
13,31,3,0,13,0,277,0.91
13,31,3,0,14,0,293,0.17
13,31,3,0,15,0,341,0.0
13,31,3,0,16,0,775,4.35
13,31,3,0,17,1,1253,4.94
13,31,3,0,18,1,1810,8.69
13,31,3,0,19,1,1468,3.2
13,31,3,0,20,1,1062,3.73
13,31,3,0,21,0,711,4.36
13,31,3,0,22,0,295,0.0
13,31,3,0,23,0,279,1.5
13,32,4,0,0,0,245,0.0
13,32,4,0,1,0,235,0.73
13,32,4,0,2,0,214,0.0
13,32,4,0,3,0,221,1.64
13,32,4,0,4,0,233,0.0
13,32,4,0,5,0,265,2.19
13,32,4,0,6,0,406,3.28
13,32,4,0,7,0,859,2.31
13,32,4,0,8,1,1428,7.36
13,32,4,0,9,1,1677,7.07
13,32,4,0,10,1,1311,4.91
13,32,4,0,11,1,782,4.07
13,32,4,0,12,0,394,1.9
13,32,4,0,13,0,288,0.0
13,32,4,0,14,0,270,1.77
13,32,4,0,15,0,442,0.0
13,32,4,0,16,0,730,4.74
13,32,4,0,17,1,1265,3.71
13,32,4,0,18,1,1743,5.52
13,32,4,0,19,1,1680,7.3
13,32,4,0,20,1,1249,5.29
13,32,4,0,21,0,635,1.62
13,32,4,0,22,0,404,0.0
13,32,4,0,23,0,247,0.53
13,33,5,1,0,0,131,1.68
13,33,5,1,1,0,110,0.32
13,33,5,1,2,0,152,1.1
13,33,5,1,3,0,120,4.12
13,33,5,1,4,0,132,0.0
13,33,5,1,5,0,162,0.0
13,33,5,1,6,0,257,2.11
13,33,5,1,7,0,514,0.48
13,33,5,1,8,1,857,2.21
13,33,5,1,9,1,985,4.2
13,33,5,1,10,1,863,4.67
13,33,5,1,11,1,423,3.32
13,33,5,1,12,0,222,1.93
13,33,5,1,13,0,157,0.31
13,33,5,1,14,0,137,0.85
13,33,5,1,15,0,200,0.0
13,33,5,1,16,0,411,0.7
13,33,5,1,17,1,590,2.36
13,33,5,1,18,1,951,3.71
13,33,5,1,19,1,957,2.32
13,33,5,1,20,1,668,4.23
13,33,5,1,21,0,412,1.12
13,33,5,1,22,0,221,1.02
13,33,5,1,23,0,148,2.46
13,34,6,1,0,0,127,0.97
13,34,6,1,1,0,118,1.01
13,34,6,1,2,0,129,0.0
13,34,6,1,3,0,133,0.0
13,34,6,1,4,0,120,1.73
13,34,6,1,5,0,153,2.8
13,34,6,1,6,0,199,2.07
13,34,6,1,7,0,455,3.57
13,34,6,1,8,1,770,3.25
13,34,6,1,9,1,892,3.16
13,34,6,1,10,1,747,1.0
13,34,6,1,11,1,444,3.19
13,34,6,1,12,0,245,0.0
13,34,6,1,13,0,153,0.41
13,34,6,1,14,0,171,3.36
13,34,6,1,15,0,189,1.49
13,34,6,1,16,0,402,1.31
13,34,6,1,17,1,620,3.54
13,34,6,1,18,1,1056,3.4
13,34,6,1,19,1,1054,4.22
13,34,6,1,20,1,769,5.21
13,34,6,1,21,0,385,2.17
13,34,6,1,22,0,200,0.0
13,34,6,1,23,0,155,0.0
13,35,0,0,0,0,290,2.87
13,35,0,0,1,0,246,4.98
13,35,0,0,2,0,236,0.36
13,35,0,0,3,0,241,0.87
13,35,0,0,4,0,245,1.66
13,35,0,0,5,0,254,1.21
13,35,0,0,6,0,389,1.65
13,35,0,0,7,0,730,1.62
13,35,0,0,8,1,1654,5.23
13,35,0,0,9,1,1817,6.46
13,35,0,0,10,1,1298,5.29
13,35,0,0,11,1,743,3.75
13,35,0,0,12,0,403,3.62
13,35,0,0,13,0,251,1.42
13,35,0,0,14,0,287,0.0
13,35,0,0,15,0,365,0.0
13,35,0,0,16,0,613,2.27
13,35,0,0,17,1,1336,5.15
13,35,0,0,18,1,1738,5.0
13,35,0,0,19,1,1456,6.34
13,35,0,0,20,1,1189,2.05
13,35,0,0,21,0,670,3.05
13,35,0,0,22,0,397,1.89
13,35,0,0,23,0,261,1.94
13,36,1,0,0,0,248,0.0
13,36,1,0,1,0,226,1.2
13,36,1,0,2,0,266,1.95
13,36,1,0,3,0,252,1.96
13,36,1,0,4,0,299,1.63
13,36,1,0,5,0,280,1.94
13,36,1,0,6,0,431,0.0
13,36,1,0,7,0,810,4.75
13,36,1,0,8,1,1611,6.47
13,36,1,0,9,1,1681,6.97
13,36,1,0,10,1,1340,7.71
13,36,1,0,11,1,830,3.24
13,36,1,0,12,0,443,0.04
13,36,1,0,13,0,233,1.56
13,36,1,0,14,0,303,1.0
13,36,1,0,15,0,364,0.02
13,36,1,0,16,0,632,3.53
13,36,1,0,17,1,1337,6.73
13,36,1,0,18,1,1751,5.27
13,36,1,0,19,1,1650,7.5
13,36,1,0,20,1,1151,4.45
13,36,1,0,21,0,644,1.53
13,36,1,0,22,0,349,1.42
13,36,1,0,23,0,244,0.0
13,37,2,0,0,0,266,2.64
13,37,2,0,1,0,262,3.17
13,37,2,0,2,0,222,0.75
13,37,2,0,3,0,250,3.93
13,37,2,0,4,0,247,2.19
13,37,2,0,5,0,314,1.45
13,37,2,0,6,0,391,0.99
13,37,2,0,7,0,689,2.07
13,37,2,0,8,1,1253,6.19
13,37,2,0,9,1,1526,6.69
13,37,2,0,10,1,1542,7.26
13,37,2,0,11,1,768,4.22
13,37,2,0,12,0,407,0.94
13,37,2,0,13,0,272,1.75
13,37,2,0,14,0,244,0.22
13,37,2,0,15,0,397,0.82
13,37,2,0,16,0,628,1.18
13,37,2,0,17,1,1272,5.81
13,37,2,0,18,1,1902,8.78
13,37,2,0,19,1,1858,4.55
13,37,2,0,20,1,1331,4.55
13,37,2,0,21,0,620,3.32
13,37,2,0,22,0,390,2.89
13,37,2,0,23,0,264,1.05
13,38,3,0,0,0,213,3.79
13,38,3,0,1,0,222,0.0
13,38,3,0,2,0,228,1.22
13,38,3,0,3,0,232,2.55
13,38,3,0,4,0,258,0.0
13,38,3,0,5,0,293,2.54
13,38,3,0,6,0,383,0.0
13,38,3,0,7,0,824,4.28
13,38,3,0,8,1,1300,6.59
13,38,3,0,9,1,1664,8.43
13,38,3,0,10,1,1235,3.84
13,38,3,0,11,1,786,1.66
13,38,3,0,12,0,406,1.1
13,38,3,0,13,0,275,0.49
13,38,3,0,14,0,250,0.97
13,38,3,0,15,0,381,0.01
13,38,3,0,16,0,771,3.56
13,38,3,0,17,1,1327,4.09
13,38,3,0,18,1,1427,8.32
13,38,3,0,19,1,1774,7.64
13,38,3,0,20,1,1287,5.75
13,38,3,0,21,0,641,1.02
13,38,3,0,22,0,353,2.24
13,38,3,0,23,0,249,0.0
13,39,4,0,0,0,236,0.54
13,39,4,0,1,0,248,0.26
13,39,4,0,2,0,258,2.78
13,39,4,0,3,0,250,2.74
13,39,4,0,4,0,263,0.0
13,39,4,0,5,0,257,0.0
13,39,4,0,6,0,400,1.18
13,39,4,0,7,0,837,3.11
13,39,4,0,8,1,1441,4.01
13,39,4,0,9,1,1778,6.39
13,39,4,0,10,1,1351,4.43
13,39,4,0,11,1,895,1.81
13,39,4,0,12,0,429,1.65
13,39,4,0,13,0,249,0.55
13,39,4,0,14,0,227,3.49
13,39,4,0,15,0,374,3.17
13,39,4,0,16,0,776,2.25
13,39,4,0,17,1,1258,5.31
13,39,4,0,18,1,2016,7.78
13,39,4,0,19,1,1743,4.87
13,39,4,0,20,1,1165,3.91
13,39,4,0,21,0,774,5.94
13,39,4,0,22,0,400,2.13
13,39,4,0,23,0,291,0.14
13,40,5,1,0,0,152,0.0
13,40,5,1,1,0,132,1.51
13,40,5,1,2,0,131,4.23
13,40,5,1,3,0,144,2.05
13,40,5,1,4,0,130,1.97
13,40,5,1,5,0,161,2.99
13,40,5,1,6,0,184,0.0
13,40,5,1,7,0,451,2.35
13,40,5,1,8,1,774,0.8
13,40,5,1,9,1,974,4.36
13,40,5,1,10,1,777,3.05
13,40,5,1,11,1,472,1.66
13,40,5,1,12,0,201,2.91
13,40,5,1,13,0,170,0.62
13,40,5,1,14,0,164,0.0
13,40,5,1,15,0,209,0.0
13,40,5,1,16,0,420,0.0
13,40,5,1,17,1,667,2.99
13,40,5,1,18,1,1026,4.89
13,40,5,1,19,1,1050,5.41
13,40,5,1,20,1,762,0.42
13,40,5,1,21,0,370,2.16
13,40,5,1,22,0,238,0.19
13,40,5,1,23,0,176,1.23
13,41,6,1,0,0,129,0.0
13,41,6,1,1,0,145,0.0
13,41,6,1,2,0,134,0.78
13,41,6,1,3,0,139,3.42
13,41,6,1,4,0,143,0.0
13,41,6,1,5,0,143,3.07
13,41,6,1,6,0,214,1.73
13,41,6,1,7,0,446,2.41
13,41,6,1,8,1,864,3.88
13,41,6,1,9,1,1022,4.55
13,41,6,1,10,1,749,3.74
13,41,6,1,11,1,416,0.0
13,41,6,1,12,0,234,1.63
13,41,6,1,13,0,158,0.6
13,41,6,1,14,0,152,0.0
13,41,6,1,15,0,180,2.05
13,41,6,1,16,0,412,1.27
13,41,6,1,17,1,771,3.83
13,41,6,1,18,1,988,6.98
13,41,6,1,19,1,866,3.39
13,41,6,1,20,1,643,2.02
13,41,6,1,21,0,383,1.47
13,41,6,1,22,0,193,0.87
13,41,6,1,23,0,142,2.36
13,42,0,0,0,0,264,1.57
13,42,0,0,1,0,239,1.19
13,42,0,0,2,0,263,0.54
13,42,0,0,3,0,217,1.95
13,42,0,0,4,0,262,1.53
13,42,0,0,5,0,259,2.48
13,42,0,0,6,0,444,2.2
13,42,0,0,7,0,773,2.53
13,42,0,0,8,1,1369,4.81
13,42,0,0,9,1,1695,7.26
13,42,0,0,10,1,1515,8.24
13,42,0,0,11,1,740,1.84
13,42,0,0,12,0,434,0.37
13,42,0,0,13,0,254,0.0
13,42,0,0,14,0,275,3.55
13,42,0,0,15,0,381,1.94
13,42,0,0,16,0,634,4.15
13,42,0,0,17,1,1343,4.67
13,42,0,0,18,1,1654,8.05
13,42,0,0,19,1,1718,5.88
13,42,0,0,20,1,1218,5.23
13,42,0,0,21,0,742,3.45
13,42,0,0,22,0,393,1.21
13,42,0,0,23,0,279,0.53
13,43,1,0,0,0,243,3.1
13,43,1,0,1,0,250,0.45
13,43,1,0,2,0,235,0.0
13,43,1,0,3,0,291,4.46
13,43,1,0,4,0,264,0.0
13,43,1,0,5,0,337,0.0
13,43,1,0,6,0,419,0.0
13,43,1,0,7,0,660,2.99
13,43,1,0,8,1,1454,5.99
13,43,1,0,9,1,1952,7.74
13,43,1,0,10,1,1505,4.85
13,43,1,0,11,1,882,5.6
13,43,1,0,12,0,398,2.15
13,43,1,0,13,0,264,0.73
13,43,1,0,14,0,296,1.91
13,43,1,0,15,0,332,0.0
13,43,1,0,16,0,668,3.0
13,43,1,0,17,1,1163,2.53
13,43,1,0,18,1,1382,8.66
13,43,1,0,19,1,1778,4.95
13,43,1,0,20,1,1359,7.68
13,43,1,0,21,0,713,3.79
13,43,1,0,22,0,425,2.61
13,43,1,0,23,0,290,0.0
13,44,2,0,0,0,194,2.07
13,44,2,0,1,0,244,0.29
13,44,2,0,2,0,268,0.0
13,44,2,0,3,0,248,1.08
13,44,2,0,4,0,266,1.58
13,44,2,0,5,0,284,0.53
13,44,2,0,6,0,394,2.09
13,44,2,0,7,0,767,1.83
13,44,2,0,8,1,1559,5.22
13,44,2,0,9,1,1680,8.56
13,44,2,0,10,1,1335,5.82
13,44,2,0,11,1,825,3.16
13,44,2,0,12,0,394,0.0
13,44,2,0,13,0,294,2.83
13,44,2,0,14,0,301,1.76
13,44,2,0,15,0,324,2.45
13,44,2,0,16,0,695,1.89
13,44,2,0,17,1,1321,5.62
13,44,2,0,18,1,1891,8.08
13,44,2,0,19,1,1713,6.33
13,44,2,0,20,1,1317,3.26
13,44,2,0,21,0,673,0.0
13,44,2,0,22,0,398,2.56
13,44,2,0,23,0,259,0.0
13,45,3,0,0,0,268,0.0
13,45,3,0,1,0,262,1.03
13,45,3,0,2,0,238,1.82
13,45,3,0,3,0,250,3.24
13,45,3,0,4,0,237,0.0
13,45,3,0,5,0,276,1.82
13,45,3,0,6,0,400,4.3
13,45,3,0,7,0,876,2.72
13,45,3,0,8,1,1421,2.98
13,45,3,0,9,1,1891,6.54
13,45,3,0,10,1,1436,5.36
13,45,3,0,11,1,704,4.07
13,45,3,0,12,0,372,0.71
13,45,3,0,13,0,299,0.0
13,45,3,0,14,0,312,0.0
13,45,3,0,15,0,349,1.47
13,45,3,0,16,0,793,3.16
13,45,3,0,17,1,1354,3.4
13,45,3,0,18,1,1699,6.34
13,45,3,0,19,1,1573,3.91
13,45,3,0,20,1,1231,7.29
13,45,3,0,21,0,713,1.83
13,45,3,0,22,0,322,0.73
13,45,3,0,23,0,266,1.64
13,46,4,0,0,0,244,1.92
13,46,4,0,1,0,264,0.95
13,46,4,0,2,0,248,1.04
13,46,4,0,3,0,214,1.94
13,46,4,0,4,0,286,1.23
13,46,4,0,5,0,259,1.03
13,46,4,0,6,0,392,1.61
13,46,4,0,7,0,779,0.0
13,46,4,0,8,1,1424,9.03
13,46,4,0,9,1,1558,7.88
13,46,4,0,10,1,1459,4.46
13,46,4,0,11,1,713,3.25
13,46,4,0,12,0,418,0.0
13,46,4,0,13,0,301,0.46
13,46,4,0,14,0,290,2.21
13,46,4,0,15,0,413,0.17
13,46,4,0,16,0,814,1.87
13,46,4,0,17,1,1345,4.63
13,46,4,0,18,1,1757,6.84
13,46,4,0,19,1,1816,8.84
13,46,4,0,20,1,1194,3.46
13,46,4,0,21,0,585,2.61
13,46,4,0,22,0,380,1.68
13,46,4,0,23,0,274,2.23
13,47,5,1,0,0,131,1.05
13,47,5,1,1,0,136,0.0
13,47,5,1,2,0,129,1.9
13,47,5,1,3,0,146,1.69
13,47,5,1,4,0,136,0.0
13,47,5,1,5,0,131,0.13
13,47,5,1,6,0,196,2.5
13,47,5,1,7,0,411,1.23
13,47,5,1,8,1,885,5.09
13,47,5,1,9,1,986,4.28
13,47,5,1,10,1,730,4.06
13,47,5,1,11,1,447,1.58
13,47,5,1,12,0,235,1.93
13,47,5,1,13,0,142,1.94
13,47,5,1,14,0,152,0.73
13,47,5,1,15,0,189,0.0
13,47,5,1,16,0,340,4.95
13,47,5,1,17,1,815,0.71
13,47,5,1,18,1,846,2.62
13,47,5,1,19,1,1048,5.13
13,47,5,1,20,1,810,2.78
13,47,5,1,21,0,364,1.54
13,47,5,1,22,0,209,0.8
13,47,5,1,23,0,153,3.79
13,48,6,1,0,0,138,0.0
13,48,6,1,1,0,133,1.62
13,48,6,1,2,0,143,1.39
13,48,6,1,3,0,118,0.0
13,48,6,1,4,0,137,1.22
13,48,6,1,5,0,142,2.81
13,48,6,1,6,0,233,0.15
13,48,6,1,7,0,537,1.45
13,48,6,1,8,1,754,2.39
13,48,6,1,9,1,962,2.24
13,48,6,1,10,1,823,4.6
13,48,6,1,11,1,463,1.17
13,48,6,1,12,0,215,1.78
13,48,6,1,13,0,156,0.0
13,48,6,1,14,0,128,0.0
13,48,6,1,15,0,220,1.62
13,48,6,1,16,0,339,2.61
13,48,6,1,17,1,792,2.64
13,48,6,1,18,1,947,3.0
13,48,6,1,19,1,935,5.56
13,48,6,1,20,1,647,2.95
13,48,6,1,21,0,377,1.79
13,48,6,1,22,0,207,2.06
13,48,6,1,23,0,164,1.22
13,49,0,0,0,0,244,2.16
13,49,0,0,1,0,234,1.58
13,49,0,0,2,0,238,1.27
13,49,0,0,3,0,230,2.7
13,49,0,0,4,0,226,0.71
13,49,0,0,5,0,243,2.72
13,49,0,0,6,0,457,0.04
13,49,0,0,7,0,820,2.84
13,49,0,0,8,1,1471,8.25
13,49,0,0,9,1,1798,6.04
13,49,0,0,10,1,1335,4.81
13,49,0,0,11,1,752,4.15
13,49,0,0,12,0,434,3.63
13,49,0,0,13,0,270,2.81
13,49,0,0,14,0,317,0.0
13,49,0,0,15,0,370,1.32
13,49,0,0,16,0,747,5.0
13,49,0,0,17,1,1081,3.32
13,49,0,0,18,1,1911,6.37
13,49,0,0,19,1,1862,8.31
13,49,0,0,20,1,1333,6.52
13,49,0,0,21,0,677,2.31
13,49,0,0,22,0,374,1.83
13,49,0,0,23,0,229,1.64
13,50,1,0,0,0,283,1.43
13,50,1,0,1,0,246,1.09
13,50,1,0,2,0,259,2.75
13,50,1,0,3,0,248,0.74
13,50,1,0,4,0,224,0.97
13,50,1,0,5,0,250,0.18
13,50,1,0,6,0,435,3.27
13,50,1,0,7,0,828,5.13
13,50,1,0,8,1,1227,7.35
13,50,1,0,9,1,1626,6.96
13,50,1,0,10,1,1338,5.82
13,50,1,0,11,1,800,4.91
13,50,1,0,12,0,487,3.27
13,50,1,0,13,0,277,3.41
13,50,1,0,14,0,241,0.09
13,50,1,0,15,0,378,1.1
13,50,1,0,16,0,659,3.68
13,50,1,0,17,1,1255,4.82
13,50,1,0,18,1,1947,7.12
13,50,1,0,19,1,1894,7.16
13,50,1,0,20,1,1230,3.78
13,50,1,0,21,0,619,1.48
13,50,1,0,22,0,330,1.7
13,50,1,0,23,0,269,2.7
13,51,2,0,0,0,234,0.55
13,51,2,0,1,0,273,2.43
13,51,2,0,2,0,251,0.0
13,51,2,0,3,0,261,0.61
13,51,2,0,4,0,241,2.96
13,51,2,0,5,0,309,0.0
13,51,2,0,6,0,462,1.71
13,51,2,0,7,0,849,6.14
13,51,2,0,8,1,1395,5.97
13,51,2,0,9,1,1845,9.75
13,51,2,0,10,1,1416,6.88
13,51,2,0,11,1,749,0.77
13,51,2,0,12,0,385,0.52
13,51,2,0,13,0,302,1.1
13,51,2,0,14,0,265,0.0
13,51,2,0,15,0,372,2.86
13,51,2,0,16,0,651,2.41
13,51,2,0,17,1,1217,5.4
13,51,2,0,18,1,2008,7.05
13,51,2,0,19,1,1795,7.16
13,51,2,0,20,1,1208,4.91
13,51,2,0,21,0,803,3.11
13,51,2,0,22,0,383,0.96
13,51,2,0,23,0,285,0.0
13,52,3,0,0,0,251,1.67
13,52,3,0,1,0,232,3.32
13,52,3,0,2,0,280,4.49
13,52,3,0,3,0,260,1.66
13,52,3,0,4,0,250,1.1
13,52,3,0,5,0,297,1.21
13,52,3,0,6,0,401,2.44
13,52,3,0,7,0,759,5.41
13,52,3,0,8,1,1414,6.8
13,52,3,0,9,1,1632,6.46
13,52,3,0,10,1,1369,4.95
13,52,3,0,11,1,726,4.49
13,52,3,0,12,0,422,0.0
13,52,3,0,13,0,275,0.77
13,52,3,0,14,0,288,0.93
13,52,3,0,15,0,419,3.12
13,52,3,0,16,0,825,0.0
13,52,3,0,17,1,1392,6.76
13,52,3,0,18,1,1726,6.52
13,52,3,0,19,1,1738,7.32
13,52,3,0,20,1,1201,2.4
13,52,3,0,21,0,672,2.29
13,52,3,0,22,0,403,0.0
13,52,3,0,23,0,290,0.0
13,53,4,0,0,0,257,1.86
13,53,4,0,1,0,246,1.05
13,53,4,0,2,0,263,0.18
13,53,4,0,3,0,255,0.49
13,53,4,0,4,0,283,1.95
13,53,4,0,5,0,253,3.74
13,53,4,0,6,0,439,0.0
13,53,4,0,7,0,701,0.96
13,53,4,0,8,1,1302,5.43
13,53,4,0,9,1,1756,8.13
13,53,4,0,10,1,1378,5.12
13,53,4,0,11,1,806,4.91
13,53,4,0,12,0,345,1.0
13,53,4,0,13,0,309,1.34
13,53,4,0,14,0,273,0.0
13,53,4,0,15,0,413,0.93
13,53,4,0,16,0,673,4.74
13,53,4,0,17,1,1150,7.05
13,53,4,0,18,1,1774,7.13
13,53,4,0,19,1,1790,7.19
13,53,4,0,20,1,1202,5.32
13,53,4,0,21,0,673,3.33
13,53,4,0,22,0,456,2.81
13,53,4,0,23,0,272,1.47
13,54,5,1,0,0,133,0.26
13,54,5,1,1,0,135,1.25
13,54,5,1,2,0,147,3.75
13,54,5,1,3,0,144,0.0
13,54,5,1,4,0,124,0.4
13,54,5,1,5,0,164,0.34
13,54,5,1,6,0,220,2.23
13,54,5,1,7,0,438,3.3
13,54,5,1,8,1,683,3.45
13,54,5,1,9,1,823,3.69
13,54,5,1,10,1,833,0.89
13,54,5,1,11,1,358,2.71
13,54,5,1,12,0,231,0.0
13,54,5,1,13,0,157,0.0
13,54,5,1,14,0,151,0.2
13,54,5,1,15,0,189,2.11
13,54,5,1,16,0,353,1.55
13,54,5,1,17,1,726,1.66
13,54,5,1,18,1,941,3.0
13,54,5,1,19,1,1095,5.75
13,54,5,1,20,1,732,6.24
13,54,5,1,21,0,396,1.08
13,54,5,1,22,0,187,0.0
13,54,5,1,23,0,154,2.01
13,55,6,1,0,0,129,2.89
13,55,6,1,1,0,120,0.0
13,55,6,1,2,0,141,0.76
13,55,6,1,3,0,142,0.76
13,55,6,1,4,0,145,0.21
13,55,6,1,5,0,148,0.0
13,55,6,1,6,0,262,0.93
13,55,6,1,7,0,454,1.5
13,55,6,1,8,1,876,3.49
13,55,6,1,9,1,984,2.63
13,55,6,1,10,1,887,3.87
13,55,6,1,11,1,502,1.11
13,55,6,1,12,0,216,0.07
13,55,6,1,13,0,150,1.61
13,55,6,1,14,0,128,0.44
13,55,6,1,15,0,198,0.0
13,55,6,1,16,0,400,2.05
13,55,6,1,17,1,738,3.53
13,55,6,1,18,1,976,3.07
13,55,6,1,19,1,891,4.46
13,55,6,1,20,1,676,3.3
13,55,6,1,21,0,385,0.0
13,55,6,1,22,0,220,0.0
13,55,6,1,23,0,162,0.0
13,56,0,0,0,0,287,0.25
13,56,0,0,1,0,258,0.0
13,56,0,0,2,0,237,1.98
13,56,0,0,3,0,245,0.78
13,56,0,0,4,0,269,1.36
13,56,0,0,5,0,286,0.21
13,56,0,0,6,0,428,1.88
13,56,0,0,7,0,826,3.85
13,56,0,0,8,1,1541,6.92
13,56,0,0,9,1,1582,5.44
13,56,0,0,10,1,1439,6.35
13,56,0,0,11,1,714,1.37
13,56,0,0,12,0,442,4.72
13,56,0,0,13,0,243,1.36
13,56,0,0,14,0,280,2.64
13,56,0,0,15,0,400,2.84
13,56,0,0,16,0,573,2.28
13,56,0,0,17,1,1164,3.34
13,56,0,0,18,1,1578,6.65
13,56,0,0,19,1,1797,8.13
13,56,0,0,20,1,1215,6.94
13,56,0,0,21,0,649,0.45
13,56,0,0,22,0,392,0.54
13,56,0,0,23,0,288,0.17
13,57,1,0,0,0,237,0.0
13,57,1,0,1,0,234,0.93
13,57,1,0,2,0,253,0.0
13,57,1,0,3,0,226,1.65
13,57,1,0,4,0,259,2.11
13,57,1,0,5,0,253,0.0
13,57,1,0,6,0,433,3.08
13,57,1,0,7,0,773,1.66
13,57,1,0,8,1,1334,3.89
13,57,1,0,9,1,1855,8.49
13,57,1,0,10,1,1422,4.67
13,57,1,0,11,1,742,2.04
13,57,1,0,12,0,378,1.85
13,57,1,0,13,0,297,2.38
13,57,1,0,14,0,259,0.14
13,57,1,0,15,0,368,3.0
13,57,1,0,16,0,626,2.5
13,57,1,0,17,1,1167,4.38
13,57,1,0,18,1,1847,6.9
13,57,1,0,19,1,1645,7.7
13,57,1,0,20,1,1268,5.8
13,57,1,0,21,0,716,1.04
13,57,1,0,22,0,425,1.4
13,57,1,0,23,0,295,0.65
13,58,2,0,0,0,260,2.56
13,58,2,0,1,0,266,1.22
13,58,2,0,2,0,242,0.0
13,58,2,0,3,0,224,2.57
13,58,2,0,4,0,235,2.15
13,58,2,0,5,0,296,1.87
13,58,2,0,6,0,419,0.0
13,58,2,0,7,0,713,1.86
13,58,2,0,8,1,1600,8.46
13,58,2,0,9,1,1749,8.94
13,58,2,0,10,1,1308,4.68
13,58,2,0,11,1,900,6.75
13,58,2,0,12,0,432,0.0
13,58,2,0,13,0,310,0.84
13,58,2,0,14,0,295,1.33
13,58,2,0,15,0,416,1.73
13,58,2,0,16,0,854,4.86
13,58,2,0,17,1,1129,2.0
13,58,2,0,18,1,1517,6.96
13,58,2,0,19,1,1885,3.62
13,58,2,0,20,1,1378,6.04
13,58,2,0,21,0,792,1.72
13,58,2,0,22,0,394,2.0
13,58,2,0,23,0,259,0.0
13,59,3,0,0,0,267,1.41
13,59,3,0,1,0,257,3.07
13,59,3,0,2,0,248,1.46
13,59,3,0,3,0,256,1.59
13,59,3,0,4,0,223,0.86
13,59,3,0,5,0,302,1.02
13,59,3,0,6,0,391,3.02
13,59,3,0,7,0,800,2.26
13,59,3,0,8,1,1316,5.18
13,59,3,0,9,1,1652,7.96
13,59,3,0,10,1,1327,5.73
13,59,3,0,11,1,826,4.25
13,59,3,0,12,0,458,0.0
13,59,3,0,13,0,293,2.11
13,59,3,0,14,0,255,1.41
13,59,3,0,15,0,372,3.59
13,59,3,0,16,0,669,2.35
13,59,3,0,17,1,1217,3.61
13,59,3,0,18,1,1533,4.88
13,59,3,0,19,1,1770,7.5
13,59,3,0,20,1,1337,6.92
13,59,3,0,21,0,723,4.09
13,59,3,0,22,0,401,0.0
13,59,3,0,23,0,285,1.16
14,0,0,0,0,0,180,0.79
14,0,0,0,1,0,181,0.07
14,0,0,0,2,0,184,1.67
14,0,0,0,3,0,175,1.95
14,0,0,0,4,0,194,0.0
14,0,0,0,5,0,186,1.42
14,0,0,0,6,0,282,0.0
14,0,0,0,7,0,663,1.2
14,0,0,0,8,1,905,2.44
14,0,0,0,9,1,1296,5.29
14,0,0,0,10,1,1186,3.59
14,0,0,0,11,1,594,4.07
14,0,0,0,12,0,281,2.18
14,0,0,0,13,0,174,3.33
14,0,0,0,14,0,220,0.0
14,0,0,0,15,0,299,3.17
14,0,0,0,16,0,458,0.93
14,0,0,0,17,1,1014,4.16
14,0,0,0,18,1,1321,5.39
14,0,0,0,19,1,1368,6.24
14,0,0,0,20,1,923,0.54
14,0,0,0,21,0,537,3.24
14,0,0,0,22,0,253,0.0
14,0,0,0,23,0,210,1.13
14,1,1,0,0,0,153,0.0
14,1,1,0,1,0,186,1.76
14,1,1,0,2,0,173,0.47
14,1,1,0,3,0,169,2.66
14,1,1,0,4,0,186,0.0
14,1,1,0,5,0,183,0.0
14,1,1,0,6,0,339,1.1
14,1,1,0,7,0,564,1.94
14,1,1,0,8,1,979,3.76
14,1,1,0,9,1,1276,5.13
14,1,1,0,10,1,927,5.05
14,1,1,0,11,1,557,1.24
14,1,1,0,12,0,280,0.0
14,1,1,0,13,0,208,2.17
14,1,1,0,14,0,192,0.0
14,1,1,0,15,0,258,0.36
14,1,1,0,16,0,461,0.95
14,1,1,0,17,1,875,3.48
14,1,1,0,18,1,1128,5.38
14,1,1,0,19,1,1446,7.93
14,1,1,0,20,1,873,4.49
14,1,1,0,21,0,534,2.07
14,1,1,0,22,0,285,2.16
14,1,1,0,23,0,216,0.0
14,2,2,0,0,0,192,3.27
14,2,2,0,1,0,194,3.08
14,2,2,0,2,0,144,1.47
14,2,2,0,3,0,185,2.28
14,2,2,0,4,0,167,0.0
14,2,2,0,5,0,216,0.0
14,2,2,0,6,0,302,1.18
14,2,2,0,7,0,573,3.15
14,2,2,0,8,1,939,2.59
14,2,2,0,9,1,1258,3.23
14,2,2,0,10,1,1132,3.33
14,2,2,0,11,1,619,1.16
14,2,2,0,12,0,313,0.0
14,2,2,0,13,0,227,2.61
14,2,2,0,14,0,194,0.0
14,2,2,0,15,0,291,0.0
14,2,2,0,16,0,513,0.84
14,2,2,0,17,1,897,2.62
14,2,2,0,18,1,1195,7.34
14,2,2,0,19,1,1356,3.2
14,2,2,0,20,1,851,4.69
14,2,2,0,21,0,551,0.13
14,2,2,0,22,0,296,1.58
14,2,2,0,23,0,170,0.08
14,3,3,0,0,0,179,0.79
14,3,3,0,1,0,162,0.0
14,3,3,0,2,0,172,0.0
14,3,3,0,3,0,174,0.5
14,3,3,0,4,0,188,3.41
14,3,3,0,5,0,215,2.84
14,3,3,0,6,0,285,0.0
14,3,3,0,7,0,620,2.46
14,3,3,0,8,1,1091,3.04
14,3,3,0,9,1,1338,5.09
14,3,3,0,10,1,993,3.42
14,3,3,0,11,1,605,3.58
14,3,3,0,12,0,288,1.67
14,3,3,0,13,0,210,1.95
14,3,3,0,14,0,220,3.6
14,3,3,0,15,0,270,3.27
14,3,3,0,16,0,516,0.42
14,3,3,0,17,1,868,4.17
14,3,3,0,18,1,1350,3.88
14,3,3,0,19,1,1198,3.99
14,3,3,0,20,1,852,0.59
14,3,3,0,21,0,420,1.11
14,3,3,0,22,0,286,2.13
14,3,3,0,23,0,179,0.0
14,4,4,0,0,0,174,0.7
14,4,4,0,1,0,196,1.86
14,4,4,0,2,0,176,1.24
14,4,4,0,3,0,169,0.79
14,4,4,0,4,0,182,2.83
14,4,4,0,5,0,209,0.0
14,4,4,0,6,0,278,0.61
14,4,4,0,7,0,510,1.69
14,4,4,0,8,1,1019,4.78
14,4,4,0,9,1,1334,5.48
14,4,4,0,10,1,896,1.75
14,4,4,0,11,1,554,3.19
14,4,4,0,12,0,311,0.87
14,4,4,0,13,0,243,3.31
14,4,4,0,14,0,224,1.95
14,4,4,0,15,0,291,1.74
14,4,4,0,16,0,437,0.17
14,4,4,0,17,1,899,3.79
14,4,4,0,18,1,1264,5.46
14,4,4,0,19,1,1062,5.01
14,4,4,0,20,1,920,3.4
14,4,4,0,21,0,549,0.63
14,4,4,0,22,0,275,1.53
14,4,4,0,23,0,188,0.0
14,5,5,1,0,0,90,0.26
14,5,5,1,1,0,97,0.36
14,5,5,1,2,0,94,0.0
14,5,5,1,3,0,101,0.15
14,5,5,1,4,0,106,0.0
14,5,5,1,5,0,93,0.0
14,5,5,1,6,0,157,0.82
14,5,5,1,7,0,314,0.41
14,5,5,1,8,1,494,0.0
14,5,5,1,9,1,720,2.54
14,5,5,1,10,1,550,0.0
14,5,5,1,11,1,295,1.25
14,5,5,1,12,0,167,0.42
14,5,5,1,13,0,124,0.0
14,5,5,1,14,0,123,0.82
14,5,5,1,15,0,156,2.02
14,5,5,1,16,0,267,0.57
14,5,5,1,17,1,454,3.22
14,5,5,1,18,1,721,4.53
14,5,5,1,19,1,713,4.51
14,5,5,1,20,1,473,3.37
14,5,5,1,21,0,272,1.09
14,5,5,1,22,0,163,4.14
14,5,5,1,23,0,118,1.84
14,6,6,1,0,0,95,0.62
14,6,6,1,1,0,99,2.51
14,6,6,1,2,0,98,2.38
14,6,6,1,3,0,89,2.45
14,6,6,1,4,0,94,1.66
14,6,6,1,5,0,103,1.34
14,6,6,1,6,0,150,2.15
14,6,6,1,7,0,342,0.47
14,6,6,1,8,1,593,3.79
14,6,6,1,9,1,648,1.04
14,6,6,1,10,1,518,0.25
14,6,6,1,11,1,293,2.56
14,6,6,1,12,0,170,0.0
14,6,6,1,13,0,107,0.0
14,6,6,1,14,0,119,0.0
14,6,6,1,15,0,135,0.8
14,6,6,1,16,0,295,0.0
14,6,6,1,17,1,493,0.62
14,6,6,1,18,1,772,2.44
14,6,6,1,19,1,661,2.57
14,6,6,1,20,1,495,3.01
14,6,6,1,21,0,308,3.07
14,6,6,1,22,0,149,1.05
14,6,6,1,23,0,124,2.79
14,7,0,0,0,0,169,1.56
14,7,0,0,1,0,187,2.14
14,7,0,0,2,0,199,0.0
14,7,0,0,3,0,171,2.05
14,7,0,0,4,0,186,0.0
14,7,0,0,5,0,174,1.69
14,7,0,0,6,0,316,0.0
14,7,0,0,7,0,634,2.24
14,7,0,0,8,1,946,2.94
14,7,0,0,9,1,1148,3.67
14,7,0,0,10,1,877,3.4
14,7,0,0,11,1,610,0.42
14,7,0,0,12,0,297,0.0
14,7,0,0,13,0,215,0.0
14,7,0,0,14,0,215,0.0
14,7,0,0,15,0,276,0.04
14,7,0,0,16,0,496,0.0
14,7,0,0,17,1,1037,2.22
14,7,0,0,18,1,1153,7.3
14,7,0,0,19,1,1309,3.35
14,7,0,0,20,1,906,3.27
14,7,0,0,21,0,442,0.63
14,7,0,0,22,0,280,3.02
14,7,0,0,23,0,198,0.62
14,8,1,0,0,0,169,2.32
14,8,1,0,1,0,194,1.96
14,8,1,0,2,0,183,0.0
14,8,1,0,3,0,197,0.87
14,8,1,0,4,0,179,1.39
14,8,1,0,5,0,205,0.0
14,8,1,0,6,0,289,0.0
14,8,1,0,7,0,587,4.34
14,8,1,0,8,1,883,3.72
14,8,1,0,9,1,1340,6.58
14,8,1,0,10,1,969,2.22
14,8,1,0,11,1,555,4.01
14,8,1,0,12,0,256,0.0
14,8,1,0,13,0,196,0.0
14,8,1,0,14,0,203,2.93
14,8,1,0,15,0,254,0.8
14,8,1,0,16,0,511,1.54
14,8,1,0,17,1,800,2.24
14,8,1,0,18,1,1212,5.8
14,8,1,0,19,1,1319,2.95
14,8,1,0,20,1,887,2.8
14,8,1,0,21,0,591,2.8
14,8,1,0,22,0,256,0.0
14,8,1,0,23,0,195,1.32
14,9,2,0,0,0,188,1.05
14,9,2,0,1,0,178,0.51
14,9,2,0,2,0,179,0.0
14,9,2,0,3,0,181,0.0
14,9,2,0,4,0,159,4.26
14,9,2,0,5,0,206,0.84
14,9,2,0,6,0,287,2.24
14,9,2,0,7,0,528,1.64
14,9,2,0,8,1,952,4.89
14,9,2,0,9,1,1188,6.4
14,9,2,0,10,1,1023,5.25
14,9,2,0,11,1,601,3.99
14,9,2,0,12,0,274,2.45
14,9,2,0,13,0,174,0.76
14,9,2,0,14,0,195,0.0
14,9,2,0,15,0,261,0.08
14,9,2,0,16,0,503,1.22
14,9,2,0,17,1,921,2.44
14,9,2,0,18,1,1228,4.48
14,9,2,0,19,1,1295,6.45
14,9,2,0,20,1,978,4.27
14,9,2,0,21,0,529,2.58
14,9,2,0,22,0,274,2.45
14,9,2,0,23,0,187,0.0
14,10,3,0,0,0,166,2.77
14,10,3,0,1,0,177,1.12
14,10,3,0,2,0,177,1.55
14,10,3,0,3,0,182,0.63
14,10,3,0,4,0,192,0.07
14,10,3,0,5,0,207,0.57
14,10,3,0,6,0,294,0.0
14,10,3,0,7,0,572,1.48
14,10,3,0,8,1,1124,1.97
14,10,3,0,9,1,1363,2.84
14,10,3,0,10,1,1075,3.04
14,10,3,0,11,1,609,2.25
14,10,3,0,12,0,262,3.09
14,10,3,0,13,0,217,1.62
14,10,3,0,14,0,193,1.99
14,10,3,0,15,0,252,0.0
14,10,3,0,16,0,447,0.41
14,10,3,0,17,1,860,2.79
14,10,3,0,18,1,1237,3.97
14,10,3,0,19,1,1060,4.53
14,10,3,0,20,1,896,2.54
14,10,3,0,21,0,568,1.91
14,10,3,0,22,0,282,2.32
14,10,3,0,23,0,177,0.67
14,11,4,0,0,0,193,0.64
14,11,4,0,1,0,162,0.0
14,11,4,0,2,0,184,0.0
14,11,4,0,3,0,162,3.61
14,11,4,0,4,0,191,2.99
14,11,4,0,5,0,215,1.45
14,11,4,0,6,0,289,1.73
14,11,4,0,7,0,650,3.84
14,11,4,0,8,1,1045,3.92
14,11,4,0,9,1,1323,4.49
14,11,4,0,10,1,1072,3.24
14,11,4,0,11,1,566,0.72
14,11,4,0,12,0,286,0.12
14,11,4,0,13,0,232,0.0
14,11,4,0,14,0,210,0.0
14,11,4,0,15,0,282,1.56
14,11,4,0,16,0,435,0.0
14,11,4,0,17,1,845,1.43
14,11,4,0,18,1,1285,5.5
14,11,4,0,19,1,1168,4.86
14,11,4,0,20,1,884,3.39
14,11,4,0,21,0,485,2.67
14,11,4,0,22,0,317,2.43
14,11,4,0,23,0,224,0.0
14,12,5,1,0,0,94,1.22
14,12,5,1,1,0,112,1.42
14,12,5,1,2,0,91,0.0
14,12,5,1,3,0,102,0.16
14,12,5,1,4,0,94,0.0
14,12,5,1,5,0,110,0.0
14,12,5,1,6,0,176,0.04
14,12,5,1,7,0,318,2.82
14,12,5,1,8,1,561,3.71
14,12,5,1,9,1,642,3.22
14,12,5,1,10,1,605,1.18
14,12,5,1,11,1,316,1.03
14,12,5,1,12,0,166,1.38
14,12,5,1,13,0,104,0.33
14,12,5,1,14,0,126,2.08
14,12,5,1,15,0,164,0.37
14,12,5,1,16,0,329,2.86
14,12,5,1,17,1,505,2.35
14,12,5,1,18,1,676,3.29
14,12,5,1,19,1,735,3.99
14,12,5,1,20,1,496,0.0
14,12,5,1,21,0,286,2.2
14,12,5,1,22,0,142,0.43
14,12,5,1,23,0,122,0.0
14,13,6,1,0,0,97,2.62
14,13,6,1,1,0,101,0.0
14,13,6,1,2,0,99,1.63
14,13,6,1,3,0,98,1.29
14,13,6,1,4,0,103,0.89
14,13,6,1,5,0,116,0.02
14,13,6,1,6,0,150,1.31
14,13,6,1,7,0,317,0.6
14,13,6,1,8,1,591,4.28
14,13,6,1,9,1,691,2.78
14,13,6,1,10,1,513,1.72
14,13,6,1,11,1,326,1.27
14,13,6,1,12,0,158,1.72
14,13,6,1,13,0,112,4.33
14,13,6,1,14,0,114,0.0
14,13,6,1,15,0,140,1.36
14,13,6,1,16,0,266,0.19
14,13,6,1,17,1,453,1.1
14,13,6,1,18,1,713,3.43
14,13,6,1,19,1,645,3.79
14,13,6,1,20,1,455,2.48
14,13,6,1,21,0,289,0.0
14,13,6,1,22,0,141,1.14
14,13,6,1,23,0,106,0.14
14,14,0,0,0,0,191,1.48
14,14,0,0,1,0,168,0.59
14,14,0,0,2,0,168,1.98
14,14,0,0,3,0,204,0.0
14,14,0,0,4,0,183,2.11
14,14,0,0,5,0,202,1.65
14,14,0,0,6,0,297,0.0
14,14,0,0,7,0,588,4.04
14,14,0,0,8,1,1057,6.66
14,14,0,0,9,1,1092,4.94
14,14,0,0,10,1,977,2.59
14,14,0,0,11,1,645,2.2
14,14,0,0,12,0,288,1.67
14,14,0,0,13,0,169,2.71
14,14,0,0,14,0,235,2.31
14,14,0,0,15,0,290,0.84
14,14,0,0,16,0,467,3.66
14,14,0,0,17,1,983,4.61
14,14,0,0,18,1,1311,5.69
14,14,0,0,19,1,1223,8.64
14,14,0,0,20,1,895,2.94
14,14,0,0,21,0,557,2.18
14,14,0,0,22,0,280,3.24
14,14,0,0,23,0,212,1.94
14,15,1,0,0,0,161,1.24
14,15,1,0,1,0,167,0.0
14,15,1,0,2,0,184,0.68
14,15,1,0,3,0,191,1.92
14,15,1,0,4,0,196,0.0
14,15,1,0,5,0,239,0.92
14,15,1,0,6,0,325,0.0
14,15,1,0,7,0,570,0.09
14,15,1,0,8,1,960,3.92
14,15,1,0,9,1,1238,6.92
14,15,1,0,10,1,1177,3.26
14,15,1,0,11,1,560,0.69
14,15,1,0,12,0,324,1.53
14,15,1,0,13,0,205,1.29
14,15,1,0,14,0,198,0.0
14,15,1,0,15,0,282,0.73
14,15,1,0,16,0,525,0.0
14,15,1,0,17,1,929,2.68
14,15,1,0,18,1,1292,6.53
14,15,1,0,19,1,1220,6.68
14,15,1,0,20,1,788,5.47
14,15,1,0,21,0,562,0.92
14,15,1,0,22,0,261,0.0
14,15,1,0,23,0,216,0.37
14,16,2,0,0,0,175,0.0
14,16,2,0,1,0,208,0.0
14,16,2,0,2,0,182,1.05
14,16,2,0,3,0,176,0.0
14,16,2,0,4,0,178,1.56
14,16,2,0,5,0,196,3.22
14,16,2,0,6,0,278,2.24
14,16,2,0,7,0,501,0.84
14,16,2,0,8,1,963,2.2
14,16,2,0,9,1,1301,5.04
14,16,2,0,10,1,843,6.37
14,16,2,0,11,1,591,2.37
14,16,2,0,12,0,328,2.8
14,16,2,0,13,0,199,0.0
14,16,2,0,14,0,213,0.0
14,16,2,0,15,0,309,0.07
14,16,2,0,16,0,493,0.0
14,16,2,0,17,1,823,3.13
14,16,2,0,18,1,1256,4.31
14,16,2,0,19,1,1486,6.85
14,16,2,0,20,1,916,0.0
14,16,2,0,21,0,545,6.67
14,16,2,0,22,0,276,0.0
14,16,2,0,23,0,204,0.0
14,17,3,0,0,0,188,3.0
14,17,3,0,1,0,172,0.0
14,17,3,0,2,0,180,0.0
14,17,3,0,3,0,159,0.06
14,17,3,0,4,0,175,2.75
14,17,3,0,5,0,220,2.98
14,17,3,0,6,0,315,1.57
14,17,3,0,7,0,542,4.16
14,17,3,0,8,1,1059,2.36
14,17,3,0,9,1,1179,2.82
14,17,3,0,10,1,861,4.03
14,17,3,0,11,1,525,0.97
14,17,3,0,12,0,297,0.91
14,17,3,0,13,0,192,3.05
14,17,3,0,14,0,179,0.0
14,17,3,0,15,0,291,0.22
14,17,3,0,16,0,484,0.32
14,17,3,0,17,1,940,4.1
14,17,3,0,18,1,1289,4.28
14,17,3,0,19,1,1200,4.56
14,17,3,0,20,1,986,6.3
14,17,3,0,21,0,557,2.99
14,17,3,0,22,0,303,0.0
14,17,3,0,23,0,190,1.55
14,18,4,0,0,0,180,1.23
14,18,4,0,1,0,196,2.02
14,18,4,0,2,0,165,0.68
14,18,4,0,3,0,168,0.0
14,18,4,0,4,0,158,0.83
14,18,4,0,5,0,172,1.28
14,18,4,0,6,0,329,2.11
14,18,4,0,7,0,585,4.64
14,18,4,0,8,1,1058,2.94
14,18,4,0,9,1,1285,8.08
14,18,4,0,10,1,941,1.69
14,18,4,0,11,1,611,2.11
14,18,4,0,12,0,284,0.0
14,18,4,0,13,0,172,0.0
14,18,4,0,14,0,230,0.91
14,18,4,0,15,0,237,2.72
14,18,4,0,16,0,562,4.09
14,18,4,0,17,1,884,3.13
14,18,4,0,18,1,1291,7.27
14,18,4,0,19,1,1220,3.75
14,18,4,0,20,1,966,5.68
14,18,4,0,21,0,509,3.04
14,18,4,0,22,0,283,0.76
14,18,4,0,23,0,188,0.0
14,19,5,1,0,0,95,0.0
14,19,5,1,1,0,102,2.23
14,19,5,1,2,0,101,0.0
14,19,5,1,3,0,106,0.87
14,19,5,1,4,0,105,0.0
14,19,5,1,5,0,121,2.18
14,19,5,1,6,0,160,1.72
14,19,5,1,7,0,348,0.69
14,19,5,1,8,1,563,2.37
14,19,5,1,9,1,638,3.21
14,19,5,1,10,1,613,2.24
14,19,5,1,11,1,329,3.41
14,19,5,1,12,0,158,1.17
14,19,5,1,13,0,107,0.0
14,19,5,1,14,0,115,0.82
14,19,5,1,15,0,161,0.76
14,19,5,1,16,0,291,3.66
14,19,5,1,17,1,546,2.69
14,19,5,1,18,1,730,2.47
14,19,5,1,19,1,693,3.51
14,19,5,1,20,1,507,3.22
14,19,5,1,21,0,309,1.08
14,19,5,1,22,0,129,3.57
14,19,5,1,23,0,105,0.71
14,20,6,1,0,0,105,2.53
14,20,6,1,1,0,114,0.0
14,20,6,1,2,0,109,0.73
14,20,6,1,3,0,122,2.14
14,20,6,1,4,0,99,0.0
14,20,6,1,5,0,87,1.36
14,20,6,1,6,0,176,1.82
14,20,6,1,7,0,260,0.0
14,20,6,1,8,1,589,5.03
14,20,6,1,9,1,696,4.42
14,20,6,1,10,1,520,2.39
14,20,6,1,11,1,313,3.03
14,20,6,1,12,0,156,3.14
14,20,6,1,13,0,109,0.0
14,20,6,1,14,0,102,0.0
14,20,6,1,15,0,159,0.0
14,20,6,1,16,0,262,2.38
14,20,6,1,17,1,374,0.85
14,20,6,1,18,1,627,1.21
14,20,6,1,19,1,716,2.56
14,20,6,1,20,1,491,3.75
14,20,6,1,21,0,281,3.83
14,20,6,1,22,0,163,0.0
14,20,6,1,23,0,128,0.93
14,21,0,0,0,0,209,0.44
14,21,0,0,1,0,185,1.39
14,21,0,0,2,0,179,2.62
14,21,0,0,3,0,210,0.0
14,21,0,0,4,0,195,0.0
14,21,0,0,5,0,159,1.41
14,21,0,0,6,0,309,2.26
14,21,0,0,7,0,600,3.71
14,21,0,0,8,1,981,4.32
14,21,0,0,9,1,1343,7.4
14,21,0,0,10,1,1034,3.82
14,21,0,0,11,1,580,0.53
14,21,0,0,12,0,315,0.0
14,21,0,0,13,0,210,0.97
14,21,0,0,14,0,178,0.0
14,21,0,0,15,0,262,0.53
14,21,0,0,16,0,572,2.12
14,21,0,0,17,1,955,5.72
14,21,0,0,18,1,1386,5.53
14,21,0,0,19,1,1204,5.56
14,21,0,0,20,1,865,6.18
14,21,0,0,21,0,547,2.5
14,21,0,0,22,0,292,1.44
14,21,0,0,23,0,195,1.53
14,22,1,0,0,0,178,3.62
14,22,1,0,1,0,171,1.45
14,22,1,0,2,0,170,0.0
14,22,1,0,3,0,155,1.24
14,22,1,0,4,0,176,2.33
14,22,1,0,5,0,208,1.05
14,22,1,0,6,0,263,1.93
14,22,1,0,7,0,552,0.06
14,22,1,0,8,1,1066,2.38
14,22,1,0,9,1,1059,6.18
14,22,1,0,10,1,985,1.32
14,22,1,0,11,1,538,1.07
14,22,1,0,12,0,324,0.0
14,22,1,0,13,0,182,2.2
14,22,1,0,14,0,196,1.13
14,22,1,0,15,0,270,4.11
14,22,1,0,16,0,458,2.26
14,22,1,0,17,1,1026,3.54
14,22,1,0,18,1,1199,5.95
14,22,1,0,19,1,1379,4.32
14,22,1,0,20,1,1023,4.17
14,22,1,0,21,0,532,4.36
14,22,1,0,22,0,298,1.19
14,22,1,0,23,0,191,4.83
14,23,2,0,0,0,170,1.16
14,23,2,0,1,0,189,1.59
14,23,2,0,2,0,212,0.92
14,23,2,0,3,0,180,3.05
14,23,2,0,4,0,181,2.04
14,23,2,0,5,0,204,2.2
14,23,2,0,6,0,313,0.65
14,23,2,0,7,0,497,0.0
14,23,2,0,8,1,879,3.38
14,23,2,0,9,1,1033,3.89
14,23,2,0,10,1,1042,5.45
14,23,2,0,11,1,606,3.78
14,23,2,0,12,0,306,0.74
14,23,2,0,13,0,202,0.0
14,23,2,0,14,0,207,0.0
14,23,2,0,15,0,305,0.0
14,23,2,0,16,0,517,2.55
14,23,2,0,17,1,1001,1.48
14,23,2,0,18,1,1243,5.8
14,23,2,0,19,1,1455,5.76
14,23,2,0,20,1,872,6.53
14,23,2,0,21,0,544,4.24
14,23,2,0,22,0,253,1.79
14,23,2,0,23,0,184,0.0
14,24,3,0,0,0,190,1.74
14,24,3,0,1,0,174,2.84
14,24,3,0,2,0,176,0.3
14,24,3,0,3,0,181,0.36
14,24,3,0,4,0,202,0.0
14,24,3,0,5,0,189,0.0
14,24,3,0,6,0,341,0.88
14,24,3,0,7,0,547,1.76
14,24,3,0,8,1,1101,5.4
14,24,3,0,9,1,1214,4.26
14,24,3,0,10,1,911,3.85
14,24,3,0,11,1,642,1.7
14,24,3,0,12,0,312,0.37
14,24,3,0,13,0,186,1.76
14,24,3,0,14,0,242,1.78
14,24,3,0,15,0,271,0.56
14,24,3,0,16,0,589,2.82
14,24,3,0,17,1,859,3.34
14,24,3,0,18,1,1298,5.9
14,24,3,0,19,1,1431,7.64
14,24,3,0,20,1,930,3.66
14,24,3,0,21,0,527,1.2
14,24,3,0,22,0,303,0.91
14,24,3,0,23,0,209,3.41
14,25,4,0,0,0,189,1.1
14,25,4,0,1,0,174,0.58
14,25,4,0,2,0,165,1.46
14,25,4,0,3,0,150,2.05
14,25,4,0,4,0,194,0.92
14,25,4,0,5,0,193,0.75
14,25,4,0,6,0,254,2.25
14,25,4,0,7,0,575,4.57
14,25,4,0,8,1,1063,4.6
14,25,4,0,9,1,1313,3.79
14,25,4,0,10,1,994,4.18
14,25,4,0,11,1,568,1.41
14,25,4,0,12,0,290,1.23
14,25,4,0,13,0,242,0.48
14,25,4,0,14,0,192,0.54
14,25,4,0,15,0,315,3.62
14,25,4,0,16,0,591,2.46
14,25,4,0,17,1,962,2.27
14,25,4,0,18,1,1240,3.29
14,25,4,0,19,1,1325,5.36
14,25,4,0,20,1,932,2.46
14,25,4,0,21,0,546,0.0
14,25,4,0,22,0,275,0.94
14,25,4,0,23,0,169,1.25
14,26,5,1,0,0,98,1.23
14,26,5,1,1,0,115,0.95
14,26,5,1,2,0,107,2.5
14,26,5,1,3,0,103,0.0
14,26,5,1,4,0,87,0.91
14,26,5,1,5,0,107,2.35
14,26,5,1,6,0,157,0.61
14,26,5,1,7,0,290,0.64
14,26,5,1,8,1,524,0.82
14,26,5,1,9,1,696,1.87
14,26,5,1,10,1,686,4.0
14,26,5,1,11,1,348,1.23
14,26,5,1,12,0,164,0.01
14,26,5,1,13,0,136,0.38
14,26,5,1,14,0,106,0.0
14,26,5,1,15,0,158,2.76
14,26,5,1,16,0,305,0.09
14,26,5,1,17,1,472,3.76
14,26,5,1,18,1,820,3.06
14,26,5,1,19,1,770,0.88
14,26,5,1,20,1,469,0.36
14,26,5,1,21,0,290,0.89
14,26,5,1,22,0,157,2.46
14,26,5,1,23,0,105,0.56
14,27,6,1,0,0,89,2.1
14,27,6,1,1,0,108,0.97
14,27,6,1,2,0,100,0.0
14,27,6,1,3,0,88,0.81
14,27,6,1,4,0,107,3.46
14,27,6,1,5,0,107,0.83
14,27,6,1,6,0,177,2.42
14,27,6,1,7,0,304,0.8
14,27,6,1,8,1,543,0.82
14,27,6,1,9,1,782,3.22
14,27,6,1,10,1,563,2.62
14,27,6,1,11,1,322,0.96
14,27,6,1,12,0,153,2.96
14,27,6,1,13,0,107,0.0
14,27,6,1,14,0,111,3.68
14,27,6,1,15,0,144,1.64
14,27,6,1,16,0,275,1.47
14,27,6,1,17,1,540,0.0
14,27,6,1,18,1,651,3.97
14,27,6,1,19,1,707,3.15
14,27,6,1,20,1,532,0.79
14,27,6,1,21,0,305,2.45
14,27,6,1,22,0,157,1.33
14,27,6,1,23,0,121,0.0
14,28,0,0,0,0,191,3.38
14,28,0,0,1,0,191,0.43
14,28,0,0,2,0,215,1.21
14,28,0,0,3,0,202,0.18
14,28,0,0,4,0,199,0.0
14,28,0,0,5,0,206,0.0
14,28,0,0,6,0,341,1.03
14,28,0,0,7,0,531,2.27
14,28,0,0,8,1,1075,4.26
14,28,0,0,9,1,1189,6.31
14,28,0,0,10,1,1135,2.07
14,28,0,0,11,1,542,1.93
14,28,0,0,12,0,284,1.92
14,28,0,0,13,0,234,0.36
14,28,0,0,14,0,229,0.0
14,28,0,0,15,0,291,0.27
14,28,0,0,16,0,531,0.0
14,28,0,0,17,1,821,4.0
14,28,0,0,18,1,1212,4.36
14,28,0,0,19,1,1464,6.06
14,28,0,0,20,1,981,2.79
14,28,0,0,21,0,456,1.7
14,28,0,0,22,0,247,0.0
14,28,0,0,23,0,205,0.65
14,29,1,0,0,0,186,1.64
14,29,1,0,1,0,164,0.0
14,29,1,0,2,0,150,0.04
14,29,1,0,3,0,192,3.0
14,29,1,0,4,0,186,2.8
14,29,1,0,5,0,207,0.99
14,29,1,0,6,0,282,0.0
14,29,1,0,7,0,640,2.48
14,29,1,0,8,1,1145,3.16
14,29,1,0,9,1,1519,5.7
14,29,1,0,10,1,974,3.57
14,29,1,0,11,1,591,2.26
14,29,1,0,12,0,284,0.0
14,29,1,0,13,0,191,2.38
14,29,1,0,14,0,189,0.0
14,29,1,0,15,0,257,0.9
14,29,1,0,16,0,480,1.5
14,29,1,0,17,1,857,4.94
14,29,1,0,18,1,1327,8.63
14,29,1,0,19,1,1238,4.52
14,29,1,0,20,1,1002,4.59
14,29,1,0,21,0,473,2.73
14,29,1,0,22,0,290,0.0
14,29,1,0,23,0,191,1.05
14,30,2,0,0,0,202,1.85
14,30,2,0,1,0,173,0.0
14,30,2,0,2,0,193,0.0
14,30,2,0,3,0,170,2.79
14,30,2,0,4,0,188,0.0
14,30,2,0,5,0,182,1.99
14,30,2,0,6,0,298,0.86
14,30,2,0,7,0,600,2.65
14,30,2,0,8,1,1038,2.17
14,30,2,0,9,1,1168,5.79
14,30,2,0,10,1,1077,4.88
14,30,2,0,11,1,555,3.37
14,30,2,0,12,0,288,3.1
14,30,2,0,13,0,192,0.0
14,30,2,0,14,0,201,2.07
14,30,2,0,15,0,280,1.18
14,30,2,0,16,0,495,2.38
14,30,2,0,17,1,910,2.46
14,30,2,0,18,1,1290,5.39
14,30,2,0,19,1,1517,5.15
14,30,2,0,20,1,854,3.83
14,30,2,0,21,0,471,0.27
14,30,2,0,22,0,248,0.0
14,30,2,0,23,0,189,0.0
14,31,3,0,0,0,178,0.0
14,31,3,0,1,0,188,0.0
14,31,3,0,2,0,175,1.58
14,31,3,0,3,0,187,0.0
14,31,3,0,4,0,190,3.08
14,31,3,0,5,0,185,1.87
14,31,3,0,6,0,270,2.84
14,31,3,0,7,0,549,1.07
14,31,3,0,8,1,1126,5.59
14,31,3,0,9,1,1203,5.0
14,31,3,0,10,1,972,1.5
14,31,3,0,11,1,591,1.83
14,31,3,0,12,0,274,3.05
14,31,3,0,13,0,189,0.97
14,31,3,0,14,0,221,0.5
14,31,3,0,15,0,264,1.5
14,31,3,0,16,0,530,3.43
14,31,3,0,17,1,1053,3.53
14,31,3,0,18,1,1297,3.28
14,31,3,0,19,1,1345,5.66
14,31,3,0,20,1,902,2.68
14,31,3,0,21,0,497,2.34
14,31,3,0,22,0,259,0.58
14,31,3,0,23,0,202,0.0
14,32,4,0,0,0,166,0.0
14,32,4,0,1,0,204,0.0
14,32,4,0,2,0,180,0.0
14,32,4,0,3,0,170,0.0
14,32,4,0,4,0,193,0.0
14,32,4,0,5,0,216,1.57
14,32,4,0,6,0,294,2.59
14,32,4,0,7,0,727,3.62
14,32,4,0,8,1,938,5.99
14,32,4,0,9,1,1291,8.33
14,32,4,0,10,1,989,5.88
14,32,4,0,11,1,583,6.32
14,32,4,0,12,0,290,5.66
14,32,4,0,13,0,211,2.11
14,32,4,0,14,0,231,0.0
14,32,4,0,15,0,303,0.77
14,32,4,0,16,0,517,2.19
14,32,4,0,17,1,957,4.62
14,32,4,0,18,1,1218,5.06
14,32,4,0,19,1,1038,5.64
14,32,4,0,20,1,1040,4.45
14,32,4,0,21,0,445,2.89
14,32,4,0,22,0,263,1.33
14,32,4,0,23,0,212,1.67
14,33,5,1,0,0,108,0.65
14,33,5,1,1,0,101,1.51
14,33,5,1,2,0,99,0.0
14,33,5,1,3,0,103,0.0
14,33,5,1,4,0,100,0.0
14,33,5,1,5,0,106,0.0
14,33,5,1,6,0,150,2.25
14,33,5,1,7,0,346,3.36
14,33,5,1,8,1,558,1.58
14,33,5,1,9,1,744,3.17
14,33,5,1,10,1,572,0.0
14,33,5,1,11,1,340,2.3
14,33,5,1,12,0,163,1.88
14,33,5,1,13,0,117,0.0
14,33,5,1,14,0,110,0.0
14,33,5,1,15,0,172,2.15
14,33,5,1,16,0,263,1.98
14,33,5,1,17,1,514,1.03
14,33,5,1,18,1,709,4.12
14,33,5,1,19,1,755,6.52
14,33,5,1,20,1,507,1.67
14,33,5,1,21,0,294,0.9
14,33,5,1,22,0,147,0.0
14,33,5,1,23,0,80,1.42
14,34,6,1,0,0,86,0.0
14,34,6,1,1,0,102,0.0
14,34,6,1,2,0,117,0.0
14,34,6,1,3,0,117,2.54
14,34,6,1,4,0,108,2.59
14,34,6,1,5,0,114,0.0
14,34,6,1,6,0,169,0.0
14,34,6,1,7,0,307,1.11
14,34,6,1,8,1,525,3.52
14,34,6,1,9,1,687,3.36
14,34,6,1,10,1,566,2.45
14,34,6,1,11,1,297,0.0
14,34,6,1,12,0,161,0.0
14,34,6,1,13,0,125,0.0
14,34,6,1,14,0,133,0.99
14,34,6,1,15,0,155,0.0
14,34,6,1,16,0,296,0.88
14,34,6,1,17,1,515,3.32
14,34,6,1,18,1,739,4.82
14,34,6,1,19,1,732,1.5
14,34,6,1,20,1,419,1.99
14,34,6,1,21,0,286,4.03
14,34,6,1,22,0,153,1.17
14,34,6,1,23,0,117,1.24
14,35,0,0,0,0,194,0.0
14,35,0,0,1,0,167,0.25
14,35,0,0,2,0,150,0.54
14,35,0,0,3,0,172,1.17
14,35,0,0,4,0,179,0.0
14,35,0,0,5,0,222,1.01
14,35,0,0,6,0,317,1.54
14,35,0,0,7,0,604,0.37
14,35,0,0,8,1,1136,5.86
14,35,0,0,9,1,1270,5.51
14,35,0,0,10,1,1113,3.89
14,35,0,0,11,1,509,1.51
14,35,0,0,12,0,300,1.15
14,35,0,0,13,0,226,0.0
14,35,0,0,14,0,190,0.0
14,35,0,0,15,0,290,0.0
14,35,0,0,16,0,542,0.77
14,35,0,0,17,1,859,6.09
14,35,0,0,18,1,1402,5.79
14,35,0,0,19,1,1143,7.59
14,35,0,0,20,1,901,3.98
14,35,0,0,21,0,548,0.0
14,35,0,0,22,0,266,0.96
14,35,0,0,23,0,203,0.0
14,36,1,0,0,0,186,0.79
14,36,1,0,1,0,206,2.32
14,36,1,0,2,0,177,0.41
14,36,1,0,3,0,196,1.21
14,36,1,0,4,0,163,3.79
14,36,1,0,5,0,185,4.46
14,36,1,0,6,0,306,0.27
14,36,1,0,7,0,472,3.05
14,36,1,0,8,1,903,4.15
14,36,1,0,9,1,1469,4.17
14,36,1,0,10,1,1092,3.15
14,36,1,0,11,1,635,2.64
14,36,1,0,12,0,296,2.99
14,36,1,0,13,0,214,0.0
14,36,1,0,14,0,233,0.0
14,36,1,0,15,0,287,0.0
14,36,1,0,16,0,450,0.1
14,36,1,0,17,1,912,4.17
14,36,1,0,18,1,1385,7.75
14,36,1,0,19,1,1305,4.56
14,36,1,0,20,1,992,3.05
14,36,1,0,21,0,446,3.19
14,36,1,0,22,0,310,0.01
14,36,1,0,23,0,233,1.81
14,37,2,0,0,0,188,0.0
14,37,2,0,1,0,196,0.0
14,37,2,0,2,0,176,0.0
14,37,2,0,3,0,162,1.94
14,37,2,0,4,0,188,1.96
14,37,2,0,5,0,197,2.27
14,37,2,0,6,0,298,0.48
14,37,2,0,7,0,553,0.0
14,37,2,0,8,1,1127,6.08
14,37,2,0,9,1,1570,5.78
14,37,2,0,10,1,976,1.35
14,37,2,0,11,1,627,3.6
14,37,2,0,12,0,333,0.0
14,37,2,0,13,0,216,0.08
14,37,2,0,14,0,225,1.7
14,37,2,0,15,0,246,0.79
14,37,2,0,16,0,431,0.0
14,37,2,0,17,1,835,2.38
14,37,2,0,18,1,1250,5.25
14,37,2,0,19,1,1288,5.12
14,37,2,0,20,1,940,1.89
14,37,2,0,21,0,514,4.21
14,37,2,0,22,0,277,1.85
14,37,2,0,23,0,208,2.13
14,38,3,0,0,0,185,2.01
14,38,3,0,1,0,189,1.74
14,38,3,0,2,0,188,0.0
14,38,3,0,3,0,164,0.13
14,38,3,0,4,0,206,0.57
14,38,3,0,5,0,206,0.0
14,38,3,0,6,0,301,1.33
14,38,3,0,7,0,458,2.27
14,38,3,0,8,1,895,2.49
14,38,3,0,9,1,1373,5.73
14,38,3,0,10,1,994,3.17
14,38,3,0,11,1,563,2.49
14,38,3,0,12,0,268,2.76
14,38,3,0,13,0,185,0.0
14,38,3,0,14,0,220,0.22
14,38,3,0,15,0,282,2.11
14,38,3,0,16,0,482,2.13
14,38,3,0,17,1,963,6.32
14,38,3,0,18,1,1224,4.2
14,38,3,0,19,1,1334,5.65
14,38,3,0,20,1,905,6.01
14,38,3,0,21,0,442,0.0
14,38,3,0,22,0,243,2.77
14,38,3,0,23,0,210,0.0
14,39,4,0,0,0,180,0.68
14,39,4,0,1,0,149,0.88
14,39,4,0,2,0,164,1.72
14,39,4,0,3,0,165,0.99
14,39,4,0,4,0,202,2.27
14,39,4,0,5,0,209,0.71
14,39,4,0,6,0,261,0.39
14,39,4,0,7,0,572,1.84
14,39,4,0,8,1,904,4.27
14,39,4,0,9,1,1152,6.93
14,39,4,0,10,1,1043,5.64
14,39,4,0,11,1,627,5.62
14,39,4,0,12,0,301,0.62
14,39,4,0,13,0,198,3.04
14,39,4,0,14,0,182,0.0
14,39,4,0,15,0,286,0.91
14,39,4,0,16,0,551,0.2
14,39,4,0,17,1,911,3.36
14,39,4,0,18,1,1167,5.99
14,39,4,0,19,1,1267,4.87
14,39,4,0,20,1,855,2.87
14,39,4,0,21,0,469,3.17
14,39,4,0,22,0,304,3.74
14,39,4,0,23,0,208,0.32
14,40,5,1,0,0,96,1.12
14,40,5,1,1,0,101,0.14
14,40,5,1,2,0,97,2.14
14,40,5,1,3,0,96,2.4
14,40,5,1,4,0,102,0.0
14,40,5,1,5,0,104,0.18
14,40,5,1,6,0,169,0.11
14,40,5,1,7,0,342,0.73
14,40,5,1,8,1,561,0.31
14,40,5,1,9,1,731,2.52
14,40,5,1,10,1,638,3.61
14,40,5,1,11,1,322,3.13
14,40,5,1,12,0,168,2.18
14,40,5,1,13,0,104,1.11
14,40,5,1,14,0,116,0.0
14,40,5,1,15,0,173,0.0
14,40,5,1,16,0,252,0.0
14,40,5,1,17,1,522,0.0
14,40,5,1,18,1,673,3.95
14,40,5,1,19,1,713,1.92
14,40,5,1,20,1,439,1.59
14,40,5,1,21,0,300,2.25
14,40,5,1,22,0,176,0.0
14,40,5,1,23,0,99,0.86
14,41,6,1,0,0,101,0.4
14,41,6,1,1,0,94,0.0
14,41,6,1,2,0,91,1.2
14,41,6,1,3,0,102,1.86
14,41,6,1,4,0,103,1.52
14,41,6,1,5,0,117,0.5
14,41,6,1,6,0,163,0.0
14,41,6,1,7,0,303,0.29
14,41,6,1,8,1,562,0.85
14,41,6,1,9,1,752,1.69
14,41,6,1,10,1,617,1.03
14,41,6,1,11,1,305,0.2
14,41,6,1,12,0,156,2.39
14,41,6,1,13,0,109,0.0
14,41,6,1,14,0,105,0.03
14,41,6,1,15,0,157,0.31
14,41,6,1,16,0,278,2.64
14,41,6,1,17,1,514,0.33
14,41,6,1,18,1,697,1.98
14,41,6,1,19,1,731,3.08
14,41,6,1,20,1,549,1.09
14,41,6,1,21,0,277,0.0
14,41,6,1,22,0,154,0.0
14,41,6,1,23,0,113,0.37
14,42,0,0,0,0,184,1.92
14,42,0,0,1,0,185,0.0
14,42,0,0,2,0,173,0.57
14,42,0,0,3,0,177,0.4
14,42,0,0,4,0,207,0.98
14,42,0,0,5,0,207,0.0
14,42,0,0,6,0,314,5.53
14,42,0,0,7,0,645,1.92
14,42,0,0,8,1,1219,4.92
14,42,0,0,9,1,1303,4.81
14,42,0,0,10,1,1007,0.66
14,42,0,0,11,1,619,2.03
14,42,0,0,12,0,292,1.58
14,42,0,0,13,0,197,1.18
14,42,0,0,14,0,223,1.5
14,42,0,0,15,0,277,0.92
14,42,0,0,16,0,519,0.83
14,42,0,0,17,1,931,4.75
14,42,0,0,18,1,1285,4.5
14,42,0,0,19,1,1247,5.97
14,42,0,0,20,1,835,2.12
14,42,0,0,21,0,445,1.83
14,42,0,0,22,0,300,3.2
14,42,0,0,23,0,226,0.0
14,43,1,0,0,0,185,0.14
14,43,1,0,1,0,205,2.78
14,43,1,0,2,0,184,0.0
14,43,1,0,3,0,131,0.0
14,43,1,0,4,0,156,0.0
14,43,1,0,5,0,232,0.0
14,43,1,0,6,0,271,0.0
14,43,1,0,7,0,704,2.72
14,43,1,0,8,1,1113,4.72
14,43,1,0,9,1,1070,6.58
14,43,1,0,10,1,1064,4.07
14,43,1,0,11,1,665,2.14
14,43,1,0,12,0,293,0.65
14,43,1,0,13,0,222,2.11
14,43,1,0,14,0,208,0.0
14,43,1,0,15,0,272,0.0
14,43,1,0,16,0,559,0.0
14,43,1,0,17,1,1032,6.06
14,43,1,0,18,1,1183,4.11
14,43,1,0,19,1,1204,5.46
14,43,1,0,20,1,1019,5.85
14,43,1,0,21,0,493,3.85
14,43,1,0,22,0,307,0.94
14,43,1,0,23,0,201,3.12
14,44,2,0,0,0,197,2.63
14,44,2,0,1,0,219,1.7
14,44,2,0,2,0,186,2.78
14,44,2,0,3,0,210,0.0
14,44,2,0,4,0,180,0.0
14,44,2,0,5,0,207,2.16
14,44,2,0,6,0,274,2.8
14,44,2,0,7,0,561,1.44
14,44,2,0,8,1,1124,3.56
14,44,2,0,9,1,1129,5.63
14,44,2,0,10,1,1020,5.88
14,44,2,0,11,1,621,0.0
14,44,2,0,12,0,328,4.16
14,44,2,0,13,0,221,2.49
14,44,2,0,14,0,199,0.08
14,44,2,0,15,0,286,2.52
14,44,2,0,16,0,548,1.54
14,44,2,0,17,1,876,1.27
14,44,2,0,18,1,1343,4.79
14,44,2,0,19,1,1246,7.58
14,44,2,0,20,1,959,4.32
14,44,2,0,21,0,545,4.31
14,44,2,0,22,0,244,0.13
14,44,2,0,23,0,198,0.0
14,45,3,0,0,0,177,0.0
14,45,3,0,1,0,195,0.0
14,45,3,0,2,0,184,0.81
14,45,3,0,3,0,190,0.0
14,45,3,0,4,0,190,0.35
14,45,3,0,5,0,208,0.0
14,45,3,0,6,0,306,3.17
14,45,3,0,7,0,591,1.29
14,45,3,0,8,1,975,4.76
14,45,3,0,9,1,1330,5.85
14,45,3,0,10,1,1028,4.42
14,45,3,0,11,1,580,1.75
14,45,3,0,12,0,315,1.73
14,45,3,0,13,0,225,2.58
14,45,3,0,14,0,208,1.73
14,45,3,0,15,0,259,0.92
14,45,3,0,16,0,525,0.0
14,45,3,0,17,1,947,2.35
14,45,3,0,18,1,1190,3.97
14,45,3,0,19,1,1273,3.1
14,45,3,0,20,1,978,4.18
14,45,3,0,21,0,590,2.81
14,45,3,0,22,0,293,0.0
14,45,3,0,23,0,182,1.66
14,46,4,0,0,0,165,1.62
14,46,4,0,1,0,206,2.24
14,46,4,0,2,0,190,1.16
14,46,4,0,3,0,176,0.53
14,46,4,0,4,0,175,0.0
14,46,4,0,5,0,202,2.47
14,46,4,0,6,0,266,3.16
14,46,4,0,7,0,639,3.15
14,46,4,0,8,1,1064,3.98
14,46,4,0,9,1,1276,4.41
14,46,4,0,10,1,1033,4.34
14,46,4,0,11,1,670,3.53
14,46,4,0,12,0,292,1.02
14,46,4,0,13,0,192,0.0
14,46,4,0,14,0,218,0.13
14,46,4,0,15,0,267,0.18
14,46,4,0,16,0,481,3.61
14,46,4,0,17,1,926,3.28
14,46,4,0,18,1,1279,5.44
14,46,4,0,19,1,1200,2.72
14,46,4,0,20,1,1014,5.54
14,46,4,0,21,0,527,3.49
14,46,4,0,22,0,324,0.49
14,46,4,0,23,0,183,1.72
14,47,5,1,0,0,88,0.41
14,47,5,1,1,0,97,1.4
14,47,5,1,2,0,96,2.18
14,47,5,1,3,0,94,1.43
14,47,5,1,4,0,95,1.2
14,47,5,1,5,0,101,0.37
14,47,5,1,6,0,180,0.89
14,47,5,1,7,0,351,1.36
14,47,5,1,8,1,544,2.43
14,47,5,1,9,1,734,0.08
14,47,5,1,10,1,590,0.95
14,47,5,1,11,1,290,1.97
14,47,5,1,12,0,180,1.04
14,47,5,1,13,0,100,0.0
14,47,5,1,14,0,108,0.73
14,47,5,1,15,0,153,1.35
14,47,5,1,16,0,303,1.73
14,47,5,1,17,1,539,1.75
14,47,5,1,18,1,887,4.38
14,47,5,1,19,1,740,5.6
14,47,5,1,20,1,507,1.06
14,47,5,1,21,0,310,3.29
14,47,5,1,22,0,156,3.26
14,47,5,1,23,0,110,1.84
14,48,6,1,0,0,112,0.6
14,48,6,1,1,0,103,1.95
14,48,6,1,2,0,97,0.0
14,48,6,1,3,0,110,0.9
14,48,6,1,4,0,97,0.53
14,48,6,1,5,0,115,0.0
14,48,6,1,6,0,172,1.3
14,48,6,1,7,0,363,1.12
14,48,6,1,8,1,629,2.45
14,48,6,1,9,1,707,3.25
14,48,6,1,10,1,662,0.79
14,48,6,1,11,1,333,1.4
14,48,6,1,12,0,162,1.52
14,48,6,1,13,0,122,1.29
14,48,6,1,14,0,123,0.12
14,48,6,1,15,0,154,0.0
14,48,6,1,16,0,326,1.02
14,48,6,1,17,1,491,2.87
14,48,6,1,18,1,764,2.02
14,48,6,1,19,1,769,2.62
14,48,6,1,20,1,561,1.43
14,48,6,1,21,0,297,1.25
14,48,6,1,22,0,140,0.0
14,48,6,1,23,0,104,1.9
14,49,0,0,0,0,153,1.11
14,49,0,0,1,0,185,0.0
14,49,0,0,2,0,170,0.0
14,49,0,0,3,0,182,2.93
14,49,0,0,4,0,199,0.26
14,49,0,0,5,0,188,0.0
14,49,0,0,6,0,287,0.0
14,49,0,0,7,0,581,2.33
14,49,0,0,8,1,992,3.29
14,49,0,0,9,1,1201,4.04
14,49,0,0,10,1,1149,5.37
14,49,0,0,11,1,607,3.95
14,49,0,0,12,0,318,3.41
14,49,0,0,13,0,214,1.16
14,49,0,0,14,0,194,0.0
14,49,0,0,15,0,301,1.04
14,49,0,0,16,0,456,0.0
14,49,0,0,17,1,1073,2.81
14,49,0,0,18,1,1206,6.67
14,49,0,0,19,1,1153,5.41
14,49,0,0,20,1,1049,7.37
14,49,0,0,21,0,493,1.95
14,49,0,0,22,0,272,1.06
14,49,0,0,23,0,222,0.0
14,50,1,0,0,0,191,0.47
14,50,1,0,1,0,201,2.78
14,50,1,0,2,0,175,0.53
14,50,1,0,3,0,194,2.25
14,50,1,0,4,0,147,1.92
14,50,1,0,5,0,228,1.3
14,50,1,0,6,0,319,3.19
14,50,1,0,7,0,593,3.59
14,50,1,0,8,1,1032,4.05
14,50,1,0,9,1,1205,5.08
14,50,1,0,10,1,1186,3.39
14,50,1,0,11,1,611,2.93
14,50,1,0,12,0,332,3.82
14,50,1,0,13,0,189,0.0
14,50,1,0,14,0,195,0.05
14,50,1,0,15,0,272,1.61
14,50,1,0,16,0,476,0.84
14,50,1,0,17,1,858,4.17
14,50,1,0,18,1,1270,4.72
14,50,1,0,19,1,1190,2.35
14,50,1,0,20,1,1035,3.71
14,50,1,0,21,0,622,3.65
14,50,1,0,22,0,322,2.78
14,50,1,0,23,0,204,0.0
14,51,2,0,0,0,167,2.35
14,51,2,0,1,0,185,1.66
14,51,2,0,2,0,193,1.31
14,51,2,0,3,0,175,2.22
14,51,2,0,4,0,180,0.86
14,51,2,0,5,0,213,0.76
14,51,2,0,6,0,253,2.57
14,51,2,0,7,0,641,0.0
14,51,2,0,8,1,945,6.82
14,51,2,0,9,1,1296,5.19
14,51,2,0,10,1,996,2.44
14,51,2,0,11,1,574,3.76
14,51,2,0,12,0,296,2.1
14,51,2,0,13,0,233,0.06
14,51,2,0,14,0,208,2.34
14,51,2,0,15,0,260,1.31
14,51,2,0,16,0,588,1.84
14,51,2,0,17,1,994,3.76
14,51,2,0,18,1,1460,3.37
14,51,2,0,19,1,1283,2.91
14,51,2,0,20,1,864,2.4
14,51,2,0,21,0,500,0.22
14,51,2,0,22,0,279,1.81
14,51,2,0,23,0,177,0.0
14,52,3,0,0,0,218,1.37
14,52,3,0,1,0,155,0.0
14,52,3,0,2,0,185,0.89
14,52,3,0,3,0,173,3.98
14,52,3,0,4,0,222,0.49
14,52,3,0,5,0,215,2.24
14,52,3,0,6,0,321,0.32
14,52,3,0,7,0,673,2.59
14,52,3,0,8,1,1066,4.27
14,52,3,0,9,1,1258,5.45
14,52,3,0,10,1,933,0.78
14,52,3,0,11,1,573,0.97
14,52,3,0,12,0,310,1.89
14,52,3,0,13,0,204,3.04
14,52,3,0,14,0,203,0.0
14,52,3,0,15,0,276,2.86
14,52,3,0,16,0,434,1.59
14,52,3,0,17,1,958,7.81
14,52,3,0,18,1,1400,5.8
14,52,3,0,19,1,1330,2.47
14,52,3,0,20,1,839,4.33
14,52,3,0,21,0,518,2.51
14,52,3,0,22,0,281,1.12
14,52,3,0,23,0,203,0.0
14,53,4,0,0,0,178,0.0
14,53,4,0,1,0,172,2.48
14,53,4,0,2,0,179,1.61
14,53,4,0,3,0,183,0.15
14,53,4,0,4,0,169,0.08
14,53,4,0,5,0,204,1.69
14,53,4,0,6,0,299,2.17
14,53,4,0,7,0,512,3.35
14,53,4,0,8,1,938,5.23
14,53,4,0,9,1,1323,2.49
14,53,4,0,10,1,1092,5.86
14,53,4,0,11,1,641,1.41
14,53,4,0,12,0,301,2.25
14,53,4,0,13,0,216,1.48
14,53,4,0,14,0,196,2.27
14,53,4,0,15,0,303,0.98
14,53,4,0,16,0,479,0.82
14,53,4,0,17,1,1015,5.49
14,53,4,0,18,1,1274,4.8
14,53,4,0,19,1,1096,4.26
14,53,4,0,20,1,828,3.55
14,53,4,0,21,0,560,0.77
14,53,4,0,22,0,286,2.64
14,53,4,0,23,0,205,0.03
14,54,5,1,0,0,100,1.84
14,54,5,1,1,0,102,0.4
14,54,5,1,2,0,109,1.21
14,54,5,1,3,0,90,1.31
14,54,5,1,4,0,108,0.0
14,54,5,1,5,0,90,0.0
14,54,5,1,6,0,161,2.16
14,54,5,1,7,0,297,2.02
14,54,5,1,8,1,435,2.01
14,54,5,1,9,1,677,5.86
14,54,5,1,10,1,481,1.9
14,54,5,1,11,1,271,0.26
14,54,5,1,12,0,141,4.02
14,54,5,1,13,0,109,0.12
14,54,5,1,14,0,111,0.0
14,54,5,1,15,0,167,1.63
14,54,5,1,16,0,302,0.0
14,54,5,1,17,1,549,3.73
14,54,5,1,18,1,689,4.1
14,54,5,1,19,1,717,0.48
14,54,5,1,20,1,496,1.26
14,54,5,1,21,0,283,2.66
14,54,5,1,22,0,134,0.0
14,54,5,1,23,0,103,0.0
14,55,6,1,0,0,93,0.47
14,55,6,1,1,0,104,0.94
14,55,6,1,2,0,101,1.34
14,55,6,1,3,0,119,0.68
14,55,6,1,4,0,109,1.88
14,55,6,1,5,0,126,1.34
14,55,6,1,6,0,152,1.07
14,55,6,1,7,0,327,2.53
14,55,6,1,8,1,527,4.01
14,55,6,1,9,1,700,4.06
14,55,6,1,10,1,581,2.51
14,55,6,1,11,1,326,2.31
14,55,6,1,12,0,188,0.0
14,55,6,1,13,0,117,0.53
14,55,6,1,14,0,110,0.0
14,55,6,1,15,0,161,0.46
14,55,6,1,16,0,262,1.11
14,55,6,1,17,1,491,0.0
14,55,6,1,18,1,707,3.7
14,55,6,1,19,1,671,3.08
14,55,6,1,20,1,508,3.6
14,55,6,1,21,0,279,2.32
14,55,6,1,22,0,150,3.55
14,55,6,1,23,0,107,0.0
14,56,0,0,0,0,180,0.0
14,56,0,0,1,0,163,1.74
14,56,0,0,2,0,137,0.0
14,56,0,0,3,0,162,0.86
14,56,0,0,4,0,151,1.43
14,56,0,0,5,0,212,0.0
14,56,0,0,6,0,301,1.98
14,56,0,0,7,0,626,0.3
14,56,0,0,8,1,898,5.85
14,56,0,0,9,1,1188,3.96
14,56,0,0,10,1,1083,2.58
14,56,0,0,11,1,570,3.62
14,56,0,0,12,0,263,0.3
14,56,0,0,13,0,186,0.0
14,56,0,0,14,0,223,3.0
14,56,0,0,15,0,287,1.95
14,56,0,0,16,0,532,1.12
14,56,0,0,17,1,933,1.79
14,56,0,0,18,1,1179,4.59
14,56,0,0,19,1,1168,2.76
14,56,0,0,20,1,863,5.17
14,56,0,0,21,0,575,2.25
14,56,0,0,22,0,294,0.33
14,56,0,0,23,0,168,0.0
14,57,1,0,0,0,177,0.92
14,57,1,0,1,0,180,0.3
14,57,1,0,2,0,173,1.21
14,57,1,0,3,0,162,1.85
14,57,1,0,4,0,175,3.8
14,57,1,0,5,0,196,0.06
14,57,1,0,6,0,283,0.43
14,57,1,0,7,0,611,2.38
14,57,1,0,8,1,1112,5.14
14,57,1,0,9,1,1275,5.66
14,57,1,0,10,1,1129,5.5
14,57,1,0,11,1,596,3.02
14,57,1,0,12,0,269,4.93
14,57,1,0,13,0,213,1.79
14,57,1,0,14,0,203,0.0
14,57,1,0,15,0,275,1.21
14,57,1,0,16,0,477,0.66
14,57,1,0,17,1,891,4.72
14,57,1,0,18,1,1405,5.88
14,57,1,0,19,1,1219,4.33
14,57,1,0,20,1,923,4.02
14,57,1,0,21,0,529,1.46
14,57,1,0,22,0,293,1.85
14,57,1,0,23,0,195,0.0
14,58,2,0,0,0,168,3.02
14,58,2,0,1,0,157,2.6
14,58,2,0,2,0,156,0.0
14,58,2,0,3,0,176,3.38
14,58,2,0,4,0,184,0.41
14,58,2,0,5,0,186,1.53
14,58,2,0,6,0,284,0.79
14,58,2,0,7,0,566,3.34
14,58,2,0,8,1,1094,3.04
14,58,2,0,9,1,1208,3.74
14,58,2,0,10,1,1046,5.54
14,58,2,0,11,1,592,0.0
14,58,2,0,12,0,315,0.0
14,58,2,0,13,0,192,1.07
14,58,2,0,14,0,202,2.12
14,58,2,0,15,0,267,0.0
14,58,2,0,16,0,498,3.46
14,58,2,0,17,1,962,3.98
14,58,2,0,18,1,1412,7.37
14,58,2,0,19,1,1357,3.66
14,58,2,0,20,1,973,3.59
14,58,2,0,21,0,495,0.96
14,58,2,0,22,0,277,0.17
14,58,2,0,23,0,204,0.56
14,59,3,0,0,0,185,1.57
14,59,3,0,1,0,177,0.0
14,59,3,0,2,0,152,1.76
14,59,3,0,3,0,183,0.47
14,59,3,0,4,0,201,0.0
14,59,3,0,5,0,202,0.0
14,59,3,0,6,0,312,0.0
14,59,3,0,7,0,620,3.62
14,59,3,0,8,1,955,3.92
14,59,3,0,9,1,1180,5.36
14,59,3,0,10,1,1098,2.88
14,59,3,0,11,1,522,3.73
14,59,3,0,12,0,343,2.11
14,59,3,0,13,0,213,0.35
14,59,3,0,14,0,206,1.35
14,59,3,0,15,0,277,3.13
14,59,3,0,16,0,518,2.53
14,59,3,0,17,1,904,3.53
14,59,3,0,18,1,1401,5.82
14,59,3,0,19,1,1294,5.45
14,59,3,0,20,1,889,1.44
14,59,3,0,21,0,576,3.91
14,59,3,0,22,0,309,0.0
14,59,3,0,23,0,225,3.85
15,0,0,0,0,0,190,1.29
15,0,0,0,1,0,203,1.56
15,0,0,0,2,0,197,1.62
15,0,0,0,3,0,221,1.33
15,0,0,0,4,0,219,2.0
15,0,0,0,5,0,218,1.36
15,0,0,0,6,0,340,3.07
15,0,0,0,7,0,714,2.03
15,0,0,0,8,1,1256,7.13
15,0,0,0,9,1,1515,5.6
15,0,0,0,10,1,1086,1.39
15,0,0,0,11,1,731,0.9
15,0,0,0,12,0,314,1.41
15,0,0,0,13,0,241,3.17
15,0,0,0,14,0,241,0.56
15,0,0,0,15,0,316,0.0
15,0,0,0,16,0,657,3.96
15,0,0,0,17,1,1078,6.46
15,0,0,0,18,1,1597,7.2
15,0,0,0,19,1,1466,5.92
15,0,0,0,20,1,930,5.33
15,0,0,0,21,0,579,3.91
15,0,0,0,22,0,342,1.52
15,0,0,0,23,0,248,0.0
15,1,1,0,0,0,184,0.51
15,1,1,0,1,0,216,2.15
15,1,1,0,2,0,210,0.0
15,1,1,0,3,0,231,0.39
15,1,1,0,4,0,218,1.63
15,1,1,0,5,0,233,0.0
15,1,1,0,6,0,323,1.99
15,1,1,0,7,0,755,4.04
15,1,1,0,8,1,1233,1.95
15,1,1,0,9,1,1589,7.74
15,1,1,0,10,1,1241,5.37
15,1,1,0,11,1,698,4.63
15,1,1,0,12,0,340,1.93
15,1,1,0,13,0,229,0.94
15,1,1,0,14,0,237,1.87
15,1,1,0,15,0,311,1.07
15,1,1,0,16,0,604,2.22
15,1,1,0,17,1,1067,2.48
15,1,1,0,18,1,1535,5.23
15,1,1,0,19,1,1308,5.67
15,1,1,0,20,1,1083,4.98
15,1,1,0,21,0,610,3.07
15,1,1,0,22,0,361,2.7
15,1,1,0,23,0,249,1.86
15,2,2,0,0,0,223,0.25
15,2,2,0,1,0,220,2.62
15,2,2,0,2,0,205,2.88
15,2,2,0,3,0,203,1.52
15,2,2,0,4,0,194,1.98
15,2,2,0,5,0,255,0.98
15,2,2,0,6,0,305,1.28
15,2,2,0,7,0,623,2.63
15,2,2,0,8,1,1266,5.77
15,2,2,0,9,1,1283,4.64
15,2,2,0,10,1,1207,6.91
15,2,2,0,11,1,663,3.4
15,2,2,0,12,0,346,0.5
15,2,2,0,13,0,226,0.62
15,2,2,0,14,0,258,0.0
15,2,2,0,15,0,319,0.38
15,2,2,0,16,0,650,3.18
15,2,2,0,17,1,1170,0.68
15,2,2,0,18,1,1579,4.97
15,2,2,0,19,1,1401,5.32
15,2,2,0,20,1,1053,4.19
15,2,2,0,21,0,555,2.06
15,2,2,0,22,0,321,0.0
15,2,2,0,23,0,238,0.97
15,3,3,0,0,0,212,0.1
15,3,3,0,1,0,209,0.0
15,3,3,0,2,0,200,0.13
15,3,3,0,3,0,208,0.79
15,3,3,0,4,0,227,0.0
15,3,3,0,5,0,245,3.99
15,3,3,0,6,0,328,2.41
15,3,3,0,7,0,748,5.1
15,3,3,0,8,1,1159,6.26
15,3,3,0,9,1,1566,8.07
15,3,3,0,10,1,1253,6.77
15,3,3,0,11,1,659,1.95
15,3,3,0,12,0,282,0.49
15,3,3,0,13,0,229,0.0
15,3,3,0,14,0,235,2.55
15,3,3,0,15,0,300,4.01
15,3,3,0,16,0,606,3.69
15,3,3,0,17,1,1050,2.87
15,3,3,0,18,1,1534,7.28
15,3,3,0,19,1,1450,6.18
15,3,3,0,20,1,1054,3.24
15,3,3,0,21,0,604,1.36
15,3,3,0,22,0,343,4.85
15,3,3,0,23,0,252,0.73
15,4,4,0,0,0,215,2.56
15,4,4,0,1,0,207,1.67
15,4,4,0,2,0,221,1.28
15,4,4,0,3,0,212,2.42
15,4,4,0,4,0,241,0.83
15,4,4,0,5,0,255,0.0
15,4,4,0,6,0,354,0.0
15,4,4,0,7,0,629,0.96
15,4,4,0,8,1,1343,4.95
15,4,4,0,9,1,1459,5.51
15,4,4,0,10,1,1050,4.63
15,4,4,0,11,1,675,1.48
15,4,4,0,12,0,379,3.54
15,4,4,0,13,0,211,0.0
15,4,4,0,14,0,243,0.27
15,4,4,0,15,0,318,0.0
15,4,4,0,16,0,541,1.38
15,4,4,0,17,1,1065,4.56
15,4,4,0,18,1,1374,3.77
15,4,4,0,19,1,1324,6.78
15,4,4,0,20,1,1234,5.58
15,4,4,0,21,0,468,2.72
15,4,4,0,22,0,354,0.44
15,4,4,0,23,0,248,2.6
15,5,5,1,0,0,127,0.0
15,5,5,1,1,0,115,0.73
15,5,5,1,2,0,127,0.0
15,5,5,1,3,0,123,0.9
15,5,5,1,4,0,125,1.64
15,5,5,1,5,0,121,0.89
15,5,5,1,6,0,177,0.67
15,5,5,1,7,0,420,1.04
15,5,5,1,8,1,621,2.21
15,5,5,1,9,1,849,4.4
15,5,5,1,10,1,671,1.49
15,5,5,1,11,1,361,3.56
15,5,5,1,12,0,165,1.05
15,5,5,1,13,0,127,1.21
15,5,5,1,14,0,130,0.0
15,5,5,1,15,0,186,0.0
15,5,5,1,16,0,293,1.25
15,5,5,1,17,1,561,1.05
15,5,5,1,18,1,783,2.03
15,5,5,1,19,1,908,4.1
15,5,5,1,20,1,572,3.43
15,5,5,1,21,0,319,0.89
15,5,5,1,22,0,191,0.0
15,5,5,1,23,0,117,1.45
15,6,6,1,0,0,116,0.7
15,6,6,1,1,0,111,1.34
15,6,6,1,2,0,102,0.0
15,6,6,1,3,0,111,1.39
15,6,6,1,4,0,128,1.33
15,6,6,1,5,0,118,0.0
15,6,6,1,6,0,206,2.18
15,6,6,1,7,0,385,2.92
15,6,6,1,8,1,661,2.33
15,6,6,1,9,1,795,4.14
15,6,6,1,10,1,665,0.0
15,6,6,1,11,1,395,2.46
15,6,6,1,12,0,193,2.89
15,6,6,1,13,0,121,0.0
15,6,6,1,14,0,134,0.0
15,6,6,1,15,0,201,0.0
15,6,6,1,16,0,305,0.62
15,6,6,1,17,1,566,1.71
15,6,6,1,18,1,791,2.62
15,6,6,1,19,1,708,3.59
15,6,6,1,20,1,559,2.01
15,6,6,1,21,0,292,0.0
15,6,6,1,22,0,176,3.04
15,6,6,1,23,0,143,0.0
15,7,0,0,0,0,196,1.04
15,7,0,0,1,0,164,0.0
15,7,0,0,2,0,213,0.51
15,7,0,0,3,0,177,0.0
15,7,0,0,4,0,187,0.63
15,7,0,0,5,0,216,3.2
15,7,0,0,6,0,305,3.06
15,7,0,0,7,0,606,6.2
15,7,0,0,8,1,1250,1.67
15,7,0,0,9,1,1608,5.74
15,7,0,0,10,1,1275,5.08
15,7,0,0,11,1,652,2.23
15,7,0,0,12,0,309,0.57
15,7,0,0,13,0,211,0.14
15,7,0,0,14,0,238,2.54
15,7,0,0,15,0,362,1.43
15,7,0,0,16,0,536,2.07
15,7,0,0,17,1,1041,6.14
15,7,0,0,18,1,1573,6.64
15,7,0,0,19,1,1649,5.84
15,7,0,0,20,1,1107,3.67
15,7,0,0,21,0,566,0.0
15,7,0,0,22,0,326,1.5
15,7,0,0,23,0,229,1.6
15,8,1,0,0,0,226,0.88
15,8,1,0,1,0,219,1.44
15,8,1,0,2,0,227,1.71
15,8,1,0,3,0,240,1.36
15,8,1,0,4,0,195,2.67
15,8,1,0,5,0,244,1.69
15,8,1,0,6,0,299,3.43
15,8,1,0,7,0,725,3.37
15,8,1,0,8,1,917,3.16
15,8,1,0,9,1,1689,7.47
15,8,1,0,10,1,1072,3.45
15,8,1,0,11,1,650,4.29
15,8,1,0,12,0,300,2.79
15,8,1,0,13,0,250,4.36
15,8,1,0,14,0,244,0.0
15,8,1,0,15,0,322,0.0
15,8,1,0,16,0,607,5.04
15,8,1,0,17,1,982,5.33
15,8,1,0,18,1,1397,3.26
15,8,1,0,19,1,1658,6.98
15,8,1,0,20,1,1096,5.68
15,8,1,0,21,0,509,1.64
15,8,1,0,22,0,281,0.34
15,8,1,0,23,0,253,1.69
15,9,2,0,0,0,199,0.83
15,9,2,0,1,0,206,1.29
15,9,2,0,2,0,198,0.61
15,9,2,0,3,0,212,1.49
15,9,2,0,4,0,215,0.0
15,9,2,0,5,0,208,1.77
15,9,2,0,6,0,334,0.67
15,9,2,0,7,0,657,2.25
15,9,2,0,8,1,1019,6.67
15,9,2,0,9,1,1452,5.83
15,9,2,0,10,1,1195,6.22
15,9,2,0,11,1,708,2.72
15,9,2,0,12,0,318,3.13
15,9,2,0,13,0,236,1.84
15,9,2,0,14,0,214,1.83
15,9,2,0,15,0,286,0.55
15,9,2,0,16,0,595,4.99
15,9,2,0,17,1,1110,6.6
15,9,2,0,18,1,1524,4.43
15,9,2,0,19,1,1340,6.5
15,9,2,0,20,1,970,1.56
15,9,2,0,21,0,543,2.57
15,9,2,0,22,0,303,3.09
15,9,2,0,23,0,240,1.24
15,10,3,0,0,0,215,1.77
15,10,3,0,1,0,219,0.0
15,10,3,0,2,0,230,1.86
15,10,3,0,3,0,202,1.97
15,10,3,0,4,0,189,2.04
15,10,3,0,5,0,237,0.0
15,10,3,0,6,0,396,0.0
15,10,3,0,7,0,702,4.93
15,10,3,0,8,1,939,4.1
15,10,3,0,9,1,1569,7.95
15,10,3,0,10,1,1303,6.6
15,10,3,0,11,1,653,3.3
15,10,3,0,12,0,397,3.48
15,10,3,0,13,0,222,2.49
15,10,3,0,14,0,260,0.0
15,10,3,0,15,0,323,0.86
15,10,3,0,16,0,632,1.91
15,10,3,0,17,1,1001,5.64
15,10,3,0,18,1,1328,5.59
15,10,3,0,19,1,1384,7.17
15,10,3,0,20,1,1003,4.07
15,10,3,0,21,0,476,1.91
15,10,3,0,22,0,319,1.38
15,10,3,0,23,0,256,1.92
15,11,4,0,0,0,215,0.0
15,11,4,0,1,0,245,0.0
15,11,4,0,2,0,189,0.0
15,11,4,0,3,0,212,0.91
15,11,4,0,4,0,198,1.06
15,11,4,0,5,0,253,1.1
15,11,4,0,6,0,307,1.07
15,11,4,0,7,0,627,0.41
15,11,4,0,8,1,1191,3.41
15,11,4,0,9,1,1426,6.34
15,11,4,0,10,1,1218,6.68
15,11,4,0,11,1,579,2.01
15,11,4,0,12,0,369,0.0
15,11,4,0,13,0,232,1.23
15,11,4,0,14,0,214,0.0
15,11,4,0,15,0,293,1.59
15,11,4,0,16,0,471,0.74
15,11,4,0,17,1,994,5.34
15,11,4,0,18,1,1286,7.09
15,11,4,0,19,1,1558,7.8
15,11,4,0,20,1,1018,3.44
15,11,4,0,21,0,552,3.08
15,11,4,0,22,0,314,0.04
15,11,4,0,23,0,225,1.46
15,12,5,1,0,0,103,0.0
15,12,5,1,1,0,127,0.0
15,12,5,1,2,0,128,0.0
15,12,5,1,3,0,102,2.46
15,12,5,1,4,0,132,0.0
15,12,5,1,5,0,138,0.71
15,12,5,1,6,0,190,1.23
15,12,5,1,7,0,369,1.63
15,12,5,1,8,1,653,1.75
15,12,5,1,9,1,760,1.32
15,12,5,1,10,1,554,2.08
15,12,5,1,11,1,344,0.0
15,12,5,1,12,0,175,0.0
15,12,5,1,13,0,123,2.58
15,12,5,1,14,0,123,2.66
15,12,5,1,15,0,167,1.39
15,12,5,1,16,0,298,3.77
15,12,5,1,17,1,636,3.67
15,12,5,1,18,1,936,5.05
15,12,5,1,19,1,837,1.32
15,12,5,1,20,1,470,0.0
15,12,5,1,21,0,280,0.0
15,12,5,1,22,0,193,0.0
15,12,5,1,23,0,123,0.58
15,13,6,1,0,0,115,0.0
15,13,6,1,1,0,126,0.54
15,13,6,1,2,0,116,4.18
15,13,6,1,3,0,131,0.55
15,13,6,1,4,0,121,0.0
15,13,6,1,5,0,106,1.45
15,13,6,1,6,0,172,1.53
15,13,6,1,7,0,432,0.0
15,13,6,1,8,1,534,0.76
15,13,6,1,9,1,858,5.31
15,13,6,1,10,1,695,3.21
15,13,6,1,11,1,369,1.66
15,13,6,1,12,0,205,0.0
15,13,6,1,13,0,129,0.0
15,13,6,1,14,0,132,0.56
15,13,6,1,15,0,215,0.0
15,13,6,1,16,0,348,0.62
15,13,6,1,17,1,618,3.6
15,13,6,1,18,1,790,1.61
15,13,6,1,19,1,740,3.12
15,13,6,1,20,1,546,1.84
15,13,6,1,21,0,291,1.93
15,13,6,1,22,0,165,0.04
15,13,6,1,23,0,141,0.79
15,14,0,0,0,0,221,0.0
15,14,0,0,1,0,213,1.5
15,14,0,0,2,0,193,0.86
15,14,0,0,3,0,202,1.22
15,14,0,0,4,0,189,0.0
15,14,0,0,5,0,206,0.0
15,14,0,0,6,0,324,2.07
15,14,0,0,7,0,676,2.84
15,14,0,0,8,1,1094,4.34
15,14,0,0,9,1,1612,6.89
15,14,0,0,10,1,1264,4.3
15,14,0,0,11,1,645,3.36
15,14,0,0,12,0,316,1.08
15,14,0,0,13,0,238,0.37
15,14,0,0,14,0,218,0.0
15,14,0,0,15,0,288,1.57
15,14,0,0,16,0,628,1.75
15,14,0,0,17,1,1285,4.0
15,14,0,0,18,1,1383,6.69
15,14,0,0,19,1,1543,7.18
15,14,0,0,20,1,1145,3.18
15,14,0,0,21,0,606,0.33
15,14,0,0,22,0,351,2.9
15,14,0,0,23,0,251,0.92
15,15,1,0,0,0,226,1.16
15,15,1,0,1,0,232,0.46
15,15,1,0,2,0,203,1.45
15,15,1,0,3,0,188,0.4
15,15,1,0,4,0,210,0.0
15,15,1,0,5,0,234,1.68
15,15,1,0,6,0,364,0.0
15,15,1,0,7,0,725,0.0
15,15,1,0,8,1,1101,7.47
15,15,1,0,9,1,1483,4.36
15,15,1,0,10,1,1058,2.33
15,15,1,0,11,1,620,3.94
15,15,1,0,12,0,357,3.03
15,15,1,0,13,0,215,0.0
15,15,1,0,14,0,246,0.89
15,15,1,0,15,0,303,2.71
15,15,1,0,16,0,650,5.19
15,15,1,0,17,1,967,5.71
15,15,1,0,18,1,1516,5.13
15,15,1,0,19,1,1612,5.12
15,15,1,0,20,1,1001,5.36
15,15,1,0,21,0,560,2.85
15,15,1,0,22,0,310,1.5
15,15,1,0,23,0,237,0.0
15,16,2,0,0,0,212,0.06
15,16,2,0,1,0,193,0.0
15,16,2,0,2,0,190,0.0
15,16,2,0,3,0,219,0.0
15,16,2,0,4,0,213,1.41
15,16,2,0,5,0,250,0.18
15,16,2,0,6,0,346,0.0
15,16,2,0,7,0,601,2.95
15,16,2,0,8,1,1384,6.53
15,16,2,0,9,1,1322,3.6
15,16,2,0,10,1,1246,6.07
15,16,2,0,11,1,674,2.38
15,16,2,0,12,0,356,0.0
15,16,2,0,13,0,254,1.55
15,16,2,0,14,0,219,0.75
15,16,2,0,15,0,413,1.21
15,16,2,0,16,0,615,3.71
15,16,2,0,17,1,1070,3.68
15,16,2,0,18,1,1384,5.27
15,16,2,0,19,1,1453,7.72
15,16,2,0,20,1,1189,7.47
15,16,2,0,21,0,572,3.86
15,16,2,0,22,0,330,0.0
15,16,2,0,23,0,204,0.33
15,17,3,0,0,0,206,0.0
15,17,3,0,1,0,230,3.15
15,17,3,0,2,0,206,3.12
15,17,3,0,3,0,216,0.0
15,17,3,0,4,0,177,1.22
15,17,3,0,5,0,229,0.0
15,17,3,0,6,0,353,4.69
15,17,3,0,7,0,675,2.06
15,17,3,0,8,1,1120,2.7
15,17,3,0,9,1,1560,5.6
15,17,3,0,10,1,1174,4.08
15,17,3,0,11,1,757,0.9
15,17,3,0,12,0,360,2.75
15,17,3,0,13,0,221,1.79
15,17,3,0,14,0,231,2.15
15,17,3,0,15,0,298,1.6
15,17,3,0,16,0,592,3.18
15,17,3,0,17,1,853,2.33
15,17,3,0,18,1,1539,8.78
15,17,3,0,19,1,1593,6.98
15,17,3,0,20,1,983,4.38
15,17,3,0,21,0,616,5.14
15,17,3,0,22,0,300,0.63
15,17,3,0,23,0,269,0.78
15,18,4,0,0,0,217,0.0
15,18,4,0,1,0,203,1.3
15,18,4,0,2,0,202,1.08
15,18,4,0,3,0,213,0.96
15,18,4,0,4,0,199,2.04
15,18,4,0,5,0,235,0.0
15,18,4,0,6,0,319,0.0
15,18,4,0,7,0,736,1.87
15,18,4,0,8,1,1101,2.92
15,18,4,0,9,1,1232,8.23
15,18,4,0,10,1,1196,3.46
15,18,4,0,11,1,652,0.72
15,18,4,0,12,0,347,1.16
15,18,4,0,13,0,256,0.0
15,18,4,0,14,0,241,0.99
15,18,4,0,15,0,301,1.74
15,18,4,0,16,0,585,3.83
15,18,4,0,17,1,1088,3.63
15,18,4,0,18,1,1575,6.73
15,18,4,0,19,1,1409,7.06
15,18,4,0,20,1,1127,3.15
15,18,4,0,21,0,554,2.4
15,18,4,0,22,0,314,0.77
15,18,4,0,23,0,217,1.13
15,19,5,1,0,0,117,0.0
15,19,5,1,1,0,111,0.0
15,19,5,1,2,0,117,1.33
15,19,5,1,3,0,121,0.0
15,19,5,1,4,0,121,0.0
15,19,5,1,5,0,141,0.0
15,19,5,1,6,0,167,0.0
15,19,5,1,7,0,412,2.6
15,19,5,1,8,1,746,3.44
15,19,5,1,9,1,893,3.03
15,19,5,1,10,1,584,2.88
15,19,5,1,11,1,371,2.23
15,19,5,1,12,0,200,1.4
15,19,5,1,13,0,128,0.44
15,19,5,1,14,0,134,0.0
15,19,5,1,15,0,168,3.82
15,19,5,1,16,0,311,2.26
15,19,5,1,17,1,561,1.94
15,19,5,1,18,1,668,3.61
15,19,5,1,19,1,774,0.05
15,19,5,1,20,1,514,2.22
15,19,5,1,21,0,306,0.01
15,19,5,1,22,0,171,0.0
15,19,5,1,23,0,111,1.4
15,20,6,1,0,0,119,1.32
15,20,6,1,1,0,120,1.14
15,20,6,1,2,0,128,1.41
15,20,6,1,3,0,115,2.77
15,20,6,1,4,0,121,1.34
15,20,6,1,5,0,122,0.54
15,20,6,1,6,0,170,0.0
15,20,6,1,7,0,318,0.94
15,20,6,1,8,1,724,3.55
15,20,6,1,9,1,861,2.15
15,20,6,1,10,1,668,5.72
15,20,6,1,11,1,392,1.01
15,20,6,1,12,0,162,0.0
15,20,6,1,13,0,136,0.88
15,20,6,1,14,0,147,0.69
15,20,6,1,15,0,156,0.28
15,20,6,1,16,0,325,0.72
15,20,6,1,17,1,579,2.88
15,20,6,1,18,1,677,1.7
15,20,6,1,19,1,890,5.98
15,20,6,1,20,1,520,0.17
15,20,6,1,21,0,343,4.41
15,20,6,1,22,0,181,0.89
15,20,6,1,23,0,120,2.0
15,21,0,0,0,0,204,3.17
15,21,0,0,1,0,215,1.25
15,21,0,0,2,0,195,0.0
15,21,0,0,3,0,199,0.66
15,21,0,0,4,0,230,2.15
15,21,0,0,5,0,223,0.0
15,21,0,0,6,0,321,1.51
15,21,0,0,7,0,683,5.48
15,21,0,0,8,1,1323,6.48
15,21,0,0,9,1,1389,5.98
15,21,0,0,10,1,1236,6.92
15,21,0,0,11,1,618,3.81
15,21,0,0,12,0,358,0.67
15,21,0,0,13,0,260,0.0
15,21,0,0,14,0,275,3.07
15,21,0,0,15,0,318,0.64
15,21,0,0,16,0,587,1.22
15,21,0,0,17,1,1035,5.37
15,21,0,0,18,1,1387,6.96
15,21,0,0,19,1,1441,7.4
15,21,0,0,20,1,1169,3.18
15,21,0,0,21,0,489,2.2
15,21,0,0,22,0,330,0.0
15,21,0,0,23,0,263,0.51
15,22,1,0,0,0,220,0.0
15,22,1,0,1,0,184,2.49
15,22,1,0,2,0,193,1.95
15,22,1,0,3,0,195,0.45
15,22,1,0,4,0,209,0.8
15,22,1,0,5,0,220,1.96
15,22,1,0,6,0,367,3.3
15,22,1,0,7,0,647,0.91
15,22,1,0,8,1,1207,5.38
15,22,1,0,9,1,1509,8.34
15,22,1,0,10,1,1198,7.94
15,22,1,0,11,1,718,4.24
15,22,1,0,12,0,344,0.91
15,22,1,0,13,0,223,1.17
15,22,1,0,14,0,251,0.71
15,22,1,0,15,0,314,0.0
15,22,1,0,16,0,613,0.85
15,22,1,0,17,1,1088,4.78
15,22,1,0,18,1,1454,7.62
15,22,1,0,19,1,1657,3.47
15,22,1,0,20,1,929,4.59
15,22,1,0,21,0,669,0.63
15,22,1,0,22,0,334,0.0
15,22,1,0,23,0,197,3.89
15,23,2,0,0,0,215,0.0
15,23,2,0,1,0,205,0.0
15,23,2,0,2,0,202,0.34
15,23,2,0,3,0,213,1.53
15,23,2,0,4,0,200,0.0
15,23,2,0,5,0,239,0.0
15,23,2,0,6,0,323,1.45
15,23,2,0,7,0,673,2.03
15,23,2,0,8,1,1287,5.89
15,23,2,0,9,1,1701,6.43
15,23,2,0,10,1,1254,7.2
15,23,2,0,11,1,623,1.95
15,23,2,0,12,0,375,2.51
15,23,2,0,13,0,235,0.0
15,23,2,0,14,0,210,0.16
15,23,2,0,15,0,303,0.04
15,23,2,0,16,0,502,0.0
15,23,2,0,17,1,980,4.1
15,23,2,0,18,1,1430,5.81
15,23,2,0,19,1,1472,3.34
15,23,2,0,20,1,1144,5.68
15,23,2,0,21,0,591,1.57
15,23,2,0,22,0,358,0.0
15,23,2,0,23,0,250,0.0
15,24,3,0,0,0,231,1.62
15,24,3,0,1,0,224,1.21
15,24,3,0,2,0,216,0.91
15,24,3,0,3,0,192,2.41
15,24,3,0,4,0,207,0.97
15,24,3,0,5,0,202,0.54
15,24,3,0,6,0,352,4.0
15,24,3,0,7,0,667,2.15
15,24,3,0,8,1,1124,3.54
15,24,3,0,9,1,1674,5.1
15,24,3,0,10,1,1148,6.73
15,24,3,0,11,1,733,6.41
15,24,3,0,12,0,371,1.85
15,24,3,0,13,0,247,0.0
15,24,3,0,14,0,232,0.0
15,24,3,0,15,0,360,0.0
15,24,3,0,16,0,577,0.73
15,24,3,0,17,1,1139,4.81
15,24,3,0,18,1,1467,4.1
15,24,3,0,19,1,1638,5.16
15,24,3,0,20,1,1020,4.07
15,24,3,0,21,0,614,2.02
15,24,3,0,22,0,360,1.52
15,24,3,0,23,0,263,0.0
15,25,4,0,0,0,218,0.0
15,25,4,0,1,0,206,0.0
15,25,4,0,2,0,232,2.99
15,25,4,0,3,0,230,2.36
15,25,4,0,4,0,258,1.35
15,25,4,0,5,0,263,1.04
15,25,4,0,6,0,358,2.67
15,25,4,0,7,0,574,2.13
15,25,4,0,8,1,1166,4.63
15,25,4,0,9,1,1381,5.77
15,25,4,0,10,1,1221,3.38
15,25,4,0,11,1,673,2.32
15,25,4,0,12,0,375,2.37
15,25,4,0,13,0,220,2.35
15,25,4,0,14,0,233,1.03
15,25,4,0,15,0,299,1.5
15,25,4,0,16,0,633,2.17
15,25,4,0,17,1,1188,6.11
15,25,4,0,18,1,1372,5.88
15,25,4,0,19,1,1308,3.78
15,25,4,0,20,1,907,1.22
15,25,4,0,21,0,575,2.02
15,25,4,0,22,0,329,0.0
15,25,4,0,23,0,247,0.67
15,26,5,1,0,0,117,0.0
15,26,5,1,1,0,115,1.64
15,26,5,1,2,0,94,0.43
15,26,5,1,3,0,107,2.74
15,26,5,1,4,0,104,3.66
15,26,5,1,5,0,141,0.73
15,26,5,1,6,0,166,0.0
15,26,5,1,7,0,389,1.72
15,26,5,1,8,1,595,4.04
15,26,5,1,9,1,799,3.62
15,26,5,1,10,1,705,4.14
15,26,5,1,11,1,401,2.65
15,26,5,1,12,0,178,0.65
15,26,5,1,13,0,143,0.0
15,26,5,1,14,0,117,1.28
15,26,5,1,15,0,176,0.0
15,26,5,1,16,0,342,2.05
15,26,5,1,17,1,702,3.1
15,26,5,1,18,1,945,5.26
15,26,5,1,19,1,687,2.79
15,26,5,1,20,1,577,2.17
15,26,5,1,21,0,301,2.41
15,26,5,1,22,0,173,2.46
15,26,5,1,23,0,138,0.19
15,27,6,1,0,0,109,0.0
15,27,6,1,1,0,115,0.94
15,27,6,1,2,0,111,0.0
15,27,6,1,3,0,117,2.02
15,27,6,1,4,0,118,0.43
15,27,6,1,5,0,130,0.0
15,27,6,1,6,0,184,0.0
15,27,6,1,7,0,353,0.04
15,27,6,1,8,1,604,0.94
15,27,6,1,9,1,955,3.74
15,27,6,1,10,1,716,4.0
15,27,6,1,11,1,389,2.37
15,27,6,1,12,0,219,1.52
15,27,6,1,13,0,111,0.18
15,27,6,1,14,0,118,0.0
15,27,6,1,15,0,184,0.0
15,27,6,1,16,0,326,0.0
15,27,6,1,17,1,571,3.45
15,27,6,1,18,1,766,1.29
15,27,6,1,19,1,786,4.07
15,27,6,1,20,1,594,2.27
15,27,6,1,21,0,302,0.6
15,27,6,1,22,0,187,0.55
15,27,6,1,23,0,130,0.0
15,28,0,0,0,0,190,3.76
15,28,0,0,1,0,222,1.3
15,28,0,0,2,0,206,2.96
15,28,0,0,3,0,196,1.79
15,28,0,0,4,0,212,0.45
15,28,0,0,5,0,227,2.87
15,28,0,0,6,0,290,3.66
15,28,0,0,7,0,726,2.96
15,28,0,0,8,1,1165,4.64
15,28,0,0,9,1,1522,7.94
15,28,0,0,10,1,1233,5.35
15,28,0,0,11,1,672,0.0
15,28,0,0,12,0,296,2.83
15,28,0,0,13,0,244,2.22
15,28,0,0,14,0,250,1.92
15,28,0,0,15,0,346,0.1
15,28,0,0,16,0,615,3.14
15,28,0,0,17,1,1166,0.0
15,28,0,0,18,1,1751,8.28
15,28,0,0,19,1,1500,4.57
15,28,0,0,20,1,1030,4.64
15,28,0,0,21,0,667,4.96
15,28,0,0,22,0,339,2.45
15,28,0,0,23,0,236,0.0
15,29,1,0,0,0,196,2.23
15,29,1,0,1,0,221,0.0
15,29,1,0,2,0,196,1.75
15,29,1,0,3,0,204,0.0
15,29,1,0,4,0,217,1.88
15,29,1,0,5,0,211,0.34
15,29,1,0,6,0,361,3.81
15,29,1,0,7,0,687,1.98
15,29,1,0,8,1,1108,4.43
15,29,1,0,9,1,1460,2.6
15,29,1,0,10,1,1026,0.68
15,29,1,0,11,1,672,4.27
15,29,1,0,12,0,366,0.0
15,29,1,0,13,0,218,0.0
15,29,1,0,14,0,236,2.33
15,29,1,0,15,0,353,0.39
15,29,1,0,16,0,594,1.26
15,29,1,0,17,1,1056,3.27
15,29,1,0,18,1,1404,3.63
15,29,1,0,19,1,1116,3.89
15,29,1,0,20,1,1083,4.64
15,29,1,0,21,0,518,0.0
15,29,1,0,22,0,321,0.0
15,29,1,0,23,0,224,0.0
15,30,2,0,0,0,183,2.49
15,30,2,0,1,0,217,0.83
15,30,2,0,2,0,224,0.92
15,30,2,0,3,0,203,3.3
15,30,2,0,4,0,240,0.0
15,30,2,0,5,0,237,1.16
15,30,2,0,6,0,365,0.0
15,30,2,0,7,0,739,1.57
15,30,2,0,8,1,1174,2.99
15,30,2,0,9,1,1402,4.06
15,30,2,0,10,1,1096,5.54
15,30,2,0,11,1,669,5.67
15,30,2,0,12,0,336,0.17
15,30,2,0,13,0,225,0.67
15,30,2,0,14,0,240,0.36
15,30,2,0,15,0,290,2.56
15,30,2,0,16,0,646,1.95
15,30,2,0,17,1,1180,3.96
15,30,2,0,18,1,1593,4.95
15,30,2,0,19,1,1749,4.36
15,30,2,0,20,1,961,7.14
15,30,2,0,21,0,508,1.66
15,30,2,0,22,0,310,1.29
15,30,2,0,23,0,237,0.59
15,31,3,0,0,0,221,3.0
15,31,3,0,1,0,199,0.0
15,31,3,0,2,0,198,1.24
15,31,3,0,3,0,212,2.17
15,31,3,0,4,0,243,1.29
15,31,3,0,5,0,224,0.0
15,31,3,0,6,0,336,2.62
15,31,3,0,7,0,638,3.45
15,31,3,0,8,1,1084,4.31
15,31,3,0,9,1,1283,4.28
15,31,3,0,10,1,1327,5.7
15,31,3,0,11,1,664,3.06
15,31,3,0,12,0,356,1.91
15,31,3,0,13,0,239,0.0
15,31,3,0,14,0,207,1.92
15,31,3,0,15,0,289,1.7
15,31,3,0,16,0,636,1.0
15,31,3,0,17,1,999,3.77
15,31,3,0,18,1,1366,4.11
15,31,3,0,19,1,1407,4.47
15,31,3,0,20,1,1095,4.5
15,31,3,0,21,0,521,4.68
15,31,3,0,22,0,316,1.16
15,31,3,0,23,0,222,0.87
15,32,4,0,0,0,194,0.0
15,32,4,0,1,0,203,2.96
15,32,4,0,2,0,218,2.7
15,32,4,0,3,0,199,0.0
15,32,4,0,4,0,203,1.58
15,32,4,0,5,0,251,0.59
15,32,4,0,6,0,303,2.67
15,32,4,0,7,0,731,3.69
15,32,4,0,8,1,1323,2.42
15,32,4,0,9,1,1357,5.46
15,32,4,0,10,1,1087,5.72
15,32,4,0,11,1,608,4.45
15,32,4,0,12,0,318,3.37
15,32,4,0,13,0,219,0.0
15,32,4,0,14,0,237,1.97
15,32,4,0,15,0,297,3.57
15,32,4,0,16,0,653,2.35
15,32,4,0,17,1,1081,4.35
15,32,4,0,18,1,1547,7.46
15,32,4,0,19,1,1275,7.62
15,32,4,0,20,1,1154,3.05
15,32,4,0,21,0,657,5.49
15,32,4,0,22,0,279,2.15
15,32,4,0,23,0,249,1.54
15,33,5,1,0,0,125,0.8
15,33,5,1,1,0,119,0.0
15,33,5,1,2,0,109,2.33
15,33,5,1,3,0,108,0.35
15,33,5,1,4,0,105,0.0
15,33,5,1,5,0,131,0.32
15,33,5,1,6,0,160,0.0
15,33,5,1,7,0,410,3.24
15,33,5,1,8,1,654,3.12
15,33,5,1,9,1,764,5.13
15,33,5,1,10,1,639,0.71
15,33,5,1,11,1,319,0.0
15,33,5,1,12,0,176,3.17
15,33,5,1,13,0,157,2.23
15,33,5,1,14,0,111,0.0
15,33,5,1,15,0,162,0.22
15,33,5,1,16,0,302,2.14
15,33,5,1,17,1,566,3.58
15,33,5,1,18,1,847,5.35
15,33,5,1,19,1,761,4.47
15,33,5,1,20,1,545,2.1
15,33,5,1,21,0,302,1.74
15,33,5,1,22,0,196,2.54
15,33,5,1,23,0,131,0.31
15,34,6,1,0,0,114,2.75
15,34,6,1,1,0,107,1.13
15,34,6,1,2,0,125,0.49
15,34,6,1,3,0,123,3.82
15,34,6,1,4,0,115,0.08
15,34,6,1,5,0,130,1.26
15,34,6,1,6,0,207,2.72
15,34,6,1,7,0,379,0.0
15,34,6,1,8,1,577,3.76
15,34,6,1,9,1,765,4.62
15,34,6,1,10,1,696,2.51
15,34,6,1,11,1,344,1.12
15,34,6,1,12,0,191,0.0
15,34,6,1,13,0,139,1.61
15,34,6,1,14,0,131,0.81
15,34,6,1,15,0,198,0.0
15,34,6,1,16,0,314,1.35
15,34,6,1,17,1,553,2.02
15,34,6,1,18,1,706,2.25
15,34,6,1,19,1,800,2.08
15,34,6,1,20,1,640,3.22
15,34,6,1,21,0,321,0.39
15,34,6,1,22,0,156,0.0
15,34,6,1,23,0,128,0.4
15,35,0,0,0,0,196,3.29
15,35,0,0,1,0,227,0.25
15,35,0,0,2,0,219,2.82
15,35,0,0,3,0,215,0.61
15,35,0,0,4,0,181,0.62
15,35,0,0,5,0,218,0.0
15,35,0,0,6,0,332,1.0
15,35,0,0,7,0,651,0.6
15,35,0,0,8,1,1021,5.32
15,35,0,0,9,1,1664,6.81
15,35,0,0,10,1,1083,5.82
15,35,0,0,11,1,782,4.95
15,35,0,0,12,0,378,0.0
15,35,0,0,13,0,224,2.71
15,35,0,0,14,0,212,0.02
15,35,0,0,15,0,328,2.12
15,35,0,0,16,0,576,2.32
15,35,0,0,17,1,1068,3.93
15,35,0,0,18,1,1411,5.46
15,35,0,0,19,1,1406,6.96
15,35,0,0,20,1,1080,4.21
15,35,0,0,21,0,577,3.87
15,35,0,0,22,0,314,2.34
15,35,0,0,23,0,254,1.75
15,36,1,0,0,0,182,0.09
15,36,1,0,1,0,195,0.0
15,36,1,0,2,0,227,1.48
15,36,1,0,3,0,166,0.65
15,36,1,0,4,0,200,2.19
15,36,1,0,5,0,220,1.36
15,36,1,0,6,0,350,0.17
15,36,1,0,7,0,617,5.51
15,36,1,0,8,1,1224,4.97
15,36,1,0,9,1,1607,9.06
15,36,1,0,10,1,1330,3.26
15,36,1,0,11,1,673,2.28
15,36,1,0,12,0,393,2.64
15,36,1,0,13,0,211,0.0
15,36,1,0,14,0,265,1.04
15,36,1,0,15,0,322,0.77
15,36,1,0,16,0,550,2.26
15,36,1,0,17,1,1122,4.45
15,36,1,0,18,1,1593,7.4
15,36,1,0,19,1,1576,6.58
15,36,1,0,20,1,1040,2.43
15,36,1,0,21,0,635,2.92
15,36,1,0,22,0,317,0.0
15,36,1,0,23,0,256,1.0
15,37,2,0,0,0,240,0.0
15,37,2,0,1,0,214,0.0
15,37,2,0,2,0,197,0.37
15,37,2,0,3,0,219,1.28
15,37,2,0,4,0,202,0.0
15,37,2,0,5,0,200,0.0
15,37,2,0,6,0,321,3.07
15,37,2,0,7,0,650,2.02
15,37,2,0,8,1,1207,6.88
15,37,2,0,9,1,1623,10.08
15,37,2,0,10,1,1054,4.46
15,37,2,0,11,1,665,0.0
15,37,2,0,12,0,310,2.61
15,37,2,0,13,0,245,1.76
15,37,2,0,14,0,243,0.0
15,37,2,0,15,0,295,0.38
15,37,2,0,16,0,628,2.71
15,37,2,0,17,1,1131,7.46
15,37,2,0,18,1,1283,4.95
15,37,2,0,19,1,1457,4.58
15,37,2,0,20,1,1091,8.65
15,37,2,0,21,0,544,3.08
15,37,2,0,22,0,296,0.0
15,37,2,0,23,0,221,1.29
15,38,3,0,0,0,216,3.53
15,38,3,0,1,0,214,0.88
15,38,3,0,2,0,223,1.26
15,38,3,0,3,0,209,0.57
15,38,3,0,4,0,222,1.68
15,38,3,0,5,0,227,3.07
15,38,3,0,6,0,364,2.9
15,38,3,0,7,0,622,1.72
15,38,3,0,8,1,1331,6.88
15,38,3,0,9,1,1299,5.7
15,38,3,0,10,1,1278,3.57
15,38,3,0,11,1,725,2.98
15,38,3,0,12,0,383,1.34
15,38,3,0,13,0,208,1.62
15,38,3,0,14,0,213,0.0
15,38,3,0,15,0,276,0.0
15,38,3,0,16,0,652,2.83
15,38,3,0,17,1,1035,2.83
15,38,3,0,18,1,1494,5.64
15,38,3,0,19,1,1751,7.04
15,38,3,0,20,1,1093,3.42
15,38,3,0,21,0,588,3.05
15,38,3,0,22,0,299,2.09
15,38,3,0,23,0,234,0.0
15,39,4,0,0,0,223,1.62
15,39,4,0,1,0,213,0.0
15,39,4,0,2,0,250,0.12
15,39,4,0,3,0,159,1.41
15,39,4,0,4,0,209,0.0
15,39,4,0,5,0,227,0.81
15,39,4,0,6,0,321,1.45
15,39,4,0,7,0,690,2.69
15,39,4,0,8,1,1099,5.1
15,39,4,0,9,1,1275,5.71
15,39,4,0,10,1,1216,4.54
15,39,4,0,11,1,644,0.73
15,39,4,0,12,0,327,0.09
15,39,4,0,13,0,216,0.0
15,39,4,0,14,0,259,2.18
15,39,4,0,15,0,387,1.9
15,39,4,0,16,0,623,2.38
15,39,4,0,17,1,1182,4.65
15,39,4,0,18,1,1585,6.62
15,39,4,0,19,1,1686,6.02
15,39,4,0,20,1,1151,4.44
15,39,4,0,21,0,549,2.12
15,39,4,0,22,0,265,2.46
15,39,4,0,23,0,244,3.82
15,40,5,1,0,0,106,0.0
15,40,5,1,1,0,103,0.96
15,40,5,1,2,0,111,0.0
15,40,5,1,3,0,118,2.13
15,40,5,1,4,0,117,0.0
15,40,5,1,5,0,139,0.17
15,40,5,1,6,0,183,1.5
15,40,5,1,7,0,349,2.93
15,40,5,1,8,1,605,1.5
15,40,5,1,9,1,731,4.22
15,40,5,1,10,1,723,2.66
15,40,5,1,11,1,382,2.08
15,40,5,1,12,0,192,0.0
15,40,5,1,13,0,122,1.63
15,40,5,1,14,0,141,1.99
15,40,5,1,15,0,178,1.92
15,40,5,1,16,0,284,0.0
15,40,5,1,17,1,516,6.3
15,40,5,1,18,1,943,1.38
15,40,5,1,19,1,794,2.53
15,40,5,1,20,1,640,3.54
15,40,5,1,21,0,314,2.1
15,40,5,1,22,0,189,0.0
15,40,5,1,23,0,133,0.5
15,41,6,1,0,0,104,0.0
15,41,6,1,1,0,117,0.66
15,41,6,1,2,0,113,0.0
15,41,6,1,3,0,115,0.0
15,41,6,1,4,0,132,0.0
15,41,6,1,5,0,132,2.95
15,41,6,1,6,0,205,1.27
15,41,6,1,7,0,366,1.43
15,41,6,1,8,1,568,0.44
15,41,6,1,9,1,821,2.72
15,41,6,1,10,1,574,2.73
15,41,6,1,11,1,391,3.31
15,41,6,1,12,0,196,0.0
15,41,6,1,13,0,136,0.97
15,41,6,1,14,0,119,0.0
15,41,6,1,15,0,190,1.23
15,41,6,1,16,0,330,1.42
15,41,6,1,17,1,608,1.66
15,41,6,1,18,1,800,4.32
15,41,6,1,19,1,811,2.12
15,41,6,1,20,1,548,2.26
15,41,6,1,21,0,257,3.65
15,41,6,1,22,0,175,1.43
15,41,6,1,23,0,134,0.91
15,42,0,0,0,0,186,0.0
15,42,0,0,1,0,184,2.38
15,42,0,0,2,0,183,0.0
15,42,0,0,3,0,231,0.0
15,42,0,0,4,0,214,1.99
15,42,0,0,5,0,231,1.16
15,42,0,0,6,0,356,4.1
15,42,0,0,7,0,621,1.83
15,42,0,0,8,1,1247,4.69
15,42,0,0,9,1,1399,7.14
15,42,0,0,10,1,976,5.6
15,42,0,0,11,1,756,2.72
15,42,0,0,12,0,306,1.49
15,42,0,0,13,0,244,0.0
15,42,0,0,14,0,236,3.87
15,42,0,0,15,0,356,2.21
15,42,0,0,16,0,608,2.49
15,42,0,0,17,1,1067,4.13
15,42,0,0,18,1,1494,3.53
15,42,0,0,19,1,1215,3.73
15,42,0,0,20,1,1141,5.45
15,42,0,0,21,0,629,2.66
15,42,0,0,22,0,355,3.42
15,42,0,0,23,0,254,0.0
15,43,1,0,0,0,210,0.15
15,43,1,0,1,0,234,2.62
15,43,1,0,2,0,217,1.9
15,43,1,0,3,0,214,0.0
15,43,1,0,4,0,229,3.94
15,43,1,0,5,0,241,0.78
15,43,1,0,6,0,321,0.9
15,43,1,0,7,0,602,1.04
15,43,1,0,8,1,1171,5.16
15,43,1,0,9,1,1292,5.46
15,43,1,0,10,1,1337,6.0
15,43,1,0,11,1,698,3.4
15,43,1,0,12,0,298,0.0
15,43,1,0,13,0,246,2.05
15,43,1,0,14,0,254,3.04
15,43,1,0,15,0,310,2.7
15,43,1,0,16,0,634,4.84
15,43,1,0,17,1,1190,4.18
15,43,1,0,18,1,1461,6.16
15,43,1,0,19,1,1373,7.15
15,43,1,0,20,1,1036,5.9
15,43,1,0,21,0,660,2.22
15,43,1,0,22,0,278,1.07
15,43,1,0,23,0,257,3.01
15,44,2,0,0,0,207,1.01
15,44,2,0,1,0,206,0.0
15,44,2,0,2,0,180,1.5
15,44,2,0,3,0,201,1.13
15,44,2,0,4,0,223,2.25
15,44,2,0,5,0,219,0.0
15,44,2,0,6,0,357,2.42
15,44,2,0,7,0,641,4.06
15,44,2,0,8,1,1183,3.62
15,44,2,0,9,1,1350,6.13
15,44,2,0,10,1,1210,5.41
15,44,2,0,11,1,612,0.0
15,44,2,0,12,0,358,3.23
15,44,2,0,13,0,204,0.18
15,44,2,0,14,0,284,1.98
15,44,2,0,15,0,357,3.87
15,44,2,0,16,0,566,5.78
15,44,2,0,17,1,908,4.4
15,44,2,0,18,1,1511,4.39
15,44,2,0,19,1,1383,4.61
15,44,2,0,20,1,932,1.61
15,44,2,0,21,0,574,1.57
15,44,2,0,22,0,306,2.47
15,44,2,0,23,0,218,1.27
15,45,3,0,0,0,209,0.36
15,45,3,0,1,0,186,0.49
15,45,3,0,2,0,198,2.23
15,45,3,0,3,0,220,0.0
15,45,3,0,4,0,196,0.0
15,45,3,0,5,0,227,2.48
15,45,3,0,6,0,374,0.0
15,45,3,0,7,0,752,2.83
15,45,3,0,8,1,1056,4.15
15,45,3,0,9,1,1368,7.95
15,45,3,0,10,1,1132,3.09
15,45,3,0,11,1,784,3.74
15,45,3,0,12,0,328,4.09
15,45,3,0,13,0,260,0.12
15,45,3,0,14,0,219,1.02
15,45,3,0,15,0,319,0.21
15,45,3,0,16,0,588,4.97
15,45,3,0,17,1,1143,5.15
15,45,3,0,18,1,1430,5.53
15,45,3,0,19,1,1551,7.11
15,45,3,0,20,1,1060,5.87
15,45,3,0,21,0,534,3.61
15,45,3,0,22,0,339,0.0
15,45,3,0,23,0,220,3.13
15,46,4,0,0,0,218,0.7
15,46,4,0,1,0,214,0.87
15,46,4,0,2,0,215,2.26
15,46,4,0,3,0,239,0.0
15,46,4,0,4,0,231,0.37
15,46,4,0,5,0,209,2.8
15,46,4,0,6,0,322,2.78
15,46,4,0,7,0,729,5.83
15,46,4,0,8,1,1304,7.17
15,46,4,0,9,1,1603,6.75
15,46,4,0,10,1,1316,4.87
15,46,4,0,11,1,637,3.44
15,46,4,0,12,0,375,1.24
15,46,4,0,13,0,228,0.0
15,46,4,0,14,0,219,0.0
15,46,4,0,15,0,355,0.81
15,46,4,0,16,0,611,0.19
15,46,4,0,17,1,1164,5.01
15,46,4,0,18,1,1311,4.47
15,46,4,0,19,1,1379,5.86
15,46,4,0,20,1,1024,3.65
15,46,4,0,21,0,549,0.35
15,46,4,0,22,0,345,2.87
15,46,4,0,23,0,220,1.63
15,47,5,1,0,0,106,1.6
15,47,5,1,1,0,113,0.0
15,47,5,1,2,0,105,2.06
15,47,5,1,3,0,102,0.29
15,47,5,1,4,0,98,0.0
15,47,5,1,5,0,114,0.0
15,47,5,1,6,0,179,0.22
15,47,5,1,7,0,334,0.42
15,47,5,1,8,1,641,0.0
15,47,5,1,9,1,808,4.14
15,47,5,1,10,1,668,3.14
15,47,5,1,11,1,364,1.98
15,47,5,1,12,0,204,4.59
15,47,5,1,13,0,118,0.0
15,47,5,1,14,0,119,2.39
15,47,5,1,15,0,200,1.94
15,47,5,1,16,0,289,0.7
15,47,5,1,17,1,596,2.9
15,47,5,1,18,1,934,5.33
15,47,5,1,19,1,874,2.86
15,47,5,1,20,1,599,0.0
15,47,5,1,21,0,326,1.57
15,47,5,1,22,0,160,0.19
15,47,5,1,23,0,142,0.51
15,48,6,1,0,0,120,4.06
15,48,6,1,1,0,110,1.72
15,48,6,1,2,0,113,2.11
15,48,6,1,3,0,114,2.04
15,48,6,1,4,0,129,0.21
15,48,6,1,5,0,138,0.0
15,48,6,1,6,0,189,2.72
15,48,6,1,7,0,439,0.0
15,48,6,1,8,1,594,1.59
15,48,6,1,9,1,816,2.29
15,48,6,1,10,1,699,2.37
15,48,6,1,11,1,348,0.0
15,48,6,1,12,0,188,1.44
15,48,6,1,13,0,138,0.0
15,48,6,1,14,0,134,2.9
15,48,6,1,15,0,195,0.15
15,48,6,1,16,0,341,1.09
15,48,6,1,17,1,559,0.84
15,48,6,1,18,1,923,2.64
15,48,6,1,19,1,798,0.33
15,48,6,1,20,1,631,2.47
15,48,6,1,21,0,354,1.95
15,48,6,1,22,0,179,1.98
15,48,6,1,23,0,127,0.0
15,49,0,0,0,0,213,2.52
15,49,0,0,1,0,194,0.0
15,49,0,0,2,0,197,1.28
15,49,0,0,3,0,189,0.58
15,49,0,0,4,0,218,0.0
15,49,0,0,5,0,256,2.04
15,49,0,0,6,0,314,2.3
15,49,0,0,7,0,627,1.74
15,49,0,0,8,1,1191,6.0
15,49,0,0,9,1,1460,6.46
15,49,0,0,10,1,1323,5.68
15,49,0,0,11,1,637,3.59
15,49,0,0,12,0,327,0.88
15,49,0,0,13,0,246,1.86
15,49,0,0,14,0,231,0.45
15,49,0,0,15,0,371,0.0
15,49,0,0,16,0,606,2.45
15,49,0,0,17,1,1019,4.51
15,49,0,0,18,1,1355,3.47
15,49,0,0,19,1,1593,5.36
15,49,0,0,20,1,1044,0.79
15,49,0,0,21,0,507,2.41
15,49,0,0,22,0,351,0.37
15,49,0,0,23,0,262,2.98
15,50,1,0,0,0,224,2.52
15,50,1,0,1,0,231,0.14
15,50,1,0,2,0,201,1.85
15,50,1,0,3,0,188,1.25
15,50,1,0,4,0,219,1.92
15,50,1,0,5,0,243,0.0
15,50,1,0,6,0,295,1.28
15,50,1,0,7,0,802,1.77
15,50,1,0,8,1,1156,5.07
15,50,1,0,9,1,1402,6.59
15,50,1,0,10,1,1255,7.33
15,50,1,0,11,1,700,2.3
15,50,1,0,12,0,365,1.4
15,50,1,0,13,0,228,0.29
15,50,1,0,14,0,225,2.53
15,50,1,0,15,0,351,1.83
15,50,1,0,16,0,568,2.55
15,50,1,0,17,1,992,3.83
15,50,1,0,18,1,1292,5.0
15,50,1,0,19,1,1573,5.49
15,50,1,0,20,1,1141,5.48
15,50,1,0,21,0,609,1.59
15,50,1,0,22,0,300,2.71
15,50,1,0,23,0,210,0.25
15,51,2,0,0,0,213,4.47
15,51,2,0,1,0,221,0.0
15,51,2,0,2,0,209,0.49
15,51,2,0,3,0,214,2.35
15,51,2,0,4,0,201,1.1
15,51,2,0,5,0,250,0.0
15,51,2,0,6,0,337,0.8
15,51,2,0,7,0,670,0.0
15,51,2,0,8,1,1120,1.31
15,51,2,0,9,1,1340,5.56
15,51,2,0,10,1,1226,4.31
15,51,2,0,11,1,557,1.35
15,51,2,0,12,0,307,0.85
15,51,2,0,13,0,237,0.0
15,51,2,0,14,0,227,0.0
15,51,2,0,15,0,318,0.98
15,51,2,0,16,0,518,0.0
15,51,2,0,17,1,1203,5.32
15,51,2,0,18,1,1388,5.06
15,51,2,0,19,1,1330,5.65
15,51,2,0,20,1,1044,5.27
15,51,2,0,21,0,637,4.57
15,51,2,0,22,0,346,1.06
15,51,2,0,23,0,207,0.39
15,52,3,0,0,0,208,1.42
15,52,3,0,1,0,199,0.0
15,52,3,0,2,0,213,4.48
15,52,3,0,3,0,233,2.72
15,52,3,0,4,0,205,0.0
15,52,3,0,5,0,246,2.88
15,52,3,0,6,0,334,0.46
15,52,3,0,7,0,642,2.89
15,52,3,0,8,1,1181,4.75
15,52,3,0,9,1,1611,7.74
15,52,3,0,10,1,1170,4.68
15,52,3,0,11,1,725,3.69
15,52,3,0,12,0,387,2.56
15,52,3,0,13,0,240,0.22
15,52,3,0,14,0,205,2.41
15,52,3,0,15,0,351,3.45
15,52,3,0,16,0,531,2.7
15,52,3,0,17,1,998,3.84
15,52,3,0,18,1,1286,4.13
15,52,3,0,19,1,1458,6.42
15,52,3,0,20,1,1118,6.86
15,52,3,0,21,0,583,1.63
15,52,3,0,22,0,332,1.79
15,52,3,0,23,0,211,0.0
15,53,4,0,0,0,247,1.4
15,53,4,0,1,0,222,1.74
15,53,4,0,2,0,217,2.77
15,53,4,0,3,0,246,1.82
15,53,4,0,4,0,213,2.38
15,53,4,0,5,0,228,0.0
15,53,4,0,6,0,359,0.08
15,53,4,0,7,0,629,0.62
15,53,4,0,8,1,948,1.81
15,53,4,0,9,1,1477,7.71
15,53,4,0,10,1,1136,3.5
15,53,4,0,11,1,668,2.56
15,53,4,0,12,0,340,2.95
15,53,4,0,13,0,229,0.18
15,53,4,0,14,0,235,1.92
15,53,4,0,15,0,398,4.21
15,53,4,0,16,0,600,1.63
15,53,4,0,17,1,1047,3.18
15,53,4,0,18,1,1496,6.47
15,53,4,0,19,1,1542,3.22
15,53,4,0,20,1,980,6.1
15,53,4,0,21,0,537,1.0
15,53,4,0,22,0,315,3.39
15,53,4,0,23,0,244,0.56
15,54,5,1,0,0,110,0.0
15,54,5,1,1,0,103,0.0
15,54,5,1,2,0,131,2.76
15,54,5,1,3,0,112,0.0
15,54,5,1,4,0,127,0.0
15,54,5,1,5,0,134,0.0
15,54,5,1,6,0,190,0.05
15,54,5,1,7,0,382,3.46
15,54,5,1,8,1,621,0.89
15,54,5,1,9,1,786,5.15
15,54,5,1,10,1,660,2.53
15,54,5,1,11,1,403,2.39
15,54,5,1,12,0,223,0.0
15,54,5,1,13,0,129,0.0
15,54,5,1,14,0,117,2.44
15,54,5,1,15,0,165,3.01
15,54,5,1,16,0,295,1.04
15,54,5,1,17,1,524,3.08
15,54,5,1,18,1,822,5.17
15,54,5,1,19,1,863,3.64
15,54,5,1,20,1,585,0.44
15,54,5,1,21,0,333,1.19
15,54,5,1,22,0,187,1.87
15,54,5,1,23,0,121,0.0
15,55,6,1,0,0,115,0.07
15,55,6,1,1,0,101,0.0
15,55,6,1,2,0,125,1.17
15,55,6,1,3,0,114,2.33
15,55,6,1,4,0,115,1.52
15,55,6,1,5,0,127,0.6
15,55,6,1,6,0,235,0.0
15,55,6,1,7,0,385,2.33
15,55,6,1,8,1,713,2.74
15,55,6,1,9,1,935,3.2
15,55,6,1,10,1,629,3.78
15,55,6,1,11,1,405,0.0
15,55,6,1,12,0,176,0.96
15,55,6,1,13,0,135,2.56
15,55,6,1,14,0,130,2.25
15,55,6,1,15,0,152,0.0
15,55,6,1,16,0,323,2.86
15,55,6,1,17,1,565,1.82
15,55,6,1,18,1,833,2.99
15,55,6,1,19,1,899,3.74
15,55,6,1,20,1,694,3.0
15,55,6,1,21,0,314,1.39
15,55,6,1,22,0,193,0.53
15,55,6,1,23,0,99,0.0
15,56,0,0,0,0,170,1.45
15,56,0,0,1,0,190,0.83
15,56,0,0,2,0,184,0.61
15,56,0,0,3,0,212,0.11
15,56,0,0,4,0,211,0.0
15,56,0,0,5,0,233,0.0
15,56,0,0,6,0,344,1.2
15,56,0,0,7,0,658,1.96
15,56,0,0,8,1,1213,7.35
15,56,0,0,9,1,1449,6.61
15,56,0,0,10,1,1336,5.95
15,56,0,0,11,1,711,1.56
15,56,0,0,12,0,351,1.93
15,56,0,0,13,0,268,0.0
15,56,0,0,14,0,275,2.82
15,56,0,0,15,0,348,0.0
15,56,0,0,16,0,546,3.12
15,56,0,0,17,1,879,1.26
15,56,0,0,18,1,1564,8.04
15,56,0,0,19,1,1722,6.39
15,56,0,0,20,1,981,2.77
15,56,0,0,21,0,610,2.14
15,56,0,0,22,0,288,1.94
15,56,0,0,23,0,213,1.97
15,57,1,0,0,0,221,0.44
15,57,1,0,1,0,214,0.42
15,57,1,0,2,0,208,0.0
15,57,1,0,3,0,152,0.42
15,57,1,0,4,0,194,0.0
15,57,1,0,5,0,215,2.29
15,57,1,0,6,0,371,2.0
15,57,1,0,7,0,653,3.11
15,57,1,0,8,1,1291,7.66
15,57,1,0,9,1,1376,3.23
15,57,1,0,10,1,1216,2.17
15,57,1,0,11,1,686,3.08
15,57,1,0,12,0,338,4.04
15,57,1,0,13,0,236,1.77
15,57,1,0,14,0,256,0.92
15,57,1,0,15,0,313,0.71
15,57,1,0,16,0,609,2.92
15,57,1,0,17,1,1199,3.84
15,57,1,0,18,1,1442,7.2
15,57,1,0,19,1,1547,6.1
15,57,1,0,20,1,1038,3.4
15,57,1,0,21,0,546,2.15
15,57,1,0,22,0,338,1.91
15,57,1,0,23,0,230,1.4
15,58,2,0,0,0,193,1.62
15,58,2,0,1,0,185,1.12
15,58,2,0,2,0,219,1.03
15,58,2,0,3,0,209,0.0
15,58,2,0,4,0,211,3.82
15,58,2,0,5,0,231,0.51
15,58,2,0,6,0,297,1.74
15,58,2,0,7,0,694,2.06
15,58,2,0,8,1,1164,2.66
15,58,2,0,9,1,1479,6.66
15,58,2,0,10,1,973,3.84
15,58,2,0,11,1,764,3.28
15,58,2,0,12,0,355,3.01
15,58,2,0,13,0,246,0.45
15,58,2,0,14,0,204,4.87
15,58,2,0,15,0,343,2.64
15,58,2,0,16,0,638,4.23
15,58,2,0,17,1,1121,4.53
15,58,2,0,18,1,1432,6.83
15,58,2,0,19,1,1487,6.12
15,58,2,0,20,1,1137,7.69
15,58,2,0,21,0,544,2.9
15,58,2,0,22,0,297,1.48
15,58,2,0,23,0,201,0.0
15,59,3,0,0,0,209,2.44
15,59,3,0,1,0,184,1.39
15,59,3,0,2,0,208,3.03
15,59,3,0,3,0,202,1.46
15,59,3,0,4,0,209,0.0
15,59,3,0,5,0,221,0.0
15,59,3,0,6,0,294,3.5
15,59,3,0,7,0,652,3.32
15,59,3,0,8,1,1082,4.4
15,59,3,0,9,1,1524,6.23
15,59,3,0,10,1,1108,5.65
15,59,3,0,11,1,561,0.0
15,59,3,0,12,0,338,0.0
15,59,3,0,13,0,220,0.17
15,59,3,0,14,0,263,0.06
15,59,3,0,15,0,310,0.0
15,59,3,0,16,0,592,2.38
15,59,3,0,17,1,962,5.22
15,59,3,0,18,1,1570,5.44
15,59,3,0,19,1,1244,3.37
15,59,3,0,20,1,1184,4.94
15,59,3,0,21,0,553,4.26
15,59,3,0,22,0,318,1.29
15,59,3,0,23,0,276,2.49
16,0,0,0,0,0,258,0.29
16,0,0,0,1,0,266,2.91
16,0,0,0,2,0,215,0.0
16,0,0,0,3,0,262,0.79
16,0,0,0,4,0,270,1.44
16,0,0,0,5,0,289,0.04
16,0,0,0,6,0,414,2.17
16,0,0,0,7,0,749,4.5
16,0,0,0,8,1,1190,5.07
16,0,0,0,9,1,1552,4.67
16,0,0,0,10,1,1514,4.41
16,0,0,0,11,1,721,3.75
16,0,0,0,12,0,368,3.0
16,0,0,0,13,0,292,0.0
16,0,0,0,14,0,299,0.0
16,0,0,0,15,0,397,0.0
16,0,0,0,16,0,667,1.98
16,0,0,0,17,1,1374,4.74
16,0,0,0,18,1,1727,6.25
16,0,0,0,19,1,1601,4.86
16,0,0,0,20,1,1277,5.07
16,0,0,0,21,0,738,2.59
16,0,0,0,22,0,376,2.65
16,0,0,0,23,0,266,0.0
16,1,1,0,0,0,264,0.04
16,1,1,0,1,0,248,0.05
16,1,1,0,2,0,228,0.0
16,1,1,0,3,0,254,0.0
16,1,1,0,4,0,276,2.65
16,1,1,0,5,0,254,3.4
16,1,1,0,6,0,470,1.47
16,1,1,0,7,0,819,3.48
16,1,1,0,8,1,1573,4.2
16,1,1,0,9,1,1700,8.18
16,1,1,0,10,1,1495,5.92
16,1,1,0,11,1,882,3.88
16,1,1,0,12,0,407,2.67
16,1,1,0,13,0,276,1.18
16,1,1,0,14,0,260,5.44
16,1,1,0,15,0,368,2.57
16,1,1,0,16,0,802,1.19
16,1,1,0,17,1,1307,5.26
16,1,1,0,18,1,1987,6.58
16,1,1,0,19,1,1633,6.46
16,1,1,0,20,1,1197,4.1
16,1,1,0,21,0,809,3.43
16,1,1,0,22,0,358,0.85
16,1,1,0,23,0,283,1.64
16,2,2,0,0,0,236,0.0
16,2,2,0,1,0,246,0.87
16,2,2,0,2,0,234,2.86
16,2,2,0,3,0,259,1.24
16,2,2,0,4,0,243,3.57
16,2,2,0,5,0,249,0.25
16,2,2,0,6,0,389,2.0
16,2,2,0,7,0,835,1.34
16,2,2,0,8,1,1326,5.98
16,2,2,0,9,1,1640,5.96
16,2,2,0,10,1,1423,4.22
16,2,2,0,11,1,811,4.16
16,2,2,0,12,0,405,3.76
16,2,2,0,13,0,294,1.11
16,2,2,0,14,0,270,3.71
16,2,2,0,15,0,362,1.04
16,2,2,0,16,0,673,3.29
16,2,2,0,17,1,1471,6.25
16,2,2,0,18,1,1693,7.06
16,2,2,0,19,1,1555,5.94
16,2,2,0,20,1,1416,6.66
16,2,2,0,21,0,765,4.58
16,2,2,0,22,0,361,4.31
16,2,2,0,23,0,235,1.44
16,3,3,0,0,0,206,0.0
16,3,3,0,1,0,265,0.02
16,3,3,0,2,0,272,0.0
16,3,3,0,3,0,245,0.0
16,3,3,0,4,0,243,3.29
16,3,3,0,5,0,314,2.03
16,3,3,0,6,0,352,0.0
16,3,3,0,7,0,803,2.0
16,3,3,0,8,1,1477,8.42
16,3,3,0,9,1,1596,5.04
16,3,3,0,10,1,1271,4.7
16,3,3,0,11,1,797,3.22
16,3,3,0,12,0,433,2.32
16,3,3,0,13,0,277,1.17
16,3,3,0,14,0,279,1.03
16,3,3,0,15,0,362,0.0
16,3,3,0,16,0,704,2.07
16,3,3,0,17,1,1299,5.3
16,3,3,0,18,1,1740,8.44
16,3,3,0,19,1,1542,8.82
16,3,3,0,20,1,1028,6.29
16,3,3,0,21,0,707,2.04
16,3,3,0,22,0,337,0.45
16,3,3,0,23,0,271,1.38
16,4,4,0,0,0,276,1.21
16,4,4,0,1,0,253,1.54
16,4,4,0,2,0,240,0.67
16,4,4,0,3,0,245,1.92
16,4,4,0,4,0,232,0.17
16,4,4,0,5,0,282,0.0
16,4,4,0,6,0,407,0.81
16,4,4,0,7,0,825,5.36
16,4,4,0,8,1,1342,6.5
16,4,4,0,9,1,1760,6.46
16,4,4,0,10,1,1404,7.56
16,4,4,0,11,1,782,5.09
16,4,4,0,12,0,400,0.0
16,4,4,0,13,0,275,0.0
16,4,4,0,14,0,270,0.55
16,4,4,0,15,0,438,4.17
16,4,4,0,16,0,701,4.62
16,4,4,0,17,1,1207,2.69
16,4,4,0,18,1,1811,7.79
16,4,4,0,19,1,1607,5.09
16,4,4,0,20,1,1340,2.83
16,4,4,0,21,0,727,2.44
16,4,4,0,22,0,399,3.08
16,4,4,0,23,0,255,0.0
16,5,5,1,0,0,152,0.52
16,5,5,1,1,0,139,1.92
16,5,5,1,2,0,125,1.85
16,5,5,1,3,0,143,2.78
16,5,5,1,4,0,153,0.71
16,5,5,1,5,0,160,0.71
16,5,5,1,6,0,224,0.0
16,5,5,1,7,0,428,0.0
16,5,5,1,8,1,763,5.03
16,5,5,1,9,1,1012,4.22
16,5,5,1,10,1,759,2.23
16,5,5,1,11,1,404,2.84
16,5,5,1,12,0,195,0.0
16,5,5,1,13,0,164,0.97
16,5,5,1,14,0,153,0.92
16,5,5,1,15,0,244,1.06
16,5,5,1,16,0,392,4.66
16,5,5,1,17,1,682,5.32
16,5,5,1,18,1,794,1.43
16,5,5,1,19,1,904,4.49
16,5,5,1,20,1,783,2.25
16,5,5,1,21,0,413,5.01
16,5,5,1,22,0,236,0.34
16,5,5,1,23,0,161,1.15
16,6,6,1,0,0,128,1.15
16,6,6,1,1,0,130,0.71
16,6,6,1,2,0,121,0.0
16,6,6,1,3,0,133,1.01
16,6,6,1,4,0,125,1.29
16,6,6,1,5,0,151,1.58
16,6,6,1,6,0,238,2.97
16,6,6,1,7,0,457,1.39
16,6,6,1,8,1,783,6.63
16,6,6,1,9,1,1027,4.22
16,6,6,1,10,1,762,2.15
16,6,6,1,11,1,395,4.14
16,6,6,1,12,0,230,0.0
16,6,6,1,13,0,151,2.51
16,6,6,1,14,0,147,0.0
16,6,6,1,15,0,216,1.85
16,6,6,1,16,0,369,0.58
16,6,6,1,17,1,711,1.16
16,6,6,1,18,1,914,3.48
16,6,6,1,19,1,1012,3.41
16,6,6,1,20,1,716,4.61
16,6,6,1,21,0,367,6.3
16,6,6,1,22,0,234,1.34
16,6,6,1,23,0,148,0.0
16,7,0,0,0,0,280,1.44
16,7,0,0,1,0,218,0.0
16,7,0,0,2,0,249,1.2
16,7,0,0,3,0,229,0.0
16,7,0,0,4,0,211,0.0
16,7,0,0,5,0,266,2.1
16,7,0,0,6,0,399,3.19
16,7,0,0,7,0,832,4.1
16,7,0,0,8,1,1513,3.97
16,7,0,0,9,1,1657,10.23
16,7,0,0,10,1,1189,4.31
16,7,0,0,11,1,823,0.48
16,7,0,0,12,0,379,4.51
16,7,0,0,13,0,282,0.27
16,7,0,0,14,0,282,0.26
16,7,0,0,15,0,435,0.25
16,7,0,0,16,0,667,0.43
16,7,0,0,17,1,1217,4.61
16,7,0,0,18,1,1904,6.09
16,7,0,0,19,1,1805,7.35
16,7,0,0,20,1,1058,3.14
16,7,0,0,21,0,653,5.14
16,7,0,0,22,0,399,1.81
16,7,0,0,23,0,180,0.0
16,8,1,0,0,0,261,2.22
16,8,1,0,1,0,232,0.97
16,8,1,0,2,0,246,1.24
16,8,1,0,3,0,240,2.18
16,8,1,0,4,0,272,0.0
16,8,1,0,5,0,248,0.0
16,8,1,0,6,0,405,2.15
16,8,1,0,7,0,843,4.83
16,8,1,0,8,1,1444,6.12
16,8,1,0,9,1,1960,7.85
16,8,1,0,10,1,1470,6.36
16,8,1,0,11,1,782,2.88
16,8,1,0,12,0,447,1.65
16,8,1,0,13,0,270,0.0
16,8,1,0,14,0,287,0.38
16,8,1,0,15,0,393,1.84
16,8,1,0,16,0,672,0.59
16,8,1,0,17,1,1144,3.27
16,8,1,0,18,1,1598,7.07
16,8,1,0,19,1,2034,7.37
16,8,1,0,20,1,1208,3.96
16,8,1,0,21,0,744,3.62
16,8,1,0,22,0,382,0.0
16,8,1,0,23,0,253,1.27
16,9,2,0,0,0,251,0.98
16,9,2,0,1,0,260,0.0
16,9,2,0,2,0,253,1.38
16,9,2,0,3,0,228,0.0
16,9,2,0,4,0,264,0.0
16,9,2,0,5,0,328,2.15
16,9,2,0,6,0,402,1.23
16,9,2,0,7,0,843,2.75
16,9,2,0,8,1,1362,7.63
16,9,2,0,9,1,1666,6.87
16,9,2,0,10,1,1318,5.66
16,9,2,0,11,1,830,5.84
16,9,2,0,12,0,373,0.0
16,9,2,0,13,0,272,0.16
16,9,2,0,14,0,277,1.89
16,9,2,0,15,0,452,1.13
16,9,2,0,16,0,573,1.94
16,9,2,0,17,1,1281,3.67
16,9,2,0,18,1,1770,7.29
16,9,2,0,19,1,1774,8.28
16,9,2,0,20,1,1238,5.77
16,9,2,0,21,0,596,0.94
16,9,2,0,22,0,372,0.0
16,9,2,0,23,0,274,0.58
16,10,3,0,0,0,238,2.28
16,10,3,0,1,0,249,0.0
16,10,3,0,2,0,235,2.07
16,10,3,0,3,0,251,2.8
16,10,3,0,4,0,267,0.48
16,10,3,0,5,0,306,3.5
16,10,3,0,6,0,346,1.43
16,10,3,0,7,0,758,2.64
16,10,3,0,8,1,1312,3.84
16,10,3,0,9,1,1857,5.68
16,10,3,0,10,1,1414,3.63
16,10,3,0,11,1,874,3.54
16,10,3,0,12,0,428,2.0
16,10,3,0,13,0,272,1.19
16,10,3,0,14,0,311,0.0
16,10,3,0,15,0,304,0.04
16,10,3,0,16,0,629,3.97
16,10,3,0,17,1,1229,6.16
16,10,3,0,18,1,1742,6.98
16,10,3,0,19,1,1761,9.26
16,10,3,0,20,1,1265,6.72
16,10,3,0,21,0,754,2.77
16,10,3,0,22,0,380,0.95
16,10,3,0,23,0,302,0.0
16,11,4,0,0,0,233,0.52
16,11,4,0,1,0,224,0.01
16,11,4,0,2,0,269,2.05
16,11,4,0,3,0,239,2.16
16,11,4,0,4,0,292,1.64
16,11,4,0,5,0,305,2.5
16,11,4,0,6,0,394,1.87
16,11,4,0,7,0,827,2.19
16,11,4,0,8,1,1110,3.19
16,11,4,0,9,1,1433,4.6
16,11,4,0,10,1,1212,6.17
16,11,4,0,11,1,718,3.69
16,11,4,0,12,0,429,2.77
16,11,4,0,13,0,236,2.63
16,11,4,0,14,0,286,2.35
16,11,4,0,15,0,438,2.94
16,11,4,0,16,0,630,3.5
16,11,4,0,17,1,1096,4.29
16,11,4,0,18,1,1668,6.69
16,11,4,0,19,1,1528,4.02
16,11,4,0,20,1,1201,4.47
16,11,4,0,21,0,672,4.86
16,11,4,0,22,0,395,2.17
16,11,4,0,23,0,266,0.0
16,12,5,1,0,0,136,3.25
16,12,5,1,1,0,138,2.22
16,12,5,1,2,0,149,1.44
16,12,5,1,3,0,138,0.0
16,12,5,1,4,0,135,0.0
16,12,5,1,5,0,155,0.0
16,12,5,1,6,0,212,1.45
16,12,5,1,7,0,412,0.27
16,12,5,1,8,1,723,2.48
16,12,5,1,9,1,771,1.96
16,12,5,1,10,1,830,3.81
16,12,5,1,11,1,451,0.0
16,12,5,1,12,0,214,0.68
16,12,5,1,13,0,158,2.3
16,12,5,1,14,0,164,0.0
16,12,5,1,15,0,201,2.92
16,12,5,1,16,0,372,0.0
16,12,5,1,17,1,674,4.72
16,12,5,1,18,1,886,2.9
16,12,5,1,19,1,890,4.99
16,12,5,1,20,1,701,4.19
16,12,5,1,21,0,431,0.0
16,12,5,1,22,0,197,0.14
16,12,5,1,23,0,151,1.36
16,13,6,1,0,0,130,0.0
16,13,6,1,1,0,146,1.4
16,13,6,1,2,0,139,0.0
16,13,6,1,3,0,149,0.87
16,13,6,1,4,0,135,0.0
16,13,6,1,5,0,143,0.0
16,13,6,1,6,0,186,0.0
16,13,6,1,7,0,380,1.43
16,13,6,1,8,1,701,3.9
16,13,6,1,9,1,825,5.09
16,13,6,1,10,1,823,1.69
16,13,6,1,11,1,433,0.45
16,13,6,1,12,0,232,3.63
16,13,6,1,13,0,167,0.0
16,13,6,1,14,0,154,2.9
16,13,6,1,15,0,219,2.39
16,13,6,1,16,0,403,1.73
16,13,6,1,17,1,681,0.91
16,13,6,1,18,1,897,2.24
16,13,6,1,19,1,929,3.87
16,13,6,1,20,1,679,3.04
16,13,6,1,21,0,403,0.99
16,13,6,1,22,0,222,2.6
16,13,6,1,23,0,156,0.0
16,14,0,0,0,0,266,1.79
16,14,0,0,1,0,259,3.34
16,14,0,0,2,0,261,3.41
16,14,0,0,3,0,244,0.33
16,14,0,0,4,0,273,0.0
16,14,0,0,5,0,316,3.22
16,14,0,0,6,0,406,3.43
16,14,0,0,7,0,835,1.4
16,14,0,0,8,1,1312,5.68
16,14,0,0,9,1,1754,8.98
16,14,0,0,10,1,1437,3.84
16,14,0,0,11,1,759,4.15
16,14,0,0,12,0,345,0.0
16,14,0,0,13,0,270,2.47
16,14,0,0,14,0,272,1.78
16,14,0,0,15,0,383,1.32
16,14,0,0,16,0,660,3.9
16,14,0,0,17,1,1121,4.13
16,14,0,0,18,1,1897,6.44
16,14,0,0,19,1,1521,2.91
16,14,0,0,20,1,1313,6.35
16,14,0,0,21,0,677,0.8
16,14,0,0,22,0,378,3.28
16,14,0,0,23,0,246,2.57
16,15,1,0,0,0,213,0.0
16,15,1,0,1,0,249,2.42
16,15,1,0,2,0,276,2.59
16,15,1,0,3,0,278,1.39
16,15,1,0,4,0,237,2.72
16,15,1,0,5,0,304,2.61
16,15,1,0,6,0,423,3.78
16,15,1,0,7,0,815,3.23
16,15,1,0,8,1,1485,6.66
16,15,1,0,9,1,1854,7.22
16,15,1,0,10,1,1505,7.31
16,15,1,0,11,1,807,2.1
16,15,1,0,12,0,444,0.0
16,15,1,0,13,0,257,1.28
16,15,1,0,14,0,221,3.2
16,15,1,0,15,0,383,3.84
16,15,1,0,16,0,797,2.96
16,15,1,0,17,1,1381,3.93
16,15,1,0,18,1,1798,6.48
16,15,1,0,19,1,1835,8.66
16,15,1,0,20,1,1230,5.74
16,15,1,0,21,0,749,3.28
16,15,1,0,22,0,460,1.63
16,15,1,0,23,0,311,2.96
16,16,2,0,0,0,210,3.08
16,16,2,0,1,0,268,1.24
16,16,2,0,2,0,254,1.76
16,16,2,0,3,0,274,0.48
16,16,2,0,4,0,282,0.0
16,16,2,0,5,0,235,1.83
16,16,2,0,6,0,444,1.51
16,16,2,0,7,0,649,0.36
16,16,2,0,8,1,1452,5.79
16,16,2,0,9,1,1910,7.75
16,16,2,0,10,1,1320,5.74
16,16,2,0,11,1,858,5.46
16,16,2,0,12,0,400,1.7
16,16,2,0,13,0,295,0.06
16,16,2,0,14,0,293,0.82
16,16,2,0,15,0,380,1.52
16,16,2,0,16,0,703,5.68
16,16,2,0,17,1,1200,4.17
16,16,2,0,18,1,1939,8.42
16,16,2,0,19,1,1845,5.83
16,16,2,0,20,1,1271,6.3
16,16,2,0,21,0,658,3.57
16,16,2,0,22,0,376,0.54
16,16,2,0,23,0,297,2.89
16,17,3,0,0,0,250,1.68
16,17,3,0,1,0,273,0.5
16,17,3,0,2,0,254,0.44
16,17,3,0,3,0,227,0.32
16,17,3,0,4,0,227,1.55
16,17,3,0,5,0,257,0.0
16,17,3,0,6,0,427,2.72
16,17,3,0,7,0,772,4.14
16,17,3,0,8,1,1313,4.69
16,17,3,0,9,1,1788,8.7
16,17,3,0,10,1,1360,4.55
16,17,3,0,11,1,856,4.34
16,17,3,0,12,0,409,3.41
16,17,3,0,13,0,321,1.83
16,17,3,0,14,0,264,1.8
16,17,3,0,15,0,357,3.29
16,17,3,0,16,0,657,2.34
16,17,3,0,17,1,1163,4.93
16,17,3,0,18,1,1768,8.19
16,17,3,0,19,1,1754,7.09
16,17,3,0,20,1,1189,4.33
16,17,3,0,21,0,618,4.56
16,17,3,0,22,0,379,3.98
16,17,3,0,23,0,272,0.0
16,18,4,0,0,0,238,0.95
16,18,4,0,1,0,248,2.01
16,18,4,0,2,0,250,0.49
16,18,4,0,3,0,229,0.31
16,18,4,0,4,0,262,2.34
16,18,4,0,5,0,259,2.55
16,18,4,0,6,0,422,0.36
16,18,4,0,7,0,809,3.79
16,18,4,0,8,1,1284,3.1
16,18,4,0,9,1,1797,6.51
16,18,4,0,10,1,1573,8.87
16,18,4,0,11,1,823,4.72
16,18,4,0,12,0,371,0.0
16,18,4,0,13,0,275,0.0
16,18,4,0,14,0,284,0.0
16,18,4,0,15,0,388,1.29
16,18,4,0,16,0,732,3.42
16,18,4,0,17,1,1206,2.77
16,18,4,0,18,1,1760,4.43
16,18,4,0,19,1,1911,8.44
16,18,4,0,20,1,1330,3.87
16,18,4,0,21,0,716,1.86
16,18,4,0,22,0,387,0.05
16,18,4,0,23,0,272,0.0
16,19,5,1,0,0,134,0.0
16,19,5,1,1,0,155,0.86
16,19,5,1,2,0,136,1.56
16,19,5,1,3,0,122,0.0
16,19,5,1,4,0,143,0.81
16,19,5,1,5,0,142,1.54
16,19,5,1,6,0,227,1.67
16,19,5,1,7,0,450,0.78
16,19,5,1,8,1,767,0.28
16,19,5,1,9,1,913,3.28
16,19,5,1,10,1,810,4.01
16,19,5,1,11,1,410,0.48
16,19,5,1,12,0,245,0.54
16,19,5,1,13,0,154,1.79
16,19,5,1,14,0,151,0.38
16,19,5,1,15,0,205,0.06
16,19,5,1,16,0,387,0.0
16,19,5,1,17,1,665,3.47
16,19,5,1,18,1,988,6.07
16,19,5,1,19,1,1020,4.69
16,19,5,1,20,1,687,2.06
16,19,5,1,21,0,398,2.08
16,19,5,1,22,0,204,0.0
16,19,5,1,23,0,150,2.33
16,20,6,1,0,0,137,0.59
16,20,6,1,1,0,140,1.28
16,20,6,1,2,0,138,0.49
16,20,6,1,3,0,130,2.03
16,20,6,1,4,0,132,2.89
16,20,6,1,5,0,152,0.69
16,20,6,1,6,0,235,0.0
16,20,6,1,7,0,456,2.0
16,20,6,1,8,1,797,2.16
16,20,6,1,9,1,899,0.85
16,20,6,1,10,1,743,2.21
16,20,6,1,11,1,413,1.48
16,20,6,1,12,0,223,1.64
16,20,6,1,13,0,160,1.62
16,20,6,1,14,0,161,1.06
16,20,6,1,15,0,211,2.24
16,20,6,1,16,0,404,0.0
16,20,6,1,17,1,676,0.0
16,20,6,1,18,1,816,2.5
16,20,6,1,19,1,946,3.15
16,20,6,1,20,1,588,3.51
16,20,6,1,21,0,361,2.18
16,20,6,1,22,0,199,0.05
16,20,6,1,23,0,156,0.1
16,21,0,0,0,0,250,1.42
16,21,0,0,1,0,219,1.59
16,21,0,0,2,0,228,0.0
16,21,0,0,3,0,233,2.15
16,21,0,0,4,0,218,1.85
16,21,0,0,5,0,282,1.24
16,21,0,0,6,0,411,1.21
16,21,0,0,7,0,837,2.71
16,21,0,0,8,1,1221,4.77
16,21,0,0,9,1,1843,8.11
16,21,0,0,10,1,1607,6.05
16,21,0,0,11,1,783,2.78
16,21,0,0,12,0,379,0.81
16,21,0,0,13,0,255,0.0
16,21,0,0,14,0,264,1.09
16,21,0,0,15,0,402,0.74
16,21,0,0,16,0,665,4.21
16,21,0,0,17,1,1114,4.21
16,21,0,0,18,1,1871,6.42
16,21,0,0,19,1,1525,8.66
16,21,0,0,20,1,1326,6.55
16,21,0,0,21,0,691,3.72
16,21,0,0,22,0,306,0.57
16,21,0,0,23,0,295,0.0
16,22,1,0,0,0,240,1.44
16,22,1,0,1,0,231,0.94
16,22,1,0,2,0,255,1.47
16,22,1,0,3,0,239,0.0
16,22,1,0,4,0,258,1.54
16,22,1,0,5,0,281,1.3
16,22,1,0,6,0,414,2.97
16,22,1,0,7,0,813,3.4
16,22,1,0,8,1,1344,7.45
16,22,1,0,9,1,1576,6.0
16,22,1,0,10,1,1346,2.64
16,22,1,0,11,1,816,2.96
16,22,1,0,12,0,405,1.35
16,22,1,0,13,0,295,2.5
16,22,1,0,14,0,253,3.66
16,22,1,0,15,0,375,2.38
16,22,1,0,16,0,706,2.98
16,22,1,0,17,1,1302,7.19
16,22,1,0,18,1,1846,7.02
16,22,1,0,19,1,1726,6.06
16,22,1,0,20,1,1318,6.16
16,22,1,0,21,0,677,4.7
16,22,1,0,22,0,415,4.4
16,22,1,0,23,0,257,0.88
16,23,2,0,0,0,243,4.88
16,23,2,0,1,0,247,2.89
16,23,2,0,2,0,267,0.94
16,23,2,0,3,0,248,1.78
16,23,2,0,4,0,275,0.84
16,23,2,0,5,0,263,2.45
16,23,2,0,6,0,366,1.84
16,23,2,0,7,0,860,4.09
16,23,2,0,8,1,1340,3.86
16,23,2,0,9,1,1896,7.32
16,23,2,0,10,1,1302,6.92
16,23,2,0,11,1,844,1.8
16,23,2,0,12,0,485,1.13
16,23,2,0,13,0,295,4.16
16,23,2,0,14,0,297,1.58
16,23,2,0,15,0,339,4.42
16,23,2,0,16,0,744,0.85
16,23,2,0,17,1,1400,5.69
16,23,2,0,18,1,1699,5.94
16,23,2,0,19,1,1762,8.26
16,23,2,0,20,1,1197,4.98
16,23,2,0,21,0,884,4.25
16,23,2,0,22,0,412,0.21
16,23,2,0,23,0,244,3.17
16,24,3,0,0,0,270,3.65
16,24,3,0,1,0,245,2.86
16,24,3,0,2,0,196,1.6
16,24,3,0,3,0,268,0.04
16,24,3,0,4,0,271,0.81
16,24,3,0,5,0,272,0.7
16,24,3,0,6,0,455,1.14
16,24,3,0,7,0,757,1.74
16,24,3,0,8,1,1362,5.74
16,24,3,0,9,1,1820,6.15
16,24,3,0,10,1,1445,6.7
16,24,3,0,11,1,734,3.03
16,24,3,0,12,0,401,1.71
16,24,3,0,13,0,266,0.86
16,24,3,0,14,0,278,3.91
16,24,3,0,15,0,384,3.54
16,24,3,0,16,0,775,1.12
16,24,3,0,17,1,1217,6.99
16,24,3,0,18,1,1763,6.88
16,24,3,0,19,1,1842,8.97
16,24,3,0,20,1,1243,4.55
16,24,3,0,21,0,564,2.33
16,24,3,0,22,0,371,0.0
16,24,3,0,23,0,270,0.45
16,25,4,0,0,0,250,0.58
16,25,4,0,1,0,256,1.28
16,25,4,0,2,0,272,0.29
16,25,4,0,3,0,282,2.73
16,25,4,0,4,0,280,1.5
16,25,4,0,5,0,268,0.27
16,25,4,0,6,0,460,3.48
16,25,4,0,7,0,729,4.38
16,25,4,0,8,1,1311,5.73
16,25,4,0,9,1,1846,9.57
16,25,4,0,10,1,1430,5.52
16,25,4,0,11,1,796,4.78
16,25,4,0,12,0,429,1.69
16,25,4,0,13,0,236,0.0
16,25,4,0,14,0,282,0.0
16,25,4,0,15,0,366,1.12
16,25,4,0,16,0,812,3.43
16,25,4,0,17,1,1318,6.03
16,25,4,0,18,1,1401,5.0
16,25,4,0,19,1,1568,8.86
16,25,4,0,20,1,1065,3.63
16,25,4,0,21,0,681,1.25
16,25,4,0,22,0,385,1.48
16,25,4,0,23,0,278,1.87
16,26,5,1,0,0,138,1.12
16,26,5,1,1,0,148,0.0
16,26,5,1,2,0,143,0.0
16,26,5,1,3,0,129,0.7
16,26,5,1,4,0,142,1.36
16,26,5,1,5,0,139,3.0
16,26,5,1,6,0,214,0.0
16,26,5,1,7,0,392,0.0
16,26,5,1,8,1,685,3.21
16,26,5,1,9,1,998,2.7
16,26,5,1,10,1,701,2.49
16,26,5,1,11,1,439,2.15
16,26,5,1,12,0,205,0.57
16,26,5,1,13,0,172,0.0
16,26,5,1,14,0,152,1.36
16,26,5,1,15,0,194,1.69
16,26,5,1,16,0,342,2.32
16,26,5,1,17,1,688,0.62
16,26,5,1,18,1,1008,2.69
16,26,5,1,19,1,944,4.72
16,26,5,1,20,1,632,1.74
16,26,5,1,21,0,417,0.0
16,26,5,1,22,0,234,0.0
16,26,5,1,23,0,142,0.99
16,27,6,1,0,0,142,1.01
16,27,6,1,1,0,136,0.0
16,27,6,1,2,0,153,1.77
16,27,6,1,3,0,149,0.0
16,27,6,1,4,0,112,1.98
16,27,6,1,5,0,155,0.89
16,27,6,1,6,0,212,0.33
16,27,6,1,7,0,415,1.73
16,27,6,1,8,1,701,3.95
16,27,6,1,9,1,1107,3.53
16,27,6,1,10,1,673,2.54
16,27,6,1,11,1,447,2.47
16,27,6,1,12,0,250,2.22
16,27,6,1,13,0,130,0.0
16,27,6,1,14,0,157,0.0
16,27,6,1,15,0,236,0.0
16,27,6,1,16,0,412,0.67
16,27,6,1,17,1,700,1.56
16,27,6,1,18,1,998,5.6
16,27,6,1,19,1,975,6.76
16,27,6,1,20,1,646,2.73
16,27,6,1,21,0,408,0.21
16,27,6,1,22,0,211,1.84
16,27,6,1,23,0,162,2.36
16,28,0,0,0,0,230,1.35
16,28,0,0,1,0,221,0.0
16,28,0,0,2,0,244,2.69
16,28,0,0,3,0,258,1.09
16,28,0,0,4,0,259,1.82
16,28,0,0,5,0,282,0.27
16,28,0,0,6,0,373,1.16
16,28,0,0,7,0,743,3.9
16,28,0,0,8,1,1575,7.15
16,28,0,0,9,1,1481,4.97
16,28,0,0,10,1,1405,3.47
16,28,0,0,11,1,795,3.88
16,28,0,0,12,0,449,4.52
16,28,0,0,13,0,251,0.83
16,28,0,0,14,0,275,0.03
16,28,0,0,15,0,385,1.42
16,28,0,0,16,0,730,4.95
16,28,0,0,17,1,1259,4.3
16,28,0,0,18,1,1595,9.44
16,28,0,0,19,1,1864,8.06
16,28,0,0,20,1,1230,7.34
16,28,0,0,21,0,687,0.18
16,28,0,0,22,0,390,0.0
16,28,0,0,23,0,280,3.14
16,29,1,0,0,0,214,0.0
16,29,1,0,1,0,264,0.31
16,29,1,0,2,0,255,1.65
16,29,1,0,3,0,265,0.09
16,29,1,0,4,0,199,1.39
16,29,1,0,5,0,240,2.36
16,29,1,0,6,0,402,1.16
16,29,1,0,7,0,837,0.74
16,29,1,0,8,1,1381,6.2
16,29,1,0,9,1,1767,6.33
16,29,1,0,10,1,1350,7.71
16,29,1,0,11,1,851,2.41
16,29,1,0,12,0,447,2.92
16,29,1,0,13,0,289,1.95
16,29,1,0,14,0,252,3.27
16,29,1,0,15,0,412,2.02
16,29,1,0,16,0,710,2.7
16,29,1,0,17,1,1190,5.56
16,29,1,0,18,1,1627,6.73
16,29,1,0,19,1,1751,7.58
16,29,1,0,20,1,1340,5.97
16,29,1,0,21,0,735,0.03
16,29,1,0,22,0,396,1.7
16,29,1,0,23,0,282,0.33
16,30,2,0,0,0,270,1.46
16,30,2,0,1,0,232,0.08
16,30,2,0,2,0,265,0.93
16,30,2,0,3,0,247,0.69
16,30,2,0,4,0,270,1.8
16,30,2,0,5,0,248,0.0
16,30,2,0,6,0,404,0.65
16,30,2,0,7,0,656,1.51
16,30,2,0,8,1,1372,4.89
16,30,2,0,9,1,1832,3.98
16,30,2,0,10,1,1317,6.46
16,30,2,0,11,1,751,1.19
16,30,2,0,12,0,382,2.2
16,30,2,0,13,0,272,0.0
16,30,2,0,14,0,288,1.71
16,30,2,0,15,0,344,1.52
16,30,2,0,16,0,624,4.25
16,30,2,0,17,1,1369,5.04
16,30,2,0,18,1,1886,6.41
16,30,2,0,19,1,1718,5.99
16,30,2,0,20,1,1244,5.08
16,30,2,0,21,0,696,2.65
16,30,2,0,22,0,386,3.43
16,30,2,0,23,0,230,3.8
16,31,3,0,0,0,240,0.84
16,31,3,0,1,0,273,2.0
16,31,3,0,2,0,258,2.9
16,31,3,0,3,0,244,2.35
16,31,3,0,4,0,225,1.53
16,31,3,0,5,0,287,2.87
16,31,3,0,6,0,426,2.01
16,31,3,0,7,0,773,2.6
16,31,3,0,8,1,1367,3.52
16,31,3,0,9,1,1973,9.39
16,31,3,0,10,1,1432,6.95
16,31,3,0,11,1,841,1.87
16,31,3,0,12,0,424,3.6
16,31,3,0,13,0,263,0.0
16,31,3,0,14,0,251,0.86
16,31,3,0,15,0,345,1.12
16,31,3,0,16,0,660,2.64
16,31,3,0,17,1,1195,4.73
16,31,3,0,18,1,1822,5.85
16,31,3,0,19,1,1777,5.83
16,31,3,0,20,1,1246,4.86
16,31,3,0,21,0,716,3.14
16,31,3,0,22,0,420,1.64
16,31,3,0,23,0,260,2.43
16,32,4,0,0,0,254,2.34
16,32,4,0,1,0,245,0.0
16,32,4,0,2,0,291,0.26
16,32,4,0,3,0,224,1.97
16,32,4,0,4,0,231,0.34
16,32,4,0,5,0,277,0.89
16,32,4,0,6,0,392,3.95
16,32,4,0,7,0,786,1.79
16,32,4,0,8,1,1513,4.97
16,32,4,0,9,1,1717,5.51
16,32,4,0,10,1,1427,5.77
16,32,4,0,11,1,791,3.39
16,32,4,0,12,0,430,2.77
16,32,4,0,13,0,255,0.01
16,32,4,0,14,0,298,0.02
16,32,4,0,15,0,397,2.85
16,32,4,0,16,0,605,1.81
16,32,4,0,17,1,1328,5.09
16,32,4,0,18,1,1682,7.97
16,32,4,0,19,1,1891,6.55
16,32,4,0,20,1,1423,3.02
16,32,4,0,21,0,612,1.77
16,32,4,0,22,0,372,1.05
16,32,4,0,23,0,263,0.0
16,33,5,1,0,0,133,0.0
16,33,5,1,1,0,143,0.62
16,33,5,1,2,0,133,0.42
16,33,5,1,3,0,148,0.0
16,33,5,1,4,0,123,0.0
16,33,5,1,5,0,148,1.31
16,33,5,1,6,0,237,3.42
16,33,5,1,7,0,462,0.52
16,33,5,1,8,1,759,0.0
16,33,5,1,9,1,928,2.8
16,33,5,1,10,1,629,5.68
16,33,5,1,11,1,423,0.0
16,33,5,1,12,0,217,3.34
16,33,5,1,13,0,176,0.79
16,33,5,1,14,0,153,2.45
16,33,5,1,15,0,208,1.52
16,33,5,1,16,0,408,0.02
16,33,5,1,17,1,770,1.76
16,33,5,1,18,1,907,3.78
16,33,5,1,19,1,1027,5.12
16,33,5,1,20,1,683,3.16
16,33,5,1,21,0,415,1.67
16,33,5,1,22,0,196,0.0
16,33,5,1,23,0,162,0.0
16,34,6,1,0,0,119,0.02
16,34,6,1,1,0,135,1.83
16,34,6,1,2,0,120,1.0
16,34,6,1,3,0,148,0.0
16,34,6,1,4,0,138,0.0
16,34,6,1,5,0,161,1.84
16,34,6,1,6,0,221,0.0
16,34,6,1,7,0,459,1.47
16,34,6,1,8,1,600,3.57
16,34,6,1,9,1,1041,6.17
16,34,6,1,10,1,693,0.0
16,34,6,1,11,1,422,2.46
16,34,6,1,12,0,205,0.0
16,34,6,1,13,0,161,0.13
16,34,6,1,14,0,160,0.66
16,34,6,1,15,0,207,0.73
16,34,6,1,16,0,372,0.8
16,34,6,1,17,1,625,3.23
16,34,6,1,18,1,1051,3.45
16,34,6,1,19,1,1098,4.96
16,34,6,1,20,1,699,3.78
16,34,6,1,21,0,412,0.97
16,34,6,1,22,0,219,2.45
16,34,6,1,23,0,146,0.59
16,35,0,0,0,0,232,0.19
16,35,0,0,1,0,240,0.0
16,35,0,0,2,0,246,1.48
16,35,0,0,3,0,256,0.0
16,35,0,0,4,0,238,2.23
16,35,0,0,5,0,261,2.28
16,35,0,0,6,0,380,2.09
16,35,0,0,7,0,841,0.0
16,35,0,0,8,1,1501,7.96
16,35,0,0,9,1,1689,7.27
16,35,0,0,10,1,1309,5.78
16,35,0,0,11,1,949,0.5
16,35,0,0,12,0,388,2.75
16,35,0,0,13,0,306,0.0
16,35,0,0,14,0,263,0.18
16,35,0,0,15,0,362,1.27
16,35,0,0,16,0,616,2.08
16,35,0,0,17,1,1153,4.51
16,35,0,0,18,1,1640,6.31
16,35,0,0,19,1,1594,7.81
16,35,0,0,20,1,1214,4.88
16,35,0,0,21,0,688,2.76
16,35,0,0,22,0,382,2.74
16,35,0,0,23,0,268,0.0
16,36,1,0,0,0,248,0.07
16,36,1,0,1,0,245,0.0
16,36,1,0,2,0,268,0.0
16,36,1,0,3,0,271,0.99
16,36,1,0,4,0,267,0.0
16,36,1,0,5,0,231,0.0
16,36,1,0,6,0,484,1.04
16,36,1,0,7,0,863,1.51
16,36,1,0,8,1,1423,6.21
16,36,1,0,9,1,2125,8.02
16,36,1,0,10,1,1323,5.82
16,36,1,0,11,1,734,3.55
16,36,1,0,12,0,402,0.48
16,36,1,0,13,0,289,1.32
16,36,1,0,14,0,294,3.65
16,36,1,0,15,0,367,0.85
16,36,1,0,16,0,621,3.27
16,36,1,0,17,1,1182,5.25
16,36,1,0,18,1,1900,6.57
16,36,1,0,19,1,1672,8.21
16,36,1,0,20,1,1317,6.17
16,36,1,0,21,0,674,0.54
16,36,1,0,22,0,360,0.0
16,36,1,0,23,0,287,1.57
16,37,2,0,0,0,235,0.3
16,37,2,0,1,0,256,0.55
16,37,2,0,2,0,235,3.91
16,37,2,0,3,0,236,1.95
16,37,2,0,4,0,258,0.0
16,37,2,0,5,0,259,2.26
16,37,2,0,6,0,399,0.0
16,37,2,0,7,0,818,2.4
16,37,2,0,8,1,1452,9.84
16,37,2,0,9,1,1785,8.06
16,37,2,0,10,1,1375,3.82
16,37,2,0,11,1,858,2.52
16,37,2,0,12,0,396,4.27
16,37,2,0,13,0,270,2.9
16,37,2,0,14,0,286,0.31
16,37,2,0,15,0,393,0.5
16,37,2,0,16,0,746,4.85
16,37,2,0,17,1,1251,7.02
16,37,2,0,18,1,1760,8.41
16,37,2,0,19,1,2148,12.3
16,37,2,0,20,1,1228,5.35
16,37,2,0,21,0,637,3.75
16,37,2,0,22,0,394,0.41
16,37,2,0,23,0,300,0.8
16,38,3,0,0,0,237,1.55
16,38,3,0,1,0,238,0.9
16,38,3,0,2,0,282,0.21
16,38,3,0,3,0,261,0.17
16,38,3,0,4,0,230,0.8
16,38,3,0,5,0,333,2.5
16,38,3,0,6,0,418,0.89
16,38,3,0,7,0,769,0.85
16,38,3,0,8,1,1605,6.82
16,38,3,0,9,1,1757,7.33
16,38,3,0,10,1,1638,7.0
16,38,3,0,11,1,781,5.82
16,38,3,0,12,0,400,0.0
16,38,3,0,13,0,244,0.69
16,38,3,0,14,0,284,2.37
16,38,3,0,15,0,354,1.08
16,38,3,0,16,0,651,4.27
16,38,3,0,17,1,1374,8.43
16,38,3,0,18,1,1787,9.95
16,38,3,0,19,1,1641,6.89
16,38,3,0,20,1,1140,5.42
16,38,3,0,21,0,712,0.0
16,38,3,0,22,0,416,2.95
16,38,3,0,23,0,262,1.47
16,39,4,0,0,0,217,0.0
16,39,4,0,1,0,280,0.0
16,39,4,0,2,0,247,0.0
16,39,4,0,3,0,254,1.86
16,39,4,0,4,0,264,1.76
16,39,4,0,5,0,306,0.39
16,39,4,0,6,0,369,0.6
16,39,4,0,7,0,708,2.95
16,39,4,0,8,1,1388,6.27
16,39,4,0,9,1,1508,6.01
16,39,4,0,10,1,1540,7.02
16,39,4,0,11,1,673,2.67
16,39,4,0,12,0,380,1.54
16,39,4,0,13,0,269,3.68
16,39,4,0,14,0,279,1.59
16,39,4,0,15,0,381,2.24
16,39,4,0,16,0,684,3.9
16,39,4,0,17,1,1207,6.89
16,39,4,0,18,1,1807,7.0
16,39,4,0,19,1,1855,8.16
16,39,4,0,20,1,1329,5.44
16,39,4,0,21,0,683,2.93
16,39,4,0,22,0,367,2.94
16,39,4,0,23,0,307,2.1
16,40,5,1,0,0,151,2.29
16,40,5,1,1,0,133,1.79
16,40,5,1,2,0,122,0.77
16,40,5,1,3,0,123,0.33
16,40,5,1,4,0,121,2.13
16,40,5,1,5,0,146,1.94
16,40,5,1,6,0,220,0.0
16,40,5,1,7,0,419,0.88
16,40,5,1,8,1,771,5.35
16,40,5,1,9,1,1080,3.97
16,40,5,1,10,1,694,1.66
16,40,5,1,11,1,453,1.65
16,40,5,1,12,0,194,0.02
16,40,5,1,13,0,169,1.11
16,40,5,1,14,0,153,0.03
16,40,5,1,15,0,202,1.62
16,40,5,1,16,0,387,2.7
16,40,5,1,17,1,715,2.89
16,40,5,1,18,1,985,3.05
16,40,5,1,19,1,952,5.82
16,40,5,1,20,1,686,2.42
16,40,5,1,21,0,389,0.0
16,40,5,1,22,0,214,3.4
16,40,5,1,23,0,141,0.96
16,41,6,1,0,0,135,0.47
16,41,6,1,1,0,135,1.61
16,41,6,1,2,0,124,1.53
16,41,6,1,3,0,136,0.0
16,41,6,1,4,0,141,0.73
16,41,6,1,5,0,140,0.8
16,41,6,1,6,0,198,0.0
16,41,6,1,7,0,437,0.0
16,41,6,1,8,1,700,1.3
16,41,6,1,9,1,958,4.49
16,41,6,1,10,1,716,1.44
16,41,6,1,11,1,441,1.93
16,41,6,1,12,0,209,3.58
16,41,6,1,13,0,155,0.36
16,41,6,1,14,0,147,2.1
16,41,6,1,15,0,219,0.0
16,41,6,1,16,0,361,0.77
16,41,6,1,17,1,685,3.68
16,41,6,1,18,1,874,3.38
16,41,6,1,19,1,1086,4.39
16,41,6,1,20,1,647,0.59
16,41,6,1,21,0,368,0.0
16,41,6,1,22,0,203,1.63
16,41,6,1,23,0,151,0.0
16,42,0,0,0,0,212,2.1
16,42,0,0,1,0,240,1.12
16,42,0,0,2,0,229,0.3
16,42,0,0,3,0,236,0.0
16,42,0,0,4,0,232,0.91
16,42,0,0,5,0,281,0.1
16,42,0,0,6,0,365,0.93
16,42,0,0,7,0,843,1.96
16,42,0,0,8,1,1405,4.63
16,42,0,0,9,1,1888,6.79
16,42,0,0,10,1,1478,7.43
16,42,0,0,11,1,891,1.53
16,42,0,0,12,0,359,3.18
16,42,0,0,13,0,300,0.27
16,42,0,0,14,0,205,0.94
16,42,0,0,15,0,336,0.1
16,42,0,0,16,0,706,3.3
16,42,0,0,17,1,1404,5.06
16,42,0,0,18,1,1602,7.78
16,42,0,0,19,1,1790,6.62
16,42,0,0,20,1,1249,4.43
16,42,0,0,21,0,735,5.47
16,42,0,0,22,0,360,2.07
16,42,0,0,23,0,241,0.0
16,43,1,0,0,0,258,0.93
16,43,1,0,1,0,225,0.91
16,43,1,0,2,0,264,0.0
16,43,1,0,3,0,282,1.99
16,43,1,0,4,0,262,1.05
16,43,1,0,5,0,313,2.7
16,43,1,0,6,0,392,2.7
16,43,1,0,7,0,747,2.57
16,43,1,0,8,1,1568,6.85
16,43,1,0,9,1,1823,9.05
16,43,1,0,10,1,1465,4.64
16,43,1,0,11,1,899,4.37
16,43,1,0,12,0,423,1.78
16,43,1,0,13,0,303,4.08
16,43,1,0,14,0,269,2.67
16,43,1,0,15,0,383,0.0
16,43,1,0,16,0,618,3.11
16,43,1,0,17,1,1347,6.3
16,43,1,0,18,1,1845,11.26
16,43,1,0,19,1,1811,6.85
16,43,1,0,20,1,1234,7.39
16,43,1,0,21,0,625,4.36
16,43,1,0,22,0,383,0.28
16,43,1,0,23,0,242,3.19
16,44,2,0,0,0,230,1.01
16,44,2,0,1,0,228,3.86
16,44,2,0,2,0,249,0.0
16,44,2,0,3,0,239,3.05
16,44,2,0,4,0,230,0.38
16,44,2,0,5,0,300,1.71
16,44,2,0,6,0,364,1.79
16,44,2,0,7,0,783,3.21
16,44,2,0,8,1,1510,6.4
16,44,2,0,9,1,1719,6.66
16,44,2,0,10,1,1524,5.02
16,44,2,0,11,1,656,2.29
16,44,2,0,12,0,416,1.04
16,44,2,0,13,0,266,0.52
16,44,2,0,14,0,277,0.0
16,44,2,0,15,0,403,0.0
16,44,2,0,16,0,726,3.37
16,44,2,0,17,1,1296,2.29
16,44,2,0,18,1,1779,6.3
16,44,2,0,19,1,1961,8.39
16,44,2,0,20,1,1129,1.98
16,44,2,0,21,0,662,3.87
16,44,2,0,22,0,417,1.94
16,44,2,0,23,0,276,0.61
16,45,3,0,0,0,247,2.81
16,45,3,0,1,0,240,1.95
16,45,3,0,2,0,237,2.47
16,45,3,0,3,0,259,2.49
16,45,3,0,4,0,288,0.0
16,45,3,0,5,0,291,1.87
16,45,3,0,6,0,418,2.03
16,45,3,0,7,0,808,3.74
16,45,3,0,8,1,1505,7.26
16,45,3,0,9,1,1728,6.63
16,45,3,0,10,1,1406,5.0
16,45,3,0,11,1,906,1.72
16,45,3,0,12,0,428,2.83
16,45,3,0,13,0,266,1.51
16,45,3,0,14,0,305,0.72
16,45,3,0,15,0,423,3.37
16,45,3,0,16,0,656,0.96
16,45,3,0,17,1,1263,3.19
16,45,3,0,18,1,1334,4.6
16,45,3,0,19,1,2040,7.49
16,45,3,0,20,1,1284,6.19
16,45,3,0,21,0,694,2.28
16,45,3,0,22,0,420,1.74
16,45,3,0,23,0,272,2.28
16,46,4,0,0,0,227,0.0
16,46,4,0,1,0,215,1.71
16,46,4,0,2,0,244,2.22
16,46,4,0,3,0,248,0.0
16,46,4,0,4,0,243,2.32
16,46,4,0,5,0,268,2.85
16,46,4,0,6,0,389,2.64
16,46,4,0,7,0,680,2.38
16,46,4,0,8,1,1360,3.34
16,46,4,0,9,1,1886,6.58
16,46,4,0,10,1,1320,7.23
16,46,4,0,11,1,803,4.38
16,46,4,0,12,0,349,0.2
16,46,4,0,13,0,324,2.58
16,46,4,0,14,0,253,1.35
16,46,4,0,15,0,352,3.5
16,46,4,0,16,0,570,2.69
16,46,4,0,17,1,1272,3.42
16,46,4,0,18,1,1700,7.36
16,46,4,0,19,1,1491,4.04
16,46,4,0,20,1,1231,3.67
16,46,4,0,21,0,670,2.65
16,46,4,0,22,0,354,1.38
16,46,4,0,23,0,281,2.29
16,47,5,1,0,0,122,0.0
16,47,5,1,1,0,142,0.0
16,47,5,1,2,0,137,0.59
16,47,5,1,3,0,108,0.0
16,47,5,1,4,0,141,0.25
16,47,5,1,5,0,145,0.81
16,47,5,1,6,0,239,1.76
16,47,5,1,7,0,410,0.0
16,47,5,1,8,1,804,1.45
16,47,5,1,9,1,912,3.95
16,47,5,1,10,1,842,5.3
16,47,5,1,11,1,438,0.99
16,47,5,1,12,0,201,3.74
16,47,5,1,13,0,149,1.61
16,47,5,1,14,0,155,0.0
16,47,5,1,15,0,201,0.0
16,47,5,1,16,0,417,1.49
16,47,5,1,17,1,764,2.38
16,47,5,1,18,1,933,2.03
16,47,5,1,19,1,932,1.87
16,47,5,1,20,1,707,2.99
16,47,5,1,21,0,428,0.0
16,47,5,1,22,0,230,0.0
16,47,5,1,23,0,155,0.0
16,48,6,1,0,0,138,0.0
16,48,6,1,1,0,128,0.67
16,48,6,1,2,0,155,0.0
16,48,6,1,3,0,136,0.0
16,48,6,1,4,0,116,0.0
16,48,6,1,5,0,145,1.28
16,48,6,1,6,0,223,0.0
16,48,6,1,7,0,372,2.11
16,48,6,1,8,1,760,5.46
16,48,6,1,9,1,925,5.41
16,48,6,1,10,1,805,4.45
16,48,6,1,11,1,451,2.49
16,48,6,1,12,0,181,0.37
16,48,6,1,13,0,144,2.48
16,48,6,1,14,0,140,0.14
16,48,6,1,15,0,224,1.35
16,48,6,1,16,0,388,3.22
16,48,6,1,17,1,700,1.98
16,48,6,1,18,1,856,4.15
16,48,6,1,19,1,897,3.23
16,48,6,1,20,1,744,2.64
16,48,6,1,21,0,369,1.06
16,48,6,1,22,0,206,0.0
16,48,6,1,23,0,171,0.0
16,49,0,0,0,0,262,0.0
16,49,0,0,1,0,258,1.29
16,49,0,0,2,0,247,1.25
16,49,0,0,3,0,255,0.68
16,49,0,0,4,0,246,1.85
16,49,0,0,5,0,249,0.0
16,49,0,0,6,0,409,0.0
16,49,0,0,7,0,686,5.45
16,49,0,0,8,1,1577,5.45
16,49,0,0,9,1,1870,9.03
16,49,0,0,10,1,1456,5.71
16,49,0,0,11,1,833,4.53
16,49,0,0,12,0,425,0.0
16,49,0,0,13,0,323,4.9
16,49,0,0,14,0,235,1.71
16,49,0,0,15,0,445,3.28
16,49,0,0,16,0,752,0.85
16,49,0,0,17,1,1325,5.66
16,49,0,0,18,1,1846,5.83
16,49,0,0,19,1,1589,6.14
16,49,0,0,20,1,1208,4.6
16,49,0,0,21,0,669,2.37
16,49,0,0,22,0,362,1.38
16,49,0,0,23,0,243,1.74
16,50,1,0,0,0,252,0.0
16,50,1,0,1,0,273,0.0
16,50,1,0,2,0,271,1.58
16,50,1,0,3,0,267,1.33
16,50,1,0,4,0,261,2.53
16,50,1,0,5,0,316,2.88
16,50,1,0,6,0,418,0.0
16,50,1,0,7,0,640,2.36
16,50,1,0,8,1,1323,4.28
16,50,1,0,9,1,1720,7.87
16,50,1,0,10,1,1334,6.68
16,50,1,0,11,1,795,3.24
16,50,1,0,12,0,464,2.12
16,50,1,0,13,0,277,1.89
16,50,1,0,14,0,317,1.2
16,50,1,0,15,0,396,1.42
16,50,1,0,16,0,690,2.02
16,50,1,0,17,1,1190,7.3
16,50,1,0,18,1,1661,4.33
16,50,1,0,19,1,1755,8.55
16,50,1,0,20,1,1370,3.69
16,50,1,0,21,0,758,6.12
16,50,1,0,22,0,361,1.18
16,50,1,0,23,0,247,3.77
16,51,2,0,0,0,217,0.27
16,51,2,0,1,0,262,0.02
16,51,2,0,2,0,227,0.83
16,51,2,0,3,0,294,0.79
16,51,2,0,4,0,246,0.0
16,51,2,0,5,0,283,2.46
16,51,2,0,6,0,384,2.34
16,51,2,0,7,0,755,0.18
16,51,2,0,8,1,1455,8.93
16,51,2,0,9,1,1566,6.53
16,51,2,0,10,1,1550,6.05
16,51,2,0,11,1,703,2.88
16,51,2,0,12,0,452,1.05
16,51,2,0,13,0,283,0.0
16,51,2,0,14,0,275,1.68
16,51,2,0,15,0,386,0.9
16,51,2,0,16,0,721,3.89
16,51,2,0,17,1,1320,4.84
16,51,2,0,18,1,1651,9.55
16,51,2,0,19,1,1757,6.64
16,51,2,0,20,1,1099,3.0
16,51,2,0,21,0,660,3.3
16,51,2,0,22,0,371,1.51
16,51,2,0,23,0,243,3.08
16,52,3,0,0,0,232,1.28
16,52,3,0,1,0,236,0.47
16,52,3,0,2,0,231,1.37
16,52,3,0,3,0,228,1.38
16,52,3,0,4,0,247,1.93
16,52,3,0,5,0,290,0.68
16,52,3,0,6,0,415,0.99
16,52,3,0,7,0,877,2.97
16,52,3,0,8,1,1381,4.82
16,52,3,0,9,1,1630,9.57
16,52,3,0,10,1,1458,5.93
16,52,3,0,11,1,763,4.72
16,52,3,0,12,0,386,1.73
16,52,3,0,13,0,327,0.0
16,52,3,0,14,0,289,1.59
16,52,3,0,15,0,399,1.17
16,52,3,0,16,0,663,2.99
16,52,3,0,17,1,1201,1.31
16,52,3,0,18,1,1623,6.02
16,52,3,0,19,1,1588,6.58
16,52,3,0,20,1,1171,4.62
16,52,3,0,21,0,817,5.11
16,52,3,0,22,0,400,4.31
16,52,3,0,23,0,273,1.0
16,53,4,0,0,0,226,2.82
16,53,4,0,1,0,286,2.51
16,53,4,0,2,0,275,0.0
16,53,4,0,3,0,293,1.02
16,53,4,0,4,0,297,3.79
16,53,4,0,5,0,291,0.65
16,53,4,0,6,0,409,0.0
16,53,4,0,7,0,852,0.0
16,53,4,0,8,1,1370,7.79
16,53,4,0,9,1,1832,5.03
16,53,4,0,10,1,1253,4.12
16,53,4,0,11,1,798,4.51
16,53,4,0,12,0,423,0.1
16,53,4,0,13,0,292,2.26
16,53,4,0,14,0,288,4.87
16,53,4,0,15,0,405,3.07
16,53,4,0,16,0,801,4.48
16,53,4,0,17,1,1191,6.63
16,53,4,0,18,1,1682,5.25
16,53,4,0,19,1,1613,8.3
16,53,4,0,20,1,1308,6.82
16,53,4,0,21,0,731,3.21
16,53,4,0,22,0,392,2.45
16,53,4,0,23,0,261,0.0
16,54,5,1,0,0,130,1.34
16,54,5,1,1,0,129,3.71
16,54,5,1,2,0,140,0.74
16,54,5,1,3,0,129,1.89
16,54,5,1,4,0,124,0.97
16,54,5,1,5,0,145,0.76
16,54,5,1,6,0,230,0.0
16,54,5,1,7,0,378,0.11
16,54,5,1,8,1,826,3.86
16,54,5,1,9,1,922,6.64
16,54,5,1,10,1,851,4.97
16,54,5,1,11,1,411,3.19
16,54,5,1,12,0,228,0.0
16,54,5,1,13,0,151,0.0
16,54,5,1,14,0,143,0.0
16,54,5,1,15,0,226,0.8
16,54,5,1,16,0,354,2.19
16,54,5,1,17,1,685,4.32
16,54,5,1,18,1,966,1.71
16,54,5,1,19,1,918,1.94
16,54,5,1,20,1,716,4.49
16,54,5,1,21,0,335,1.15
16,54,5,1,22,0,229,0.0
16,54,5,1,23,0,145,0.58
16,55,6,1,0,0,147,1.41
16,55,6,1,1,0,144,1.48
16,55,6,1,2,0,132,2.99
16,55,6,1,3,0,128,0.0
16,55,6,1,4,0,117,0.29
16,55,6,1,5,0,147,0.0
16,55,6,1,6,0,224,2.7
16,55,6,1,7,0,452,2.78
16,55,6,1,8,1,705,2.04
16,55,6,1,9,1,1006,4.19
16,55,6,1,10,1,801,4.12
16,55,6,1,11,1,442,4.14
16,55,6,1,12,0,212,0.0
16,55,6,1,13,0,131,1.65
16,55,6,1,14,0,145,2.48
16,55,6,1,15,0,214,0.35
16,55,6,1,16,0,350,2.67
16,55,6,1,17,1,682,3.13
16,55,6,1,18,1,1002,4.41
16,55,6,1,19,1,891,4.35
16,55,6,1,20,1,730,3.46
16,55,6,1,21,0,402,2.7
16,55,6,1,22,0,203,0.16
16,55,6,1,23,0,178,2.7
16,56,0,0,0,0,246,2.01
16,56,0,0,1,0,228,0.01
16,56,0,0,2,0,222,1.32
16,56,0,0,3,0,253,2.64
16,56,0,0,4,0,246,2.58
16,56,0,0,5,0,289,4.84
16,56,0,0,6,0,457,4.07
16,56,0,0,7,0,846,2.04
16,56,0,0,8,1,1436,9.12
16,56,0,0,9,1,1802,5.98
16,56,0,0,10,1,1441,4.28
16,56,0,0,11,1,739,3.58
16,56,0,0,12,0,428,0.52
16,56,0,0,13,0,265,0.0
16,56,0,0,14,0,274,0.0
16,56,0,0,15,0,373,1.61
16,56,0,0,16,0,598,0.88
16,56,0,0,17,1,1240,4.67
16,56,0,0,18,1,1717,7.3
16,56,0,0,19,1,1505,7.08
16,56,0,0,20,1,1215,3.97
16,56,0,0,21,0,592,1.97
16,56,0,0,22,0,398,1.8
16,56,0,0,23,0,278,0.6
16,57,1,0,0,0,246,0.0
16,57,1,0,1,0,247,0.25
16,57,1,0,2,0,225,2.03
16,57,1,0,3,0,216,1.65
16,57,1,0,4,0,262,0.26
16,57,1,0,5,0,297,0.37
16,57,1,0,6,0,384,0.0
16,57,1,0,7,0,793,1.73
16,57,1,0,8,1,1314,5.16
16,57,1,0,9,1,1728,8.8
16,57,1,0,10,1,1508,6.86
16,57,1,0,11,1,784,2.53
16,57,1,0,12,0,403,0.78
16,57,1,0,13,0,262,0.93
16,57,1,0,14,0,258,0.0
16,57,1,0,15,0,412,0.0
16,57,1,0,16,0,638,4.46
16,57,1,0,17,1,1207,6.89
16,57,1,0,18,1,1575,6.41
16,57,1,0,19,1,1845,6.02
16,57,1,0,20,1,1413,5.07
16,57,1,0,21,0,724,1.88
16,57,1,0,22,0,428,2.17
16,57,1,0,23,0,320,3.05
16,58,2,0,0,0,264,0.0
16,58,2,0,1,0,249,0.52
16,58,2,0,2,0,247,1.21
16,58,2,0,3,0,229,0.68
16,58,2,0,4,0,248,0.0
16,58,2,0,5,0,292,1.5
16,58,2,0,6,0,430,2.45
16,58,2,0,7,0,684,1.49
16,58,2,0,8,1,1589,7.53
16,58,2,0,9,1,1507,6.73
16,58,2,0,10,1,1310,2.1
16,58,2,0,11,1,898,3.7
16,58,2,0,12,0,411,0.0
16,58,2,0,13,0,252,0.0
16,58,2,0,14,0,309,0.0
16,58,2,0,15,0,432,0.25
16,58,2,0,16,0,628,2.43
16,58,2,0,17,1,1178,4.86
16,58,2,0,18,1,1616,5.99
16,58,2,0,19,1,1632,7.82
16,58,2,0,20,1,1297,5.56
16,58,2,0,21,0,755,3.41
16,58,2,0,22,0,388,1.37
16,58,2,0,23,0,259,0.0
16,59,3,0,0,0,250,2.53
16,59,3,0,1,0,258,1.88
16,59,3,0,2,0,225,1.68
16,59,3,0,3,0,239,1.22
16,59,3,0,4,0,261,0.0
16,59,3,0,5,0,278,1.47
16,59,3,0,6,0,436,0.97
16,59,3,0,7,0,789,3.41
16,59,3,0,8,1,1345,4.58
16,59,3,0,9,1,1652,6.42
16,59,3,0,10,1,1600,6.26
16,59,3,0,11,1,824,3.34
16,59,3,0,12,0,394,1.54
16,59,3,0,13,0,295,1.1
16,59,3,0,14,0,274,0.74
16,59,3,0,15,0,352,2.97
16,59,3,0,16,0,671,4.89
16,59,3,0,17,1,1271,7.19
16,59,3,0,18,1,1710,5.74
16,59,3,0,19,1,1883,6.69
16,59,3,0,20,1,1375,6.37
16,59,3,0,21,0,778,1.65
16,59,3,0,22,0,411,0.53
16,59,3,0,23,0,222,2.23
17,0,0,0,0,0,300,1.12
17,0,0,0,1,0,251,1.5
17,0,0,0,2,0,242,3.04
17,0,0,0,3,0,249,1.97
17,0,0,0,4,0,198,0.99
17,0,0,0,5,0,271,1.19
17,0,0,0,6,0,372,1.21
17,0,0,0,7,0,818,2.74
17,0,0,0,8,1,1494,6.07
17,0,0,0,9,1,1849,8.86
17,0,0,0,10,1,1546,5.61
17,0,0,0,11,1,780,5.53
17,0,0,0,12,0,380,0.89
17,0,0,0,13,0,279,0.0
17,0,0,0,14,0,284,2.96
17,0,0,0,15,0,329,0.54
17,0,0,0,16,0,714,5.2
17,0,0,0,17,1,1115,5.76
17,0,0,0,18,1,1742,7.21
17,0,0,0,19,1,1939,7.56
17,0,0,0,20,1,1263,5.25
17,0,0,0,21,0,718,1.24
17,0,0,0,22,0,393,2.22
17,0,0,0,23,0,243,2.27
17,1,1,0,0,0,269,1.46
17,1,1,0,1,0,224,0.0
17,1,1,0,2,0,204,0.28
17,1,1,0,3,0,233,0.83
17,1,1,0,4,0,274,0.34
17,1,1,0,5,0,288,1.02
17,1,1,0,6,0,380,3.63
17,1,1,0,7,0,859,1.77
17,1,1,0,8,1,1477,5.6
17,1,1,0,9,1,1831,5.31
17,1,1,0,10,1,1386,6.07
17,1,1,0,11,1,736,3.33
17,1,1,0,12,0,399,1.66
17,1,1,0,13,0,305,5.28
17,1,1,0,14,0,283,0.85
17,1,1,0,15,0,449,3.5
17,1,1,0,16,0,808,3.59
17,1,1,0,17,1,1349,5.47
17,1,1,0,18,1,1773,7.26
17,1,1,0,19,1,1824,7.41
17,1,1,0,20,1,1407,6.49
17,1,1,0,21,0,718,3.11
17,1,1,0,22,0,375,0.0
17,1,1,0,23,0,301,2.7
17,2,2,0,0,0,229,0.0
17,2,2,0,1,0,265,0.58
17,2,2,0,2,0,231,0.0
17,2,2,0,3,0,242,1.16
17,2,2,0,4,0,248,0.0
17,2,2,0,5,0,265,1.89
17,2,2,0,6,0,462,1.92
17,2,2,0,7,0,872,4.57
17,2,2,0,8,1,1359,6.84
17,2,2,0,9,1,1918,6.95
17,2,2,0,10,1,1428,4.86
17,2,2,0,11,1,725,4.43
17,2,2,0,12,0,463,1.76
17,2,2,0,13,0,270,2.68
17,2,2,0,14,0,308,0.0
17,2,2,0,15,0,393,4.54
17,2,2,0,16,0,810,1.85
17,2,2,0,17,1,1125,5.03
17,2,2,0,18,1,1866,8.54
17,2,2,0,19,1,1842,7.79
17,2,2,0,20,1,1223,3.94
17,2,2,0,21,0,753,1.95
17,2,2,0,22,0,336,1.56
17,2,2,0,23,0,285,4.03
17,3,3,0,0,0,252,0.0
17,3,3,0,1,0,275,1.03
17,3,3,0,2,0,248,0.0
17,3,3,0,3,0,261,1.28
17,3,3,0,4,0,255,2.43
17,3,3,0,5,0,302,1.69
17,3,3,0,6,0,428,2.23
17,3,3,0,7,0,914,2.3
17,3,3,0,8,1,1302,3.43
17,3,3,0,9,1,1832,7.16
17,3,3,0,10,1,1299,4.91
17,3,3,0,11,1,945,4.42
17,3,3,0,12,0,459,0.0
17,3,3,0,13,0,289,1.93
17,3,3,0,14,0,297,0.81
17,3,3,0,15,0,419,2.41
17,3,3,0,16,0,712,2.21
17,3,3,0,17,1,1116,1.59
17,3,3,0,18,1,1670,6.45
17,3,3,0,19,1,1670,7.2
17,3,3,0,20,1,1349,3.52
17,3,3,0,21,0,738,2.91
17,3,3,0,22,0,335,2.7
17,3,3,0,23,0,258,4.89
17,4,4,0,0,0,274,0.88
17,4,4,0,1,0,251,0.0
17,4,4,0,2,0,286,0.0
17,4,4,0,3,0,252,0.04
17,4,4,0,4,0,263,1.02
17,4,4,0,5,0,265,1.76
17,4,4,0,6,0,459,1.91
17,4,4,0,7,0,664,3.22
17,4,4,0,8,1,1257,2.97
17,4,4,0,9,1,1552,7.27
17,4,4,0,10,1,1260,6.52
17,4,4,0,11,1,858,2.14
17,4,4,0,12,0,426,3.47
17,4,4,0,13,0,269,2.92
17,4,4,0,14,0,285,0.11
17,4,4,0,15,0,414,0.57
17,4,4,0,16,0,786,1.42
17,4,4,0,17,1,1399,5.92
17,4,4,0,18,1,1866,6.87
17,4,4,0,19,1,1821,3.49
17,4,4,0,20,1,1288,3.18
17,4,4,0,21,0,749,2.19
17,4,4,0,22,0,371,0.0
17,4,4,0,23,0,283,0.0
17,5,5,1,0,0,137,0.06
17,5,5,1,1,0,126,0.0
17,5,5,1,2,0,131,1.98
17,5,5,1,3,0,150,0.0
17,5,5,1,4,0,142,0.15
17,5,5,1,5,0,142,0.79
17,5,5,1,6,0,234,0.0
17,5,5,1,7,0,479,2.98
17,5,5,1,8,1,782,1.81
17,5,5,1,9,1,1005,3.04
17,5,5,1,10,1,864,4.8
17,5,5,1,11,1,444,0.57
17,5,5,1,12,0,234,2.12
17,5,5,1,13,0,151,1.22
17,5,5,1,14,0,149,0.0
17,5,5,1,15,0,185,0.97
17,5,5,1,16,0,436,0.29
17,5,5,1,17,1,651,3.05
17,5,5,1,18,1,974,4.32
17,5,5,1,19,1,1011,4.02
17,5,5,1,20,1,704,1.13
17,5,5,1,21,0,376,3.4
17,5,5,1,22,0,221,1.3
17,5,5,1,23,0,142,0.0
17,6,6,1,0,0,126,0.0
17,6,6,1,1,0,135,0.0
17,6,6,1,2,0,140,2.11
17,6,6,1,3,0,131,2.4
17,6,6,1,4,0,145,2.71
17,6,6,1,5,0,139,2.32
17,6,6,1,6,0,213,0.0
17,6,6,1,7,0,441,0.49
17,6,6,1,8,1,811,4.51
17,6,6,1,9,1,1006,3.94
17,6,6,1,10,1,858,4.07
17,6,6,1,11,1,438,1.56
17,6,6,1,12,0,209,0.0
17,6,6,1,13,0,149,0.0
17,6,6,1,14,0,140,0.0
17,6,6,1,15,0,232,0.0
17,6,6,1,16,0,414,0.7
17,6,6,1,17,1,707,1.61
17,6,6,1,18,1,986,7.36
17,6,6,1,19,1,917,3.23
17,6,6,1,20,1,630,4.17
17,6,6,1,21,0,428,0.31
17,6,6,1,22,0,211,1.48
17,6,6,1,23,0,154,0.0
17,7,0,0,0,0,231,0.0
17,7,0,0,1,0,271,2.08
17,7,0,0,2,0,284,0.0
17,7,0,0,3,0,257,1.23
17,7,0,0,4,0,261,1.96
17,7,0,0,5,0,350,6.14
17,7,0,0,6,0,422,4.11
17,7,0,0,7,0,750,2.85
17,7,0,0,8,1,1335,5.72
17,7,0,0,9,1,1833,10.78
17,7,0,0,10,1,1319,7.27
17,7,0,0,11,1,779,2.28
17,7,0,0,12,0,402,4.58
17,7,0,0,13,0,238,1.63
17,7,0,0,14,0,307,0.0
17,7,0,0,15,0,405,0.53
17,7,0,0,16,0,818,1.34
17,7,0,0,17,1,1325,4.65
17,7,0,0,18,1,1746,6.55
17,7,0,0,19,1,1922,7.98
17,7,0,0,20,1,1124,5.07
17,7,0,0,21,0,723,4.47
17,7,0,0,22,0,399,0.0
17,7,0,0,23,0,305,2.95
17,8,1,0,0,0,262,1.5
17,8,1,0,1,0,259,2.79
17,8,1,0,2,0,279,1.94
17,8,1,0,3,0,264,1.38
17,8,1,0,4,0,303,0.0
17,8,1,0,5,0,264,0.0
17,8,1,0,6,0,479,1.61
17,8,1,0,7,0,678,1.52
17,8,1,0,8,1,1491,6.04
17,8,1,0,9,1,1748,7.33
17,8,1,0,10,1,1558,7.65
17,8,1,0,11,1,754,3.49
17,8,1,0,12,0,462,2.2
17,8,1,0,13,0,269,0.0
17,8,1,0,14,0,287,0.86
17,8,1,0,15,0,382,1.87
17,8,1,0,16,0,669,4.61
17,8,1,0,17,1,1259,8.02
17,8,1,0,18,1,1911,7.53
17,8,1,0,19,1,1585,7.33
17,8,1,0,20,1,1314,4.21
17,8,1,0,21,0,642,2.55
17,8,1,0,22,0,396,1.82
17,8,1,0,23,0,279,2.91
17,9,2,0,0,0,238,3.8
17,9,2,0,1,0,217,0.0
17,9,2,0,2,0,227,1.24
17,9,2,0,3,0,259,3.67
17,9,2,0,4,0,258,2.3
17,9,2,0,5,0,254,0.0
17,9,2,0,6,0,453,3.22
17,9,2,0,7,0,821,1.97
17,9,2,0,8,1,1703,8.06
17,9,2,0,9,1,1662,6.73
17,9,2,0,10,1,1259,5.22
17,9,2,0,11,1,776,6.69
17,9,2,0,12,0,435,0.0
17,9,2,0,13,0,324,1.9
17,9,2,0,14,0,316,1.68
17,9,2,0,15,0,393,0.32
17,9,2,0,16,0,744,4.61
17,9,2,0,17,1,1088,3.12
17,9,2,0,18,1,1591,9.04
17,9,2,0,19,1,1924,7.16
17,9,2,0,20,1,1375,3.45
17,9,2,0,21,0,724,4.3
17,9,2,0,22,0,371,1.47
17,9,2,0,23,0,290,2.89
17,10,3,0,0,0,220,0.62
17,10,3,0,1,0,232,1.75
17,10,3,0,2,0,245,2.2
17,10,3,0,3,0,224,0.19
17,10,3,0,4,0,295,0.87
17,10,3,0,5,0,303,0.0
17,10,3,0,6,0,361,3.55
17,10,3,0,7,0,858,2.81
17,10,3,0,8,1,1612,5.52
17,10,3,0,9,1,1639,6.58
17,10,3,0,10,1,1395,3.84
17,10,3,0,11,1,798,3.57
17,10,3,0,12,0,437,5.74
17,10,3,0,13,0,310,0.0
17,10,3,0,14,0,343,1.45
17,10,3,0,15,0,399,0.58
17,10,3,0,16,0,707,2.79
17,10,3,0,17,1,1335,6.7
17,10,3,0,18,1,1712,8.64
17,10,3,0,19,1,1688,8.43
17,10,3,0,20,1,1199,3.1
17,10,3,0,21,0,690,2.39
17,10,3,0,22,0,358,0.86
17,10,3,0,23,0,267,1.07
17,11,4,0,0,0,262,0.92
17,11,4,0,1,0,232,0.38
17,11,4,0,2,0,271,0.09
17,11,4,0,3,0,232,0.0
17,11,4,0,4,0,240,2.2
17,11,4,0,5,0,262,0.99
17,11,4,0,6,0,394,0.75
17,11,4,0,7,0,891,3.34
17,11,4,0,8,1,1282,2.84
17,11,4,0,9,1,1610,4.68
17,11,4,0,10,1,1524,5.78
17,11,4,0,11,1,810,2.86
17,11,4,0,12,0,404,3.03
17,11,4,0,13,0,305,3.9
17,11,4,0,14,0,262,0.46
17,11,4,0,15,0,395,3.94
17,11,4,0,16,0,668,4.09
17,11,4,0,17,1,1204,6.28
17,11,4,0,18,1,1779,5.55
17,11,4,0,19,1,1749,7.92
17,11,4,0,20,1,974,5.26
17,11,4,0,21,0,624,2.17
17,11,4,0,22,0,385,0.0
17,11,4,0,23,0,265,1.69
17,12,5,1,0,0,158,1.87
17,12,5,1,1,0,148,0.0
17,12,5,1,2,0,134,3.27
17,12,5,1,3,0,149,0.0
17,12,5,1,4,0,141,2.03
17,12,5,1,5,0,165,0.47
17,12,5,1,6,0,221,1.55
17,12,5,1,7,0,478,1.32
17,12,5,1,8,1,668,2.55
17,12,5,1,9,1,870,6.38
17,12,5,1,10,1,724,2.72
17,12,5,1,11,1,418,0.89
17,12,5,1,12,0,240,2.54
17,12,5,1,13,0,163,2.1
17,12,5,1,14,0,148,0.0
17,12,5,1,15,0,201,1.45
17,12,5,1,16,0,427,0.0
17,12,5,1,17,1,676,2.29
17,12,5,1,18,1,911,4.54
17,12,5,1,19,1,1048,7.87
17,12,5,1,20,1,806,4.41
17,12,5,1,21,0,374,2.56
17,12,5,1,22,0,180,1.71
17,12,5,1,23,0,158,0.75
17,13,6,1,0,0,129,1.71
17,13,6,1,1,0,127,2.09
17,13,6,1,2,0,144,1.22
17,13,6,1,3,0,127,0.0
17,13,6,1,4,0,123,1.75
17,13,6,1,5,0,153,0.0
17,13,6,1,6,0,223,2.47
17,13,6,1,7,0,403,0.95
17,13,6,1,8,1,685,1.16
17,13,6,1,9,1,948,5.42
17,13,6,1,10,1,824,4.78
17,13,6,1,11,1,467,0.43
17,13,6,1,12,0,256,2.14
17,13,6,1,13,0,177,3.22
17,13,6,1,14,0,153,0.0
17,13,6,1,15,0,175,0.95
17,13,6,1,16,0,387,0.59
17,13,6,1,17,1,668,3.45
17,13,6,1,18,1,824,5.22
17,13,6,1,19,1,1039,3.62
17,13,6,1,20,1,692,3.24
17,13,6,1,21,0,414,4.7
17,13,6,1,22,0,204,2.86
17,13,6,1,23,0,150,0.0
17,14,0,0,0,0,246,2.61
17,14,0,0,1,0,239,1.12
17,14,0,0,2,0,241,0.32
17,14,0,0,3,0,278,1.1
17,14,0,0,4,0,240,0.31
17,14,0,0,5,0,285,1.06
17,14,0,0,6,0,410,1.19
17,14,0,0,7,0,873,4.36
17,14,0,0,8,1,1400,5.79
17,14,0,0,9,1,1645,6.47
17,14,0,0,10,1,1347,5.68
17,14,0,0,11,1,799,2.83
17,14,0,0,12,0,415,2.11
17,14,0,0,13,0,307,2.4
17,14,0,0,14,0,303,0.68
17,14,0,0,15,0,397,4.19
17,14,0,0,16,0,702,3.0
17,14,0,0,17,1,1281,4.97
17,14,0,0,18,1,1947,7.12
17,14,0,0,19,1,1918,8.83
17,14,0,0,20,1,1260,4.42
17,14,0,0,21,0,705,4.56
17,14,0,0,22,0,422,2.89
17,14,0,0,23,0,277,1.17
17,15,1,0,0,0,263,0.7
17,15,1,0,1,0,268,1.3
17,15,1,0,2,0,271,0.0
17,15,1,0,3,0,239,0.46
17,15,1,0,4,0,262,0.48
17,15,1,0,5,0,327,0.0
17,15,1,0,6,0,443,3.62
17,15,1,0,7,0,838,2.88
17,15,1,0,8,1,1423,6.92
17,15,1,0,9,1,1534,5.18
17,15,1,0,10,1,1364,6.27
17,15,1,0,11,1,876,6.48
17,15,1,0,12,0,349,0.0
17,15,1,0,13,0,275,1.93
17,15,1,0,14,0,299,0.0
17,15,1,0,15,0,400,0.0
17,15,1,0,16,0,724,2.86
17,15,1,0,17,1,1256,4.44
17,15,1,0,18,1,1753,7.49
17,15,1,0,19,1,2000,6.07
17,15,1,0,20,1,1238,5.76
17,15,1,0,21,0,704,3.0
17,15,1,0,22,0,370,2.72
17,15,1,0,23,0,230,0.0
17,16,2,0,0,0,290,0.0
17,16,2,0,1,0,233,0.0
17,16,2,0,2,0,240,0.93
17,16,2,0,3,0,273,1.81
17,16,2,0,4,0,249,3.62
17,16,2,0,5,0,269,1.16
17,16,2,0,6,0,414,2.93
17,16,2,0,7,0,732,1.39
17,16,2,0,8,1,1533,8.81
17,16,2,0,9,1,1708,4.94
17,16,2,0,10,1,1290,6.71
17,16,2,0,11,1,697,2.88
17,16,2,0,12,0,404,0.6
17,16,2,0,13,0,263,2.1
17,16,2,0,14,0,299,2.95
17,16,2,0,15,0,404,1.63
17,16,2,0,16,0,716,4.35
17,16,2,0,17,1,1093,5.04
17,16,2,0,18,1,1684,7.3
17,16,2,0,19,1,1620,7.76
17,16,2,0,20,1,1326,4.25
17,16,2,0,21,0,681,1.89
17,16,2,0,22,0,390,4.6
17,16,2,0,23,0,238,1.44
17,17,3,0,0,0,260,0.24
17,17,3,0,1,0,217,0.57
17,17,3,0,2,0,226,1.74
17,17,3,0,3,0,223,0.82
17,17,3,0,4,0,238,2.63
17,17,3,0,5,0,314,0.72
17,17,3,0,6,0,375,4.01
17,17,3,0,7,0,797,3.66
17,17,3,0,8,1,1412,5.34
17,17,3,0,9,1,1690,3.93
17,17,3,0,10,1,1627,6.8
17,17,3,0,11,1,801,4.6
17,17,3,0,12,0,392,2.12
17,17,3,0,13,0,265,0.54
17,17,3,0,14,0,295,1.59
17,17,3,0,15,0,378,2.61
17,17,3,0,16,0,663,1.28
17,17,3,0,17,1,1220,4.53
17,17,3,0,18,1,1718,6.23
17,17,3,0,19,1,1893,9.83
17,17,3,0,20,1,1253,5.9
17,17,3,0,21,0,665,2.52
17,17,3,0,22,0,403,0.35
17,17,3,0,23,0,295,0.09
17,18,4,0,0,0,271,2.36
17,18,4,0,1,0,273,2.63
17,18,4,0,2,0,290,1.92
17,18,4,0,3,0,222,1.08
17,18,4,0,4,0,244,0.0
17,18,4,0,5,0,307,0.77
17,18,4,0,6,0,361,0.48
17,18,4,0,7,0,952,5.86
17,18,4,0,8,1,1509,6.98
17,18,4,0,9,1,1632,5.06
17,18,4,0,10,1,1489,8.34
17,18,4,0,11,1,740,2.82
17,18,4,0,12,0,418,0.95
17,18,4,0,13,0,278,0.0
17,18,4,0,14,0,289,1.41
17,18,4,0,15,0,408,1.33
17,18,4,0,16,0,747,3.5
17,18,4,0,17,1,1391,5.17
17,18,4,0,18,1,1899,7.26
17,18,4,0,19,1,1856,9.42
17,18,4,0,20,1,1385,5.23
17,18,4,0,21,0,677,4.16
17,18,4,0,22,0,374,2.98
17,18,4,0,23,0,252,1.72
17,19,5,1,0,0,134,0.0
17,19,5,1,1,0,129,0.0
17,19,5,1,2,0,159,0.0
17,19,5,1,3,0,134,0.01
17,19,5,1,4,0,129,0.0
17,19,5,1,5,0,151,0.0
17,19,5,1,6,0,232,3.3
17,19,5,1,7,0,441,0.73
17,19,5,1,8,1,777,2.59
17,19,5,1,9,1,1052,3.51
17,19,5,1,10,1,814,3.69
17,19,5,1,11,1,447,0.08
17,19,5,1,12,0,214,0.57
17,19,5,1,13,0,140,0.0
17,19,5,1,14,0,149,1.11
17,19,5,1,15,0,238,1.35
17,19,5,1,16,0,393,1.68
17,19,5,1,17,1,677,2.57
17,19,5,1,18,1,1015,5.48
17,19,5,1,19,1,781,4.21
17,19,5,1,20,1,680,3.46
17,19,5,1,21,0,400,1.4
17,19,5,1,22,0,222,1.32
17,19,5,1,23,0,153,0.45
17,20,6,1,0,0,127,0.53
17,20,6,1,1,0,116,0.9
17,20,6,1,2,0,146,0.0
17,20,6,1,3,0,135,2.67
17,20,6,1,4,0,164,0.51
17,20,6,1,5,0,154,0.51
17,20,6,1,6,0,228,2.77
17,20,6,1,7,0,443,0.0
17,20,6,1,8,1,800,2.62
17,20,6,1,9,1,881,1.84
17,20,6,1,10,1,777,4.05
17,20,6,1,11,1,463,3.66
17,20,6,1,12,0,212,0.29
17,20,6,1,13,0,163,1.73
17,20,6,1,14,0,148,0.0
17,20,6,1,15,0,221,2.2
17,20,6,1,16,0,381,2.21
17,20,6,1,17,1,696,1.81
17,20,6,1,18,1,1028,3.77
17,20,6,1,19,1,853,2.42
17,20,6,1,20,1,571,6.34
17,20,6,1,21,0,429,0.0
17,20,6,1,22,0,203,1.15
17,20,6,1,23,0,173,1.78
17,21,0,0,0,0,255,0.14
17,21,0,0,1,0,261,1.7
17,21,0,0,2,0,252,0.89
17,21,0,0,3,0,242,2.9
17,21,0,0,4,0,219,1.34
17,21,0,0,5,0,279,0.0
17,21,0,0,6,0,397,0.06
17,21,0,0,7,0,739,1.78
17,21,0,0,8,1,1568,6.18
17,21,0,0,9,1,1864,5.65
17,21,0,0,10,1,1355,4.78
17,21,0,0,11,1,816,4.06
17,21,0,0,12,0,419,0.46
17,21,0,0,13,0,299,0.28
17,21,0,0,14,0,288,0.0
17,21,0,0,15,0,381,2.3
17,21,0,0,16,0,713,1.63
17,21,0,0,17,1,1321,4.12
17,21,0,0,18,1,1519,7.63
17,21,0,0,19,1,1624,7.68
17,21,0,0,20,1,1242,5.94
17,21,0,0,21,0,663,3.93
17,21,0,0,22,0,371,1.07
17,21,0,0,23,0,230,0.0
17,22,1,0,0,0,266,0.06
17,22,1,0,1,0,211,0.0
17,22,1,0,2,0,262,0.0
17,22,1,0,3,0,272,0.26
17,22,1,0,4,0,246,0.0
17,22,1,0,5,0,237,0.48
17,22,1,0,6,0,407,2.17
17,22,1,0,7,0,755,0.54
17,22,1,0,8,1,1619,6.72
17,22,1,0,9,1,1745,8.52
17,22,1,0,10,1,1312,3.5
17,22,1,0,11,1,845,6.04
17,22,1,0,12,0,363,1.35
17,22,1,0,13,0,289,1.76
17,22,1,0,14,0,273,0.0
17,22,1,0,15,0,322,4.23
17,22,1,0,16,0,795,2.1
17,22,1,0,17,1,1262,4.04
17,22,1,0,18,1,1714,6.54
17,22,1,0,19,1,1585,6.13
17,22,1,0,20,1,1271,2.53
17,22,1,0,21,0,663,0.45
17,22,1,0,22,0,354,0.96
17,22,1,0,23,0,274,0.78
17,23,2,0,0,0,292,1.55
17,23,2,0,1,0,257,1.12
17,23,2,0,2,0,221,0.62
17,23,2,0,3,0,250,2.03
17,23,2,0,4,0,230,0.0
17,23,2,0,5,0,253,0.0
17,23,2,0,6,0,398,0.0
17,23,2,0,7,0,856,1.87
17,23,2,0,8,1,1499,5.25
17,23,2,0,9,1,1686,7.96
17,23,2,0,10,1,1493,6.6
17,23,2,0,11,1,692,4.55
17,23,2,0,12,0,457,1.38
17,23,2,0,13,0,260,0.0
17,23,2,0,14,0,274,0.0
17,23,2,0,15,0,380,0.63
17,23,2,0,16,0,629,1.45
17,23,2,0,17,1,1271,3.66
17,23,2,0,18,1,1711,8.13
17,23,2,0,19,1,1654,5.17
17,23,2,0,20,1,1275,6.79
17,23,2,0,21,0,730,1.86
17,23,2,0,22,0,366,0.68
17,23,2,0,23,0,271,4.78
17,24,3,0,0,0,253,3.69
17,24,3,0,1,0,267,0.0
17,24,3,0,2,0,241,0.86
17,24,3,0,3,0,254,1.11
17,24,3,0,4,0,219,0.0
17,24,3,0,5,0,277,0.49
17,24,3,0,6,0,452,1.81
17,24,3,0,7,0,855,4.39
17,24,3,0,8,1,1417,7.32
17,24,3,0,9,1,1694,6.69
17,24,3,0,10,1,1433,4.46
17,24,3,0,11,1,731,0.99
17,24,3,0,12,0,376,1.3
17,24,3,0,13,0,289,0.0
17,24,3,0,14,0,283,0.75
17,24,3,0,15,0,417,0.91
17,24,3,0,16,0,797,4.33
17,24,3,0,17,1,1232,4.11
17,24,3,0,18,1,1891,7.06
17,24,3,0,19,1,1771,6.32
17,24,3,0,20,1,1210,3.01
17,24,3,0,21,0,785,2.55
17,24,3,0,22,0,392,2.3
17,24,3,0,23,0,309,0.4
17,25,4,0,0,0,205,0.96
17,25,4,0,1,0,261,0.23
17,25,4,0,2,0,262,1.05
17,25,4,0,3,0,244,2.97
17,25,4,0,4,0,247,3.47
17,25,4,0,5,0,279,0.0
17,25,4,0,6,0,347,3.17
17,25,4,0,7,0,867,4.66
17,25,4,0,8,1,1572,8.98
17,25,4,0,9,1,1458,3.18
17,25,4,0,10,1,1394,7.04
17,25,4,0,11,1,824,3.73
17,25,4,0,12,0,396,0.31
17,25,4,0,13,0,280,0.74
17,25,4,0,14,0,271,2.03
17,25,4,0,15,0,388,2.22
17,25,4,0,16,0,701,3.83
17,25,4,0,17,1,1154,2.49
17,25,4,0,18,1,1718,8.02
17,25,4,0,19,1,1714,9.91
17,25,4,0,20,1,1163,4.36
17,25,4,0,21,0,603,4.63
17,25,4,0,22,0,385,0.0
17,25,4,0,23,0,272,0.0
17,26,5,1,0,0,151,0.0
17,26,5,1,1,0,138,0.0
17,26,5,1,2,0,136,1.75
17,26,5,1,3,0,133,1.37
17,26,5,1,4,0,108,0.0
17,26,5,1,5,0,154,0.0
17,26,5,1,6,0,246,2.24
17,26,5,1,7,0,491,2.11
17,26,5,1,8,1,737,3.87
17,26,5,1,9,1,886,3.11
17,26,5,1,10,1,809,2.18
17,26,5,1,11,1,528,3.19
17,26,5,1,12,0,209,2.27
17,26,5,1,13,0,175,0.0
17,26,5,1,14,0,171,0.0
17,26,5,1,15,0,213,1.11
17,26,5,1,16,0,368,0.48
17,26,5,1,17,1,648,1.78
17,26,5,1,18,1,894,5.25
17,26,5,1,19,1,856,6.12
17,26,5,1,20,1,689,0.0
17,26,5,1,21,0,413,1.07
17,26,5,1,22,0,193,0.26
17,26,5,1,23,0,144,2.51
17,27,6,1,0,0,129,0.0
17,27,6,1,1,0,130,0.0
17,27,6,1,2,0,150,0.9
17,27,6,1,3,0,122,0.0
17,27,6,1,4,0,134,0.0
17,27,6,1,5,0,139,1.04
17,27,6,1,6,0,258,0.0
17,27,6,1,7,0,540,2.72
17,27,6,1,8,1,713,5.14
17,27,6,1,9,1,1000,5.27
17,27,6,1,10,1,836,4.96
17,27,6,1,11,1,399,2.81
17,27,6,1,12,0,226,1.78
17,27,6,1,13,0,147,0.0
17,27,6,1,14,0,147,1.68
17,27,6,1,15,0,212,0.04
17,27,6,1,16,0,378,3.39
17,27,6,1,17,1,724,3.58
17,27,6,1,18,1,991,5.57
17,27,6,1,19,1,889,4.88
17,27,6,1,20,1,700,1.4
17,27,6,1,21,0,388,1.14
17,27,6,1,22,0,219,2.23
17,27,6,1,23,0,139,3.13
17,28,0,0,0,0,217,0.0
17,28,0,0,1,0,291,0.0
17,28,0,0,2,0,239,0.0
17,28,0,0,3,0,202,0.64
17,28,0,0,4,0,263,1.71
17,28,0,0,5,0,265,0.0
17,28,0,0,6,0,387,0.18
17,28,0,0,7,0,822,2.42
17,28,0,0,8,1,1470,2.96
17,28,0,0,9,1,1845,8.11
17,28,0,0,10,1,1297,4.06
17,28,0,0,11,1,783,4.7
17,28,0,0,12,0,399,2.05
17,28,0,0,13,0,281,2.44
17,28,0,0,14,0,285,0.0
17,28,0,0,15,0,379,2.98
17,28,0,0,16,0,724,1.02
17,28,0,0,17,1,1444,4.83
17,28,0,0,18,1,1893,9.66
17,28,0,0,19,1,1912,6.3
17,28,0,0,20,1,1375,5.84
17,28,0,0,21,0,632,2.39
17,28,0,0,22,0,357,2.01
17,28,0,0,23,0,296,2.87
17,29,1,0,0,0,249,0.0
17,29,1,0,1,0,227,1.92
17,29,1,0,2,0,270,1.9
17,29,1,0,3,0,234,0.0
17,29,1,0,4,0,242,0.0
17,29,1,0,5,0,290,0.94
17,29,1,0,6,0,457,0.37
17,29,1,0,7,0,796,1.31
17,29,1,0,8,1,1382,6.71
17,29,1,0,9,1,1767,5.62
17,29,1,0,10,1,1255,4.52
17,29,1,0,11,1,819,4.51
17,29,1,0,12,0,386,0.39
17,29,1,0,13,0,330,1.28
17,29,1,0,14,0,303,0.0
17,29,1,0,15,0,398,2.7
17,29,1,0,16,0,710,0.23
17,29,1,0,17,1,1174,5.25
17,29,1,0,18,1,1540,9.96
17,29,1,0,19,1,1926,5.44
17,29,1,0,20,1,1293,5.29
17,29,1,0,21,0,769,0.0
17,29,1,0,22,0,394,0.0
17,29,1,0,23,0,288,0.0
17,30,2,0,0,0,278,1.58
17,30,2,0,1,0,215,0.0
17,30,2,0,2,0,261,0.0
17,30,2,0,3,0,263,0.06
17,30,2,0,4,0,278,2.63
17,30,2,0,5,0,288,0.0
17,30,2,0,6,0,391,1.18
17,30,2,0,7,0,738,3.94
17,30,2,0,8,1,1388,5.28
17,30,2,0,9,1,1686,6.72
17,30,2,0,10,1,1446,4.96
17,30,2,0,11,1,791,2.47
17,30,2,0,12,0,395,1.61
17,30,2,0,13,0,224,3.0
17,30,2,0,14,0,299,1.44
17,30,2,0,15,0,415,0.0
17,30,2,0,16,0,608,0.0
17,30,2,0,17,1,1310,5.45
17,30,2,0,18,1,1816,8.67
17,30,2,0,19,1,1430,3.92
17,30,2,0,20,1,1200,5.8
17,30,2,0,21,0,715,6.81
17,30,2,0,22,0,354,2.2
17,30,2,0,23,0,300,3.4
17,31,3,0,0,0,247,0.0
17,31,3,0,1,0,264,1.49
17,31,3,0,2,0,262,3.07
17,31,3,0,3,0,246,0.0
17,31,3,0,4,0,265,1.52
17,31,3,0,5,0,271,0.0
17,31,3,0,6,0,421,2.97
17,31,3,0,7,0,703,2.88
17,31,3,0,8,1,1493,8.67
17,31,3,0,9,1,1769,9.41
17,31,3,0,10,1,1521,7.37
17,31,3,0,11,1,754,6.73
17,31,3,0,12,0,412,1.95
17,31,3,0,13,0,283,2.99
17,31,3,0,14,0,326,2.29
17,31,3,0,15,0,377,4.06
17,31,3,0,16,0,636,1.5
17,31,3,0,17,1,1125,3.95
17,31,3,0,18,1,1907,7.29
17,31,3,0,19,1,1774,7.64
17,31,3,0,20,1,1243,3.3
17,31,3,0,21,0,613,4.41
17,31,3,0,22,0,369,0.45
17,31,3,0,23,0,245,0.77
17,32,4,0,0,0,262,0.5
17,32,4,0,1,0,258,0.0
17,32,4,0,2,0,254,0.4
17,32,4,0,3,0,222,0.0
17,32,4,0,4,0,236,0.0
17,32,4,0,5,0,286,1.8
17,32,4,0,6,0,416,2.23
17,32,4,0,7,0,704,3.58
17,32,4,0,8,1,1502,6.42
17,32,4,0,9,1,1745,5.87
17,32,4,0,10,1,1464,5.28
17,32,4,0,11,1,865,3.88
17,32,4,0,12,0,405,1.11
17,32,4,0,13,0,279,0.89
17,32,4,0,14,0,280,0.0
17,32,4,0,15,0,396,1.84
17,32,4,0,16,0,640,2.91
17,32,4,0,17,1,1265,3.81
17,32,4,0,18,1,1851,9.41
17,32,4,0,19,1,1684,6.89
17,32,4,0,20,1,1393,2.28
17,32,4,0,21,0,814,3.38
17,32,4,0,22,0,412,0.0
17,32,4,0,23,0,248,0.0
17,33,5,1,0,0,126,0.0
17,33,5,1,1,0,125,0.0
17,33,5,1,2,0,122,2.72
17,33,5,1,3,0,145,0.0
17,33,5,1,4,0,146,1.09
17,33,5,1,5,0,132,1.17
17,33,5,1,6,0,218,1.91
17,33,5,1,7,0,405,2.44
17,33,5,1,8,1,850,4.0
17,33,5,1,9,1,829,7.0
17,33,5,1,10,1,821,2.93
17,33,5,1,11,1,465,5.03
17,33,5,1,12,0,200,2.44
17,33,5,1,13,0,153,0.14
17,33,5,1,14,0,151,0.0
17,33,5,1,15,0,222,0.0
17,33,5,1,16,0,372,0.73
17,33,5,1,17,1,675,0.0
17,33,5,1,18,1,1040,1.4
17,33,5,1,19,1,899,2.78
17,33,5,1,20,1,679,3.29
17,33,5,1,21,0,389,4.45
17,33,5,1,22,0,219,1.29
17,33,5,1,23,0,146,1.04
17,34,6,1,0,0,132,0.0
17,34,6,1,1,0,173,3.01
17,34,6,1,2,0,128,1.49
17,34,6,1,3,0,141,0.0
17,34,6,1,4,0,163,0.35
17,34,6,1,5,0,170,0.0
17,34,6,1,6,0,245,2.98
17,34,6,1,7,0,409,1.14
17,34,6,1,8,1,778,5.56
17,34,6,1,9,1,1088,3.76
17,34,6,1,10,1,760,3.41
17,34,6,1,11,1,387,3.46
17,34,6,1,12,0,210,0.99
17,34,6,1,13,0,172,1.36
17,34,6,1,14,0,150,0.0
17,34,6,1,15,0,212,0.41
17,34,6,1,16,0,470,0.67
17,34,6,1,17,1,666,1.16
17,34,6,1,18,1,951,4.59
17,34,6,1,19,1,897,4.12
17,34,6,1,20,1,629,3.91
17,34,6,1,21,0,374,1.01
17,34,6,1,22,0,237,0.29
17,34,6,1,23,0,158,1.69
17,35,0,0,0,0,277,1.6
17,35,0,0,1,0,245,0.2
17,35,0,0,2,0,257,0.0
17,35,0,0,3,0,262,1.35
17,35,0,0,4,0,230,0.0
17,35,0,0,5,0,280,0.69
17,35,0,0,6,0,437,0.37
17,35,0,0,7,0,853,4.55
17,35,0,0,8,1,1291,4.83
17,35,0,0,9,1,1952,8.41
17,35,0,0,10,1,1414,6.94
17,35,0,0,11,1,774,2.6
17,35,0,0,12,0,416,3.8
17,35,0,0,13,0,261,1.75
17,35,0,0,14,0,273,2.96
17,35,0,0,15,0,412,1.53
17,35,0,0,16,0,741,2.1
17,35,0,0,17,1,1202,8.59
17,35,0,0,18,1,1713,7.12
17,35,0,0,19,1,1710,4.91
17,35,0,0,20,1,1163,5.16
17,35,0,0,21,0,627,1.44
17,35,0,0,22,0,409,1.98
17,35,0,0,23,0,269,0.41
17,36,1,0,0,0,230,4.26
17,36,1,0,1,0,231,2.44
17,36,1,0,2,0,206,2.14
17,36,1,0,3,0,271,0.0
17,36,1,0,4,0,241,2.57
17,36,1,0,5,0,253,1.67
17,36,1,0,6,0,388,2.9
17,36,1,0,7,0,926,2.19
17,36,1,0,8,1,1493,7.44
17,36,1,0,9,1,1478,7.42
17,36,1,0,10,1,1466,6.83
17,36,1,0,11,1,688,3.87
17,36,1,0,12,0,404,0.0
17,36,1,0,13,0,298,2.41
17,36,1,0,14,0,280,1.66
17,36,1,0,15,0,383,0.0
17,36,1,0,16,0,699,4.6
17,36,1,0,17,1,1389,4.32
17,36,1,0,18,1,1799,7.31
17,36,1,0,19,1,1835,7.42
17,36,1,0,20,1,1339,4.74
17,36,1,0,21,0,770,2.28
17,36,1,0,22,0,394,2.57
17,36,1,0,23,0,283,0.0
17,37,2,0,0,0,257,2.06
17,37,2,0,1,0,257,2.44
17,37,2,0,2,0,274,0.05
17,37,2,0,3,0,217,0.0
17,37,2,0,4,0,255,1.94
17,37,2,0,5,0,276,0.0
17,37,2,0,6,0,420,1.7
17,37,2,0,7,0,816,5.98
17,37,2,0,8,1,1519,5.88
17,37,2,0,9,1,1573,8.31
17,37,2,0,10,1,1224,4.47
17,37,2,0,11,1,728,2.3
17,37,2,0,12,0,407,0.0
17,37,2,0,13,0,227,0.0
17,37,2,0,14,0,251,0.0
17,37,2,0,15,0,380,3.8
17,37,2,0,16,0,673,1.9
17,37,2,0,17,1,1256,6.02
17,37,2,0,18,1,1845,4.5
17,37,2,0,19,1,1618,8.13
17,37,2,0,20,1,1213,6.3
17,37,2,0,21,0,748,0.0
17,37,2,0,22,0,337,0.85
17,37,2,0,23,0,288,0.75
17,38,3,0,0,0,247,1.04
17,38,3,0,1,0,249,0.95
17,38,3,0,2,0,203,0.34
17,38,3,0,3,0,245,0.0
17,38,3,0,4,0,238,0.0
17,38,3,0,5,0,287,0.0
17,38,3,0,6,0,406,0.89
17,38,3,0,7,0,794,4.54
17,38,3,0,8,1,1342,5.22
17,38,3,0,9,1,1849,7.63
17,38,3,0,10,1,1335,3.01
17,38,3,0,11,1,752,3.28
17,38,3,0,12,0,409,2.59
17,38,3,0,13,0,275,0.0
17,38,3,0,14,0,248,0.0
17,38,3,0,15,0,356,3.39
17,38,3,0,16,0,640,0.8
17,38,3,0,17,1,1194,6.32
17,38,3,0,18,1,1832,6.94
17,38,3,0,19,1,1542,5.97
17,38,3,0,20,1,1337,7.2
17,38,3,0,21,0,574,0.89
17,38,3,0,22,0,386,3.16
17,38,3,0,23,0,245,0.0
17,39,4,0,0,0,238,0.0
17,39,4,0,1,0,208,3.75
17,39,4,0,2,0,242,0.0
17,39,4,0,3,0,224,0.57
17,39,4,0,4,0,239,1.87
17,39,4,0,5,0,251,0.71
17,39,4,0,6,0,402,2.14
17,39,4,0,7,0,782,3.72
17,39,4,0,8,1,1439,6.77
17,39,4,0,9,1,1817,6.72
17,39,4,0,10,1,1594,5.34
17,39,4,0,11,1,893,4.93
17,39,4,0,12,0,427,1.44
17,39,4,0,13,0,264,1.22
17,39,4,0,14,0,284,0.86
17,39,4,0,15,0,403,2.84
17,39,4,0,16,0,655,1.5
17,39,4,0,17,1,1129,4.95
17,39,4,0,18,1,1975,5.8
17,39,4,0,19,1,1647,4.42
17,39,4,0,20,1,1205,1.61
17,39,4,0,21,0,769,4.09
17,39,4,0,22,0,394,2.92
17,39,4,0,23,0,298,1.09
17,40,5,1,0,0,123,0.0
17,40,5,1,1,0,137,0.0
17,40,5,1,2,0,157,0.86
17,40,5,1,3,0,139,1.98
17,40,5,1,4,0,142,0.17
17,40,5,1,5,0,172,1.34
17,40,5,1,6,0,216,1.13
17,40,5,1,7,0,424,0.47
17,40,5,1,8,1,833,2.58
17,40,5,1,9,1,908,3.9
17,40,5,1,10,1,850,0.25
17,40,5,1,11,1,417,0.0
17,40,5,1,12,0,164,0.73
17,40,5,1,13,0,139,1.7
17,40,5,1,14,0,140,1.44
17,40,5,1,15,0,218,0.0
17,40,5,1,16,0,373,1.75
17,40,5,1,17,1,726,4.95
17,40,5,1,18,1,987,3.88
17,40,5,1,19,1,973,3.51
17,40,5,1,20,1,670,1.28
17,40,5,1,21,0,401,0.34
17,40,5,1,22,0,216,0.81
17,40,5,1,23,0,161,1.0
17,41,6,1,0,0,129,0.0
17,41,6,1,1,0,149,0.0
17,41,6,1,2,0,153,0.0
17,41,6,1,3,0,140,1.84
17,41,6,1,4,0,140,0.88
17,41,6,1,5,0,160,1.88
17,41,6,1,6,0,236,2.79
17,41,6,1,7,0,426,4.21
17,41,6,1,8,1,719,4.31
17,41,6,1,9,1,998,7.35
17,41,6,1,10,1,803,4.24
17,41,6,1,11,1,384,2.82
17,41,6,1,12,0,230,2.02
17,41,6,1,13,0,143,0.0
17,41,6,1,14,0,157,0.52
17,41,6,1,15,0,218,1.12
17,41,6,1,16,0,373,1.13
17,41,6,1,17,1,655,6.76
17,41,6,1,18,1,997,6.62
17,41,6,1,19,1,890,3.43
17,41,6,1,20,1,671,3.28
17,41,6,1,21,0,395,0.0
17,41,6,1,22,0,221,1.29
17,41,6,1,23,0,157,2.36
17,42,0,0,0,0,270,3.52
17,42,0,0,1,0,258,2.4
17,42,0,0,2,0,247,1.28
17,42,0,0,3,0,263,0.31
17,42,0,0,4,0,255,0.0
17,42,0,0,5,0,306,3.12
17,42,0,0,6,0,370,3.22
17,42,0,0,7,0,868,3.95
17,42,0,0,8,1,1462,6.71
17,42,0,0,9,1,1574,9.75
17,42,0,0,10,1,1178,2.52
17,42,0,0,11,1,874,4.87
17,42,0,0,12,0,466,2.02
17,42,0,0,13,0,261,1.14
17,42,0,0,14,0,301,0.16
17,42,0,0,15,0,355,1.47
17,42,0,0,16,0,666,2.4
17,42,0,0,17,1,1204,5.69
17,42,0,0,18,1,1702,6.03
17,42,0,0,19,1,1865,5.79
17,42,0,0,20,1,1174,5.2
17,42,0,0,21,0,658,4.58
17,42,0,0,22,0,356,1.24
17,42,0,0,23,0,259,3.23
17,43,1,0,0,0,230,3.8
17,43,1,0,1,0,253,0.74
17,43,1,0,2,0,209,3.33
17,43,1,0,3,0,261,0.0
17,43,1,0,4,0,243,0.0
17,43,1,0,5,0,261,0.87
17,43,1,0,6,0,464,5.59
17,43,1,0,7,0,840,1.02
17,43,1,0,8,1,1691,4.11
17,43,1,0,9,1,1880,7.62
17,43,1,0,10,1,1566,5.13
17,43,1,0,11,1,873,5.67
17,43,1,0,12,0,424,1.72
17,43,1,0,13,0,305,3.23
17,43,1,0,14,0,271,0.13
17,43,1,0,15,0,368,0.0
17,43,1,0,16,0,760,3.03
17,43,1,0,17,1,1237,4.28
17,43,1,0,18,1,1827,6.31
17,43,1,0,19,1,1892,7.0
17,43,1,0,20,1,1150,5.51
17,43,1,0,21,0,658,2.53
17,43,1,0,22,0,417,1.74
17,43,1,0,23,0,281,0.47
17,44,2,0,0,0,254,0.08
17,44,2,0,1,0,261,0.54
17,44,2,0,2,0,247,0.0
17,44,2,0,3,0,261,0.23
17,44,2,0,4,0,232,0.15
17,44,2,0,5,0,297,2.06
17,44,2,0,6,0,336,0.3
17,44,2,0,7,0,899,5.48
17,44,2,0,8,1,1283,6.48
17,44,2,0,9,1,1557,4.97
17,44,2,0,10,1,1303,6.32
17,44,2,0,11,1,808,3.99
17,44,2,0,12,0,346,2.71
17,44,2,0,13,0,319,1.64
17,44,2,0,14,0,326,2.61
17,44,2,0,15,0,445,1.44
17,44,2,0,16,0,725,1.88
17,44,2,0,17,1,1119,3.26
17,44,2,0,18,1,1806,5.33
17,44,2,0,19,1,1781,3.86
17,44,2,0,20,1,1233,5.32
17,44,2,0,21,0,667,2.2
17,44,2,0,22,0,388,0.97
17,44,2,0,23,0,285,0.0
17,45,3,0,0,0,227,0.0
17,45,3,0,1,0,247,3.7
17,45,3,0,2,0,263,0.0
17,45,3,0,3,0,255,0.19
17,45,3,0,4,0,245,0.0
17,45,3,0,5,0,272,0.0
17,45,3,0,6,0,406,2.1
17,45,3,0,7,0,754,2.22
17,45,3,0,8,1,1289,4.55
17,45,3,0,9,1,1772,6.8
17,45,3,0,10,1,1500,7.43
17,45,3,0,11,1,768,2.72
17,45,3,0,12,0,374,0.77
17,45,3,0,13,0,283,2.26
17,45,3,0,14,0,279,1.58
17,45,3,0,15,0,347,1.75
17,45,3,0,16,0,658,4.99
17,45,3,0,17,1,1450,8.11
17,45,3,0,18,1,1635,7.52
17,45,3,0,19,1,1413,7.26
17,45,3,0,20,1,1262,2.31
17,45,3,0,21,0,741,2.44
17,45,3,0,22,0,377,2.3
17,45,3,0,23,0,301,1.6
17,46,4,0,0,0,205,1.22
17,46,4,0,1,0,230,1.64
17,46,4,0,2,0,257,0.54
17,46,4,0,3,0,248,0.0
17,46,4,0,4,0,285,1.52
17,46,4,0,5,0,283,1.47
17,46,4,0,6,0,348,2.74
17,46,4,0,7,0,774,3.14
17,46,4,0,8,1,1347,3.42
17,46,4,0,9,1,1670,6.26
17,46,4,0,10,1,1414,4.76
17,46,4,0,11,1,793,2.58
17,46,4,0,12,0,362,1.26
17,46,4,0,13,0,279,0.0
17,46,4,0,14,0,300,1.04
17,46,4,0,15,0,398,0.16
17,46,4,0,16,0,664,2.11
17,46,4,0,17,1,1134,1.64
17,46,4,0,18,1,1946,6.8
17,46,4,0,19,1,1734,7.26
17,46,4,0,20,1,1237,3.14
17,46,4,0,21,0,762,2.23
17,46,4,0,22,0,406,3.72
17,46,4,0,23,0,249,2.2
17,47,5,1,0,0,139,0.0
17,47,5,1,1,0,142,0.72
17,47,5,1,2,0,131,3.38
17,47,5,1,3,0,142,0.0
17,47,5,1,4,0,143,0.3
17,47,5,1,5,0,139,0.21
17,47,5,1,6,0,232,0.0
17,47,5,1,7,0,393,0.0
17,47,5,1,8,1,701,3.61
17,47,5,1,9,1,999,2.61
17,47,5,1,10,1,770,1.11
17,47,5,1,11,1,420,0.68
17,47,5,1,12,0,231,2.69
17,47,5,1,13,0,141,0.0
17,47,5,1,14,0,158,0.0
17,47,5,1,15,0,198,2.08
17,47,5,1,16,0,427,0.31
17,47,5,1,17,1,650,3.6
17,47,5,1,18,1,1045,3.72
17,47,5,1,19,1,916,4.42
17,47,5,1,20,1,714,2.74
17,47,5,1,21,0,445,2.09
17,47,5,1,22,0,193,1.34
17,47,5,1,23,0,144,0.26
17,48,6,1,0,0,146,1.82
17,48,6,1,1,0,105,0.0
17,48,6,1,2,0,132,0.46
17,48,6,1,3,0,128,0.02
17,48,6,1,4,0,138,0.0
17,48,6,1,5,0,150,2.0
17,48,6,1,6,0,202,0.97
17,48,6,1,7,0,445,0.0
17,48,6,1,8,1,760,2.87
17,48,6,1,9,1,1062,3.67
17,48,6,1,10,1,806,2.14
17,48,6,1,11,1,453,3.1
17,48,6,1,12,0,195,0.96
17,48,6,1,13,0,161,0.42
17,48,6,1,14,0,157,1.74
17,48,6,1,15,0,190,1.32
17,48,6,1,16,0,425,1.04
17,48,6,1,17,1,660,1.67
17,48,6,1,18,1,993,6.09
17,48,6,1,19,1,1132,6.88
17,48,6,1,20,1,677,1.42
17,48,6,1,21,0,341,2.03
17,48,6,1,22,0,264,1.37
17,48,6,1,23,0,157,0.56
17,49,0,0,0,0,262,0.11
17,49,0,0,1,0,257,0.58
17,49,0,0,2,0,260,1.02
17,49,0,0,3,0,262,0.0
17,49,0,0,4,0,276,2.56
17,49,0,0,5,0,272,0.24
17,49,0,0,6,0,368,0.0
17,49,0,0,7,0,781,3.36
17,49,0,0,8,1,1449,8.41
17,49,0,0,9,1,1687,5.83
17,49,0,0,10,1,1415,4.29
17,49,0,0,11,1,904,6.31
17,49,0,0,12,0,436,3.14
17,49,0,0,13,0,279,2.13
17,49,0,0,14,0,310,0.76
17,49,0,0,15,0,433,1.7
17,49,0,0,16,0,702,1.49
17,49,0,0,17,1,1288,6.83
17,49,0,0,18,1,1446,6.3
17,49,0,0,19,1,1868,7.65
17,49,0,0,20,1,1067,2.23
17,49,0,0,21,0,703,0.3
17,49,0,0,22,0,472,3.83
17,49,0,0,23,0,255,2.33
17,50,1,0,0,0,264,0.51
17,50,1,0,1,0,271,0.0
17,50,1,0,2,0,244,0.19
17,50,1,0,3,0,287,0.0
17,50,1,0,4,0,268,0.04
17,50,1,0,5,0,302,0.56
17,50,1,0,6,0,370,1.44
17,50,1,0,7,0,860,4.22
17,50,1,0,8,1,1255,2.62
17,50,1,0,9,1,1669,5.2
17,50,1,0,10,1,1323,4.6
17,50,1,0,11,1,844,2.96
17,50,1,0,12,0,371,0.11
17,50,1,0,13,0,292,1.0
17,50,1,0,14,0,265,2.01
17,50,1,0,15,0,414,2.8
17,50,1,0,16,0,701,1.45
17,50,1,0,17,1,1243,3.91
17,50,1,0,18,1,1393,5.22
17,50,1,0,19,1,1462,4.76
17,50,1,0,20,1,1207,7.15
17,50,1,0,21,0,640,2.91
17,50,1,0,22,0,378,2.2
17,50,1,0,23,0,264,0.0
17,51,2,0,0,0,253,1.04
17,51,2,0,1,0,255,0.57
17,51,2,0,2,0,244,2.18
17,51,2,0,3,0,265,0.0
17,51,2,0,4,0,251,0.0
17,51,2,0,5,0,291,1.86
17,51,2,0,6,0,456,2.93
17,51,2,0,7,0,817,7.14
17,51,2,0,8,1,1465,6.69
17,51,2,0,9,1,1504,7.23
17,51,2,0,10,1,1701,7.23
17,51,2,0,11,1,856,5.09
17,51,2,0,12,0,469,2.79
17,51,2,0,13,0,246,1.33
17,51,2,0,14,0,299,2.24
17,51,2,0,15,0,384,0.98
17,51,2,0,16,0,687,2.52
17,51,2,0,17,1,1279,5.93
17,51,2,0,18,1,1819,6.63
17,51,2,0,19,1,1597,6.96
17,51,2,0,20,1,1237,7.36
17,51,2,0,21,0,759,3.55
17,51,2,0,22,0,365,0.0
17,51,2,0,23,0,279,1.34
17,52,3,0,0,0,216,1.57
17,52,3,0,1,0,252,0.0
17,52,3,0,2,0,234,0.0
17,52,3,0,3,0,227,1.49
17,52,3,0,4,0,290,1.86
17,52,3,0,5,0,293,0.01
17,52,3,0,6,0,427,1.43
17,52,3,0,7,0,806,2.32
17,52,3,0,8,1,1246,6.36
17,52,3,0,9,1,1782,6.78
17,52,3,0,10,1,1634,5.04
17,52,3,0,11,1,847,6.47
17,52,3,0,12,0,424,0.0
17,52,3,0,13,0,304,0.4
17,52,3,0,14,0,268,0.0
17,52,3,0,15,0,439,1.15
17,52,3,0,16,0,655,4.49
17,52,3,0,17,1,1105,4.52
17,52,3,0,18,1,1669,7.59
17,52,3,0,19,1,1706,4.71
17,52,3,0,20,1,1281,4.44
17,52,3,0,21,0,755,3.12
17,52,3,0,22,0,455,0.98
17,52,3,0,23,0,305,0.69
17,53,4,0,0,0,248,2.13
17,53,4,0,1,0,232,2.71
17,53,4,0,2,0,265,2.25
17,53,4,0,3,0,270,1.95
17,53,4,0,4,0,268,3.05
17,53,4,0,5,0,279,0.85
17,53,4,0,6,0,426,1.85
17,53,4,0,7,0,866,6.26
17,53,4,0,8,1,1318,5.42
17,53,4,0,9,1,1610,6.12
17,53,4,0,10,1,1409,5.05
17,53,4,0,11,1,864,3.99
17,53,4,0,12,0,391,2.92
17,53,4,0,13,0,280,0.32
17,53,4,0,14,0,259,0.0
17,53,4,0,15,0,374,1.58
17,53,4,0,16,0,760,0.0
17,53,4,0,17,1,1455,4.67
17,53,4,0,18,1,1711,6.32
17,53,4,0,19,1,1676,6.25
17,53,4,0,20,1,1242,4.74
17,53,4,0,21,0,797,2.09
17,53,4,0,22,0,445,2.6
17,53,4,0,23,0,244,0.0
17,54,5,1,0,0,127,0.47
17,54,5,1,1,0,152,1.83
17,54,5,1,2,0,127,2.33
17,54,5,1,3,0,126,0.0
17,54,5,1,4,0,151,2.15
17,54,5,1,5,0,163,0.68
17,54,5,1,6,0,224,0.0
17,54,5,1,7,0,443,0.76
17,54,5,1,8,1,773,6.53
17,54,5,1,9,1,992,2.31
17,54,5,1,10,1,862,5.46
17,54,5,1,11,1,494,1.26
17,54,5,1,12,0,223,0.0
17,54,5,1,13,0,174,0.88
17,54,5,1,14,0,138,3.03
17,54,5,1,15,0,202,0.22
17,54,5,1,16,0,356,0.0
17,54,5,1,17,1,718,1.83
17,54,5,1,18,1,852,4.89
17,54,5,1,19,1,1010,6.72
17,54,5,1,20,1,675,2.76
17,54,5,1,21,0,395,1.79
17,54,5,1,22,0,218,0.39
17,54,5,1,23,0,131,0.96
17,55,6,1,0,0,144,0.07
17,55,6,1,1,0,165,0.0
17,55,6,1,2,0,131,1.19
17,55,6,1,3,0,140,0.0
17,55,6,1,4,0,148,0.0
17,55,6,1,5,0,168,1.27
17,55,6,1,6,0,221,2.8
17,55,6,1,7,0,423,0.0
17,55,6,1,8,1,698,3.16
17,55,6,1,9,1,1108,4.22
17,55,6,1,10,1,832,3.8
17,55,6,1,11,1,428,0.0
17,55,6,1,12,0,228,2.12
17,55,6,1,13,0,161,0.13
17,55,6,1,14,0,148,0.0
17,55,6,1,15,0,202,0.88
17,55,6,1,16,0,384,2.29
17,55,6,1,17,1,642,2.53
17,55,6,1,18,1,968,3.11
17,55,6,1,19,1,995,2.64
17,55,6,1,20,1,763,3.69
17,55,6,1,21,0,406,1.52
17,55,6,1,22,0,208,0.0
17,55,6,1,23,0,143,0.0
17,56,0,0,0,0,253,2.06
17,56,0,0,1,0,226,2.89
17,56,0,0,2,0,219,2.16
17,56,0,0,3,0,234,2.55
17,56,0,0,4,0,269,5.05
17,56,0,0,5,0,265,0.0
17,56,0,0,6,0,348,1.08
17,56,0,0,7,0,816,2.19
17,56,0,0,8,1,1467,7.21
17,56,0,0,9,1,1841,7.3
17,56,0,0,10,1,1329,6.56
17,56,0,0,11,1,895,2.68
17,56,0,0,12,0,372,3.22
17,56,0,0,13,0,290,1.61
17,56,0,0,14,0,320,0.0
17,56,0,0,15,0,382,2.09
17,56,0,0,16,0,821,3.21
17,56,0,0,17,1,1217,5.19
17,56,0,0,18,1,1869,9.26
17,56,0,0,19,1,1973,5.02
17,56,0,0,20,1,1188,6.05
17,56,0,0,21,0,722,3.54
17,56,0,0,22,0,369,1.84
17,56,0,0,23,0,273,1.8
17,57,1,0,0,0,261,1.53
17,57,1,0,1,0,256,0.77
17,57,1,0,2,0,283,2.81
17,57,1,0,3,0,252,2.3
17,57,1,0,4,0,295,0.0
17,57,1,0,5,0,263,1.18
17,57,1,0,6,0,420,0.88
17,57,1,0,7,0,851,3.28
17,57,1,0,8,1,1550,5.2
17,57,1,0,9,1,1638,6.26
17,57,1,0,10,1,1408,4.29
17,57,1,0,11,1,813,2.27
17,57,1,0,12,0,473,1.8
17,57,1,0,13,0,291,0.0
17,57,1,0,14,0,294,0.0
17,57,1,0,15,0,417,0.0
17,57,1,0,16,0,705,4.37
17,57,1,0,17,1,1284,4.93
17,57,1,0,18,1,1954,6.58
17,57,1,0,19,1,1600,4.83
17,57,1,0,20,1,1164,5.28
17,57,1,0,21,0,690,4.24
17,57,1,0,22,0,403,2.16
17,57,1,0,23,0,240,1.82
17,58,2,0,0,0,276,1.26
17,58,2,0,1,0,231,0.0
17,58,2,0,2,0,271,1.24
17,58,2,0,3,0,224,1.47
17,58,2,0,4,0,253,3.4
17,58,2,0,5,0,261,1.6
17,58,2,0,6,0,449,2.49
17,58,2,0,7,0,796,2.68
17,58,2,0,8,1,1390,4.8
17,58,2,0,9,1,1661,8.35
17,58,2,0,10,1,1545,7.27
17,58,2,0,11,1,820,3.56
17,58,2,0,12,0,359,2.48
17,58,2,0,13,0,283,0.0
17,58,2,0,14,0,305,0.98
17,58,2,0,15,0,412,2.31
17,58,2,0,16,0,656,3.74
17,58,2,0,17,1,1198,2.3
17,58,2,0,18,1,1870,7.78
17,58,2,0,19,1,1781,8.26
17,58,2,0,20,1,1150,3.17
17,58,2,0,21,0,644,1.87
17,58,2,0,22,0,399,4.65
17,58,2,0,23,0,273,1.34
17,59,3,0,0,0,222,0.06
17,59,3,0,1,0,210,4.26
17,59,3,0,2,0,213,0.08
17,59,3,0,3,0,248,3.64
17,59,3,0,4,0,258,0.0
17,59,3,0,5,0,272,1.18
17,59,3,0,6,0,389,0.44
17,59,3,0,7,0,753,1.83
17,59,3,0,8,1,1319,3.93
17,59,3,0,9,1,1711,7.94
17,59,3,0,10,1,1279,3.87
17,59,3,0,11,1,808,3.99
17,59,3,0,12,0,458,2.86
17,59,3,0,13,0,285,1.07
17,59,3,0,14,0,278,0.0
17,59,3,0,15,0,400,0.92
17,59,3,0,16,0,714,1.42
17,59,3,0,17,1,1255,3.6
17,59,3,0,18,1,1838,6.93
17,59,3,0,19,1,1787,6.46
17,59,3,0,20,1,1334,5.84
17,59,3,0,21,0,658,1.22
17,59,3,0,22,0,415,0.0
17,59,3,0,23,0,309,0.11
18,0,0,0,0,0,93,0.95
18,0,0,0,1,0,103,0.64
18,0,0,0,2,0,93,0.0
18,0,0,0,3,0,103,0.17
18,0,0,0,4,0,86,0.66
18,0,0,0,5,0,117,3.67
18,0,0,0,6,0,137,2.31
18,0,0,0,7,0,301,2.69
18,0,0,0,8,1,530,3.04
18,0,0,0,9,1,708,0.21
18,0,0,0,10,1,534,0.38
18,0,0,0,11,1,282,1.13
18,0,0,0,12,0,137,0.0
18,0,0,0,13,0,91,0.0
18,0,0,0,14,0,106,1.72
18,0,0,0,15,0,132,2.52
18,0,0,0,16,0,269,3.23
18,0,0,0,17,1,395,2.05
18,0,0,0,18,1,674,0.12
18,0,0,0,19,1,767,2.11
18,0,0,0,20,1,481,3.31
18,0,0,0,21,0,259,3.11
18,0,0,0,22,0,164,0.0
18,0,0,0,23,0,102,1.78
18,1,1,0,0,0,79,1.91
18,1,1,0,1,0,104,2.34
18,1,1,0,2,0,94,2.69
18,1,1,0,3,0,94,0.0
18,1,1,0,4,0,88,0.0
18,1,1,0,5,0,101,0.26
18,1,1,0,6,0,145,0.91
18,1,1,0,7,0,328,1.63
18,1,1,0,8,1,545,0.0
18,1,1,0,9,1,647,4.22
18,1,1,0,10,1,571,4.0
18,1,1,0,11,1,300,1.82
18,1,1,0,12,0,141,1.83
18,1,1,0,13,0,97,1.41
18,1,1,0,14,0,103,0.43
18,1,1,0,15,0,152,1.45
18,1,1,0,16,0,263,0.31
18,1,1,0,17,1,520,2.58
18,1,1,0,18,1,681,2.85
18,1,1,0,19,1,607,2.96
18,1,1,0,20,1,439,2.41
18,1,1,0,21,0,190,0.16
18,1,1,0,22,0,141,0.0
18,1,1,0,23,0,104,0.0
18,2,2,0,0,0,91,0.0
18,2,2,0,1,0,98,1.21
18,2,2,0,2,0,93,0.46
18,2,2,0,3,0,110,0.2
18,2,2,0,4,0,87,0.0
18,2,2,0,5,0,108,2.88
18,2,2,0,6,0,139,0.13
18,2,2,0,7,0,285,0.95
18,2,2,0,8,1,445,2.99
18,2,2,0,9,1,701,0.0
18,2,2,0,10,1,592,4.79
18,2,2,0,11,1,221,0.0
18,2,2,0,12,0,147,2.56
18,2,2,0,13,0,105,0.45
18,2,2,0,14,0,107,0.0
18,2,2,0,15,0,156,0.47
18,2,2,0,16,0,223,0.0
18,2,2,0,17,1,474,1.46
18,2,2,0,18,1,622,2.79
18,2,2,0,19,1,661,0.8
18,2,2,0,20,1,506,1.83
18,2,2,0,21,0,266,1.21
18,2,2,0,22,0,136,1.91
18,2,2,0,23,0,102,0.52
18,3,3,0,0,0,73,1.52
18,3,3,0,1,0,90,1.49
18,3,3,0,2,0,103,1.65
18,3,3,0,3,0,92,0.0
18,3,3,0,4,0,111,1.17
18,3,3,0,5,0,103,0.14
18,3,3,0,6,0,138,0.0
18,3,3,0,7,0,329,0.15
18,3,3,0,8,1,511,1.88
18,3,3,0,9,1,714,1.71
18,3,3,0,10,1,529,2.88
18,3,3,0,11,1,261,0.0
18,3,3,0,12,0,140,0.93
18,3,3,0,13,0,103,0.23
18,3,3,0,14,0,108,0.0
18,3,3,0,15,0,139,0.39
18,3,3,0,16,0,240,4.41
18,3,3,0,17,1,381,3.39
18,3,3,0,18,1,684,3.95
18,3,3,0,19,1,647,4.59
18,3,3,0,20,1,444,2.36
18,3,3,0,21,0,259,0.69
18,3,3,0,22,0,142,0.0
18,3,3,0,23,0,96,2.75
18,4,4,0,0,0,112,1.23
18,4,4,0,1,0,97,0.77
18,4,4,0,2,0,94,1.19
18,4,4,0,3,0,99,2.7
18,4,4,0,4,0,86,4.59
18,4,4,0,5,0,102,0.62
18,4,4,0,6,0,144,0.0
18,4,4,0,7,0,308,2.19
18,4,4,0,8,1,542,1.49
18,4,4,0,9,1,502,0.0
18,4,4,0,10,1,519,2.58
18,4,4,0,11,1,283,0.09
18,4,4,0,12,0,153,0.45
18,4,4,0,13,0,99,0.0
18,4,4,0,14,0,95,1.78
18,4,4,0,15,0,130,1.52
18,4,4,0,16,0,286,0.0
18,4,4,0,17,1,444,3.26
18,4,4,0,18,1,706,1.86
18,4,4,0,19,1,559,4.12
18,4,4,0,20,1,482,2.53
18,4,4,0,21,0,276,0.0
18,4,4,0,22,0,145,0.15
18,4,4,0,23,0,106,1.62
18,5,5,1,0,0,54,1.11
18,5,5,1,1,0,51,0.63
18,5,5,1,2,0,51,0.0
18,5,5,1,3,0,48,0.8
18,5,5,1,4,0,53,0.0
18,5,5,1,5,0,51,0.0
18,5,5,1,6,0,73,0.0
18,5,5,1,7,0,155,0.2
18,5,5,1,8,1,258,0.0
18,5,5,1,9,1,355,1.61
18,5,5,1,10,1,299,2.42
18,5,5,1,11,1,166,0.84
18,5,5,1,12,0,88,2.49
18,5,5,1,13,0,53,1.37
18,5,5,1,14,0,53,0.54
18,5,5,1,15,0,84,0.0
18,5,5,1,16,0,130,0.0
18,5,5,1,17,1,234,0.0
18,5,5,1,18,1,387,2.35
18,5,5,1,19,1,333,0.0
18,5,5,1,20,1,235,0.0
18,5,5,1,21,0,154,0.45
18,5,5,1,22,0,91,0.3
18,5,5,1,23,0,53,1.6
18,6,6,1,0,0,43,0.45
18,6,6,1,1,0,45,0.0
18,6,6,1,2,0,49,1.45
18,6,6,1,3,0,51,0.34
18,6,6,1,4,0,40,0.0
18,6,6,1,5,0,55,1.15
18,6,6,1,6,0,75,1.54
18,6,6,1,7,0,154,0.17
18,6,6,1,8,1,297,0.0
18,6,6,1,9,1,375,0.0
18,6,6,1,10,1,300,0.85
18,6,6,1,11,1,159,0.0
18,6,6,1,12,0,78,0.0
18,6,6,1,13,0,63,0.2
18,6,6,1,14,0,53,1.46
18,6,6,1,15,0,74,1.84
18,6,6,1,16,0,144,0.0
18,6,6,1,17,1,272,1.99
18,6,6,1,18,1,378,1.24
18,6,6,1,19,1,370,4.36
18,6,6,1,20,1,257,0.43
18,6,6,1,21,0,159,1.64
18,6,6,1,22,0,75,2.9
18,6,6,1,23,0,50,0.99
18,7,0,0,0,0,99,2.0
18,7,0,0,1,0,84,0.0
18,7,0,0,2,0,93,1.43
18,7,0,0,3,0,83,0.78
18,7,0,0,4,0,81,1.92
18,7,0,0,5,0,96,0.14
18,7,0,0,6,0,159,1.79
18,7,0,0,7,0,304,2.76
18,7,0,0,8,1,536,4.32
18,7,0,0,9,1,553,2.12
18,7,0,0,10,1,515,1.73
18,7,0,0,11,1,305,1.54
18,7,0,0,12,0,159,0.0
18,7,0,0,13,0,121,0.0
18,7,0,0,14,0,105,0.11
18,7,0,0,15,0,142,0.0
18,7,0,0,16,0,261,1.91
18,7,0,0,17,1,372,1.0
18,7,0,0,18,1,624,5.98
18,7,0,0,19,1,687,5.0
18,7,0,0,20,1,481,2.05
18,7,0,0,21,0,265,2.74
18,7,0,0,22,0,161,1.1
18,7,0,0,23,0,96,1.77
18,8,1,0,0,0,85,0.93
18,8,1,0,1,0,96,0.22
18,8,1,0,2,0,84,0.0
18,8,1,0,3,0,89,0.0
18,8,1,0,4,0,89,0.0
18,8,1,0,5,0,106,0.92
18,8,1,0,6,0,152,0.03
18,8,1,0,7,0,287,0.0
18,8,1,0,8,1,540,0.12
18,8,1,0,9,1,645,1.63
18,8,1,0,10,1,592,3.16
18,8,1,0,11,1,293,0.0
18,8,1,0,12,0,133,1.28
18,8,1,0,13,0,117,1.08
18,8,1,0,14,0,104,0.7
18,8,1,0,15,0,142,0.87
18,8,1,0,16,0,243,0.0
18,8,1,0,17,1,465,4.1
18,8,1,0,18,1,682,0.88
18,8,1,0,19,1,629,3.61
18,8,1,0,20,1,517,4.75
18,8,1,0,21,0,253,2.25
18,8,1,0,22,0,144,0.4
18,8,1,0,23,0,102,0.52
18,9,2,0,0,0,100,0.0
18,9,2,0,1,0,94,2.69
18,9,2,0,2,0,102,1.26
18,9,2,0,3,0,86,1.51
18,9,2,0,4,0,102,0.0
18,9,2,0,5,0,104,0.11
18,9,2,0,6,0,142,0.1
18,9,2,0,7,0,296,0.0
18,9,2,0,8,1,474,0.56
18,9,2,0,9,1,657,0.43
18,9,2,0,10,1,427,3.77
18,9,2,0,11,1,269,0.78
18,9,2,0,12,0,160,0.0
18,9,2,0,13,0,91,0.0
18,9,2,0,14,0,110,0.41
18,9,2,0,15,0,141,0.12
18,9,2,0,16,0,269,3.22
18,9,2,0,17,1,571,2.06
18,9,2,0,18,1,721,4.38
18,9,2,0,19,1,656,0.0
18,9,2,0,20,1,447,1.28
18,9,2,0,21,0,265,0.76
18,9,2,0,22,0,135,3.59
18,9,2,0,23,0,112,0.0
18,10,3,0,0,0,89,1.3
18,10,3,0,1,0,101,0.0
18,10,3,0,2,0,89,0.5
18,10,3,0,3,0,96,0.0
18,10,3,0,4,0,77,2.19
18,10,3,0,5,0,93,3.56
18,10,3,0,6,0,139,0.28
18,10,3,0,7,0,302,0.0
18,10,3,0,8,1,638,1.96
18,10,3,0,9,1,597,0.64
18,10,3,0,10,1,534,2.57
18,10,3,0,11,1,266,0.0
18,10,3,0,12,0,162,0.0
18,10,3,0,13,0,88,0.13
18,10,3,0,14,0,99,3.32
18,10,3,0,15,0,135,0.08
18,10,3,0,16,0,262,0.19
18,10,3,0,17,1,477,0.38
18,10,3,0,18,1,630,3.13
18,10,3,0,19,1,701,1.92
18,10,3,0,20,1,439,4.07
18,10,3,0,21,0,246,0.9
18,10,3,0,22,0,160,0.74
18,10,3,0,23,0,99,0.14
18,11,4,0,0,0,86,1.02
18,11,4,0,1,0,84,1.5
18,11,4,0,2,0,91,0.72
18,11,4,0,3,0,104,0.0
18,11,4,0,4,0,92,1.33
18,11,4,0,5,0,96,1.81
18,11,4,0,6,0,142,1.01
18,11,4,0,7,0,290,1.4
18,11,4,0,8,1,522,2.04
18,11,4,0,9,1,616,1.47
18,11,4,0,10,1,532,2.21
18,11,4,0,11,1,277,1.62
18,11,4,0,12,0,144,2.91
18,11,4,0,13,0,123,2.58
18,11,4,0,14,0,113,1.67
18,11,4,0,15,0,139,0.0
18,11,4,0,16,0,236,0.0
18,11,4,0,17,1,505,2.4
18,11,4,0,18,1,609,0.0
18,11,4,0,19,1,762,3.85
18,11,4,0,20,1,494,1.17
18,11,4,0,21,0,254,0.5
18,11,4,0,22,0,142,3.34
18,11,4,0,23,0,91,0.3
18,12,5,1,0,0,51,0.03
18,12,5,1,1,0,54,0.0
18,12,5,1,2,0,57,0.0
18,12,5,1,3,0,45,0.0
18,12,5,1,4,0,48,0.83
18,12,5,1,5,0,57,0.4
18,12,5,1,6,0,72,0.08
18,12,5,1,7,0,161,2.49
18,12,5,1,8,1,290,1.73
18,12,5,1,9,1,407,0.0
18,12,5,1,10,1,276,0.0
18,12,5,1,11,1,182,3.24
18,12,5,1,12,0,92,1.19
18,12,5,1,13,0,58,0.0
18,12,5,1,14,0,59,0.0
18,12,5,1,15,0,69,0.0
18,12,5,1,16,0,163,0.0
18,12,5,1,17,1,245,1.41
18,12,5,1,18,1,379,3.39
18,12,5,1,19,1,321,1.14
18,12,5,1,20,1,258,1.52
18,12,5,1,21,0,151,1.83
18,12,5,1,22,0,78,2.04
18,12,5,1,23,0,60,1.57
18,13,6,1,0,0,48,1.26
18,13,6,1,1,0,55,0.0
18,13,6,1,2,0,50,2.55
18,13,6,1,3,0,51,0.07
18,13,6,1,4,0,56,0.0
18,13,6,1,5,0,48,0.0
18,13,6,1,6,0,89,1.14
18,13,6,1,7,0,162,2.24
18,13,6,1,8,1,289,0.82
18,13,6,1,9,1,375,0.93
18,13,6,1,10,1,296,0.0
18,13,6,1,11,1,147,0.0
18,13,6,1,12,0,82,0.0
18,13,6,1,13,0,53,0.0
18,13,6,1,14,0,56,0.0
18,13,6,1,15,0,62,0.85
18,13,6,1,16,0,143,0.0
18,13,6,1,17,1,262,1.7
18,13,6,1,18,1,345,4.32
18,13,6,1,19,1,389,0.96
18,13,6,1,20,1,245,0.0
18,13,6,1,21,0,155,0.99
18,13,6,1,22,0,82,0.0
18,13,6,1,23,0,59,0.0
18,14,0,0,0,0,95,1.16
18,14,0,0,1,0,91,0.0
18,14,0,0,2,0,94,0.0
18,14,0,0,3,0,99,0.0
18,14,0,0,4,0,92,0.0
18,14,0,0,5,0,102,0.0
18,14,0,0,6,0,139,4.0
18,14,0,0,7,0,313,1.81
18,14,0,0,8,1,540,2.62
18,14,0,0,9,1,636,3.68
18,14,0,0,10,1,484,4.33
18,14,0,0,11,1,296,2.39
18,14,0,0,12,0,168,1.41
18,14,0,0,13,0,96,2.21
18,14,0,0,14,0,116,0.0
18,14,0,0,15,0,140,1.0
18,14,0,0,16,0,252,0.0
18,14,0,0,17,1,428,0.0
18,14,0,0,18,1,692,4.83
18,14,0,0,19,1,712,2.8
18,14,0,0,20,1,471,3.49
18,14,0,0,21,0,252,0.0
18,14,0,0,22,0,135,0.8
18,14,0,0,23,0,95,1.09
18,15,1,0,0,0,81,0.0
18,15,1,0,1,0,94,0.57
18,15,1,0,2,0,86,1.45
18,15,1,0,3,0,93,0.0
18,15,1,0,4,0,95,0.0
18,15,1,0,5,0,97,0.0
18,15,1,0,6,0,137,0.86
18,15,1,0,7,0,306,1.45
18,15,1,0,8,1,558,3.1
18,15,1,0,9,1,537,0.77
18,15,1,0,10,1,568,0.37
18,15,1,0,11,1,229,3.66
18,15,1,0,12,0,153,0.0
18,15,1,0,13,0,95,1.32
18,15,1,0,14,0,106,0.91
18,15,1,0,15,0,139,0.0
18,15,1,0,16,0,256,2.62
18,15,1,0,17,1,441,2.67
18,15,1,0,18,1,622,3.69
18,15,1,0,19,1,592,2.39
18,15,1,0,20,1,478,0.9
18,15,1,0,21,0,265,1.02
18,15,1,0,22,0,141,0.0
18,15,1,0,23,0,109,0.0
18,16,2,0,0,0,93,0.0
18,16,2,0,1,0,91,1.33
18,16,2,0,2,0,89,0.0
18,16,2,0,3,0,81,0.0
18,16,2,0,4,0,93,0.36
18,16,2,0,5,0,98,0.0
18,16,2,0,6,0,152,0.0
18,16,2,0,7,0,316,1.38
18,16,2,0,8,1,480,1.29
18,16,2,0,9,1,634,0.46
18,16,2,0,10,1,547,3.64
18,16,2,0,11,1,296,2.59
18,16,2,0,12,0,181,0.0
18,16,2,0,13,0,103,0.0
18,16,2,0,14,0,115,0.83
18,16,2,0,15,0,133,0.14
18,16,2,0,16,0,285,1.82
18,16,2,0,17,1,482,4.16
18,16,2,0,18,1,692,4.45
18,16,2,0,19,1,636,0.0
18,16,2,0,20,1,465,0.86
18,16,2,0,21,0,273,0.0
18,16,2,0,22,0,150,0.88
18,16,2,0,23,0,104,1.34
18,17,3,0,0,0,91,0.0
18,17,3,0,1,0,99,1.29
18,17,3,0,2,0,96,0.26
18,17,3,0,3,0,92,0.35
18,17,3,0,4,0,79,0.0
18,17,3,0,5,0,100,0.0
18,17,3,0,6,0,148,0.0
18,17,3,0,7,0,291,1.42
18,17,3,0,8,1,442,2.26
18,17,3,0,9,1,617,0.0
18,17,3,0,10,1,500,2.57
18,17,3,0,11,1,284,0.44
18,17,3,0,12,0,151,0.0
18,17,3,0,13,0,100,0.0
18,17,3,0,14,0,98,3.22
18,17,3,0,15,0,143,0.98
18,17,3,0,16,0,244,0.38
18,17,3,0,17,1,452,3.12
18,17,3,0,18,1,704,2.13
18,17,3,0,19,1,641,2.21
18,17,3,0,20,1,489,2.66
18,17,3,0,21,0,255,2.53
18,17,3,0,22,0,147,0.0
18,17,3,0,23,0,101,0.14
18,18,4,0,0,0,84,0.0
18,18,4,0,1,0,99,2.04
18,18,4,0,2,0,98,1.56
18,18,4,0,3,0,93,0.0
18,18,4,0,4,0,96,0.0
18,18,4,0,5,0,96,2.04
18,18,4,0,6,0,143,1.53
18,18,4,0,7,0,285,1.97
18,18,4,0,8,1,455,3.73
18,18,4,0,9,1,583,0.29
18,18,4,0,10,1,569,2.27
18,18,4,0,11,1,286,3.5
18,18,4,0,12,0,158,0.0
18,18,4,0,13,0,101,2.01
18,18,4,0,14,0,94,2.54
18,18,4,0,15,0,136,0.0
18,18,4,0,16,0,280,2.22
18,18,4,0,17,1,395,1.42
18,18,4,0,18,1,586,3.54
18,18,4,0,19,1,731,3.73
18,18,4,0,20,1,433,3.07
18,18,4,0,21,0,256,0.91
18,18,4,0,22,0,136,0.7
18,18,4,0,23,0,101,0.0
18,19,5,1,0,0,50,0.0
18,19,5,1,1,0,51,0.0
18,19,5,1,2,0,52,0.25
18,19,5,1,3,0,52,0.0
18,19,5,1,4,0,45,0.0
18,19,5,1,5,0,56,0.0
18,19,5,1,6,0,81,0.0
18,19,5,1,7,0,145,0.0
18,19,5,1,8,1,254,0.04
18,19,5,1,9,1,335,1.24
18,19,5,1,10,1,303,0.18
18,19,5,1,11,1,167,1.84
18,19,5,1,12,0,89,1.09
18,19,5,1,13,0,56,0.0
18,19,5,1,14,0,57,0.0
18,19,5,1,15,0,86,0.48
18,19,5,1,16,0,139,2.68
18,19,5,1,17,1,243,0.97
18,19,5,1,18,1,410,2.04
18,19,5,1,19,1,385,3.8
18,19,5,1,20,1,242,2.33
18,19,5,1,21,0,137,3.61
18,19,5,1,22,0,86,1.46
18,19,5,1,23,0,60,0.0
18,20,6,1,0,0,57,0.0
18,20,6,1,1,0,51,0.0
18,20,6,1,2,0,53,2.83
18,20,6,1,3,0,52,0.68
18,20,6,1,4,0,50,0.35
18,20,6,1,5,0,54,2.67
18,20,6,1,6,0,87,0.0
18,20,6,1,7,0,162,5.02
18,20,6,1,8,1,291,3.34
18,20,6,1,9,1,336,2.05
18,20,6,1,10,1,271,0.28
18,20,6,1,11,1,171,0.0
18,20,6,1,12,0,74,1.32
18,20,6,1,13,0,54,0.0
18,20,6,1,14,0,48,0.0
18,20,6,1,15,0,79,0.0
18,20,6,1,16,0,152,0.0
18,20,6,1,17,1,250,1.07
18,20,6,1,18,1,347,2.28
18,20,6,1,19,1,322,2.06
18,20,6,1,20,1,276,0.0
18,20,6,1,21,0,146,1.12
18,20,6,1,22,0,81,0.33
18,20,6,1,23,0,62,3.41
18,21,0,0,0,0,96,0.85
18,21,0,0,1,0,91,0.0
18,21,0,0,2,0,81,0.0
18,21,0,0,3,0,93,0.08
18,21,0,0,4,0,103,0.0
18,21,0,0,5,0,101,1.05
18,21,0,0,6,0,160,0.85
18,21,0,0,7,0,302,1.47
18,21,0,0,8,1,537,2.12
18,21,0,0,9,1,749,3.86
18,21,0,0,10,1,527,1.0
18,21,0,0,11,1,285,3.41
18,21,0,0,12,0,119,0.56
18,21,0,0,13,0,102,1.16
18,21,0,0,14,0,104,2.69
18,21,0,0,15,0,142,0.47
18,21,0,0,16,0,277,3.41
18,21,0,0,17,1,486,3.46
18,21,0,0,18,1,631,2.71
18,21,0,0,19,1,719,3.67
18,21,0,0,20,1,452,1.86
18,21,0,0,21,0,279,2.81
18,21,0,0,22,0,132,1.07
18,21,0,0,23,0,101,0.31
18,22,1,0,0,0,101,0.05
18,22,1,0,1,0,87,0.0
18,22,1,0,2,0,90,0.0
18,22,1,0,3,0,85,0.0
18,22,1,0,4,0,86,0.0
18,22,1,0,5,0,104,0.0
18,22,1,0,6,0,141,0.41
18,22,1,0,7,0,320,0.91
18,22,1,0,8,1,512,1.92
18,22,1,0,9,1,547,3.18
18,22,1,0,10,1,544,3.4
18,22,1,0,11,1,352,0.0
18,22,1,0,12,0,131,1.58
18,22,1,0,13,0,100,0.0
18,22,1,0,14,0,100,0.0
18,22,1,0,15,0,161,4.04
18,22,1,0,16,0,223,0.0
18,22,1,0,17,1,433,0.7
18,22,1,0,18,1,603,2.12
18,22,1,0,19,1,620,0.45
18,22,1,0,20,1,423,4.01
18,22,1,0,21,0,250,0.39
18,22,1,0,22,0,124,0.0
18,22,1,0,23,0,109,1.33
18,23,2,0,0,0,97,0.0
18,23,2,0,1,0,82,2.03
18,23,2,0,2,0,97,0.0
18,23,2,0,3,0,97,0.0
18,23,2,0,4,0,83,0.0
18,23,2,0,5,0,104,0.74
18,23,2,0,6,0,143,0.0
18,23,2,0,7,0,350,1.01
18,23,2,0,8,1,576,2.08
18,23,2,0,9,1,615,4.58
18,23,2,0,10,1,552,2.17
18,23,2,0,11,1,320,5.06
18,23,2,0,12,0,140,1.27
18,23,2,0,13,0,99,0.0
18,23,2,0,14,0,94,2.76
18,23,2,0,15,0,120,1.24
18,23,2,0,16,0,240,3.62
18,23,2,0,17,1,451,1.26
18,23,2,0,18,1,723,4.21
18,23,2,0,19,1,671,3.89
18,23,2,0,20,1,421,2.8
18,23,2,0,21,0,253,1.55
18,23,2,0,22,0,147,0.0
18,23,2,0,23,0,106,0.14
18,24,3,0,0,0,82,0.11
18,24,3,0,1,0,91,1.25
18,24,3,0,2,0,74,0.88
18,24,3,0,3,0,87,1.56
18,24,3,0,4,0,92,0.0
18,24,3,0,5,0,100,0.9
18,24,3,0,6,0,160,0.0
18,24,3,0,7,0,285,3.34
18,24,3,0,8,1,504,2.57
18,24,3,0,9,1,577,0.0
18,24,3,0,10,1,476,0.87
18,24,3,0,11,1,318,3.0
18,24,3,0,12,0,126,0.0
18,24,3,0,13,0,108,0.27
18,24,3,0,14,0,115,1.47
18,24,3,0,15,0,138,0.28
18,24,3,0,16,0,256,0.0
18,24,3,0,17,1,495,3.09
18,24,3,0,18,1,666,3.03
18,24,3,0,19,1,590,3.12
18,24,3,0,20,1,465,4.86
18,24,3,0,21,0,230,0.0
18,24,3,0,22,0,123,0.16
18,24,3,0,23,0,87,2.13
18,25,4,0,0,0,99,0.16
18,25,4,0,1,0,84,0.0
18,25,4,0,2,0,86,1.28
18,25,4,0,3,0,85,3.2
18,25,4,0,4,0,103,0.41
18,25,4,0,5,0,97,0.0
18,25,4,0,6,0,168,0.0
18,25,4,0,7,0,315,1.29
18,25,4,0,8,1,548,0.96
18,25,4,0,9,1,623,2.46
18,25,4,0,10,1,493,3.85
18,25,4,0,11,1,275,0.23
18,25,4,0,12,0,165,2.41
18,25,4,0,13,0,116,0.0
18,25,4,0,14,0,104,0.55
18,25,4,0,15,0,135,1.03
18,25,4,0,16,0,251,1.25
18,25,4,0,17,1,586,2.82
18,25,4,0,18,1,661,3.88
18,25,4,0,19,1,652,0.96
18,25,4,0,20,1,400,1.56
18,25,4,0,21,0,252,0.0
18,25,4,0,22,0,160,0.8
18,25,4,0,23,0,113,0.0
18,26,5,1,0,0,56,0.0
18,26,5,1,1,0,55,0.54
18,26,5,1,2,0,52,0.89
18,26,5,1,3,0,48,0.0
18,26,5,1,4,0,49,0.0
18,26,5,1,5,0,53,0.0
18,26,5,1,6,0,72,0.98
18,26,5,1,7,0,161,1.01
18,26,5,1,8,1,301,0.85
18,26,5,1,9,1,325,1.76
18,26,5,1,10,1,218,0.71
18,26,5,1,11,1,171,2.25
18,26,5,1,12,0,78,0.0
18,26,5,1,13,0,44,1.13
18,26,5,1,14,0,54,3.24
18,26,5,1,15,0,69,0.79
18,26,5,1,16,0,160,0.95
18,26,5,1,17,1,221,5.04
18,26,5,1,18,1,398,1.25
18,26,5,1,19,1,376,2.75
18,26,5,1,20,1,266,0.0
18,26,5,1,21,0,145,2.77
18,26,5,1,22,0,81,0.92
18,26,5,1,23,0,53,0.0
18,27,6,1,0,0,44,1.31
18,27,6,1,1,0,49,0.0
18,27,6,1,2,0,54,0.0
18,27,6,1,3,0,46,0.0
18,27,6,1,4,0,50,0.89
18,27,6,1,5,0,51,1.72
18,27,6,1,6,0,85,0.0
18,27,6,1,7,0,159,0.0
18,27,6,1,8,1,287,3.43
18,27,6,1,9,1,340,1.64
18,27,6,1,10,1,269,1.87
18,27,6,1,11,1,165,2.65
18,27,6,1,12,0,76,1.34
18,27,6,1,13,0,62,0.0
18,27,6,1,14,0,55,0.51
18,27,6,1,15,0,76,0.57
18,27,6,1,16,0,149,0.43
18,27,6,1,17,1,251,1.4
18,27,6,1,18,1,342,0.84
18,27,6,1,19,1,328,1.25
18,27,6,1,20,1,262,0.64
18,27,6,1,21,0,132,0.38
18,27,6,1,22,0,80,0.51
18,27,6,1,23,0,65,0.0
18,28,0,0,0,0,90,1.53
18,28,0,0,1,0,86,3.24
18,28,0,0,2,0,91,1.21
18,28,0,0,3,0,91,1.89
18,28,0,0,4,0,84,2.69
18,28,0,0,5,0,103,1.4
18,28,0,0,6,0,140,1.07
18,28,0,0,7,0,270,2.84
18,28,0,0,8,1,465,2.09
18,28,0,0,9,1,620,0.14
18,28,0,0,10,1,480,2.59
18,28,0,0,11,1,272,0.08
18,28,0,0,12,0,154,1.99
18,28,0,0,13,0,108,0.36
18,28,0,0,14,0,104,0.59
18,28,0,0,15,0,129,0.94
18,28,0,0,16,0,236,1.87
18,28,0,0,17,1,466,0.0
18,28,0,0,18,1,693,1.99
18,28,0,0,19,1,611,3.88
18,28,0,0,20,1,455,2.72
18,28,0,0,21,0,244,2.18
18,28,0,0,22,0,143,1.18
18,28,0,0,23,0,100,2.84
18,29,1,0,0,0,105,0.0
18,29,1,0,1,0,98,0.0
18,29,1,0,2,0,95,0.0
18,29,1,0,3,0,94,0.0
18,29,1,0,4,0,89,0.0
18,29,1,0,5,0,95,0.0
18,29,1,0,6,0,144,0.35
18,29,1,0,7,0,301,4.0
18,29,1,0,8,1,479,2.11
18,29,1,0,9,1,680,1.66
18,29,1,0,10,1,425,0.0
18,29,1,0,11,1,241,3.27
18,29,1,0,12,0,156,1.76
18,29,1,0,13,0,111,0.0
18,29,1,0,14,0,121,0.99
18,29,1,0,15,0,140,2.23
18,29,1,0,16,0,271,3.09
18,29,1,0,17,1,512,1.52
18,29,1,0,18,1,652,1.24
18,29,1,0,19,1,559,3.49
18,29,1,0,20,1,496,0.0
18,29,1,0,21,0,242,1.05
18,29,1,0,22,0,143,3.64
18,29,1,0,23,0,96,0.13
18,30,2,0,0,0,96,0.0
18,30,2,0,1,0,87,0.0
18,30,2,0,2,0,93,0.11
18,30,2,0,3,0,96,0.92
18,30,2,0,4,0,71,0.0
18,30,2,0,5,0,97,1.86
18,30,2,0,6,0,141,1.13
18,30,2,0,7,0,307,2.04
18,30,2,0,8,1,496,0.26
18,30,2,0,9,1,573,6.75
18,30,2,0,10,1,538,4.91
18,30,2,0,11,1,274,2.97
18,30,2,0,12,0,143,0.53
18,30,2,0,13,0,100,0.0
18,30,2,0,14,0,95,0.32
18,30,2,0,15,0,134,0.73
18,30,2,0,16,0,240,2.02
18,30,2,0,17,1,444,4.23
18,30,2,0,18,1,640,2.41
18,30,2,0,19,1,725,2.16
18,30,2,0,20,1,446,0.73
18,30,2,0,21,0,261,0.0
18,30,2,0,22,0,150,0.53
18,30,2,0,23,0,108,1.52
18,31,3,0,0,0,87,0.0
18,31,3,0,1,0,89,0.37
18,31,3,0,2,0,93,1.04
18,31,3,0,3,0,91,0.0
18,31,3,0,4,0,88,1.13
18,31,3,0,5,0,96,1.22
18,31,3,0,6,0,156,2.92
18,31,3,0,7,0,282,0.64
18,31,3,0,8,1,423,0.28
18,31,3,0,9,1,591,3.12
18,31,3,0,10,1,594,3.25
18,31,3,0,11,1,316,0.2
18,31,3,0,12,0,135,0.18
18,31,3,0,13,0,97,0.0
18,31,3,0,14,0,104,0.0
18,31,3,0,15,0,150,0.0
18,31,3,0,16,0,256,1.17
18,31,3,0,17,1,443,3.67
18,31,3,0,18,1,560,4.17
18,31,3,0,19,1,625,3.88
18,31,3,0,20,1,468,3.15
18,31,3,0,21,0,255,1.38
18,31,3,0,22,0,154,0.76
18,31,3,0,23,0,112,0.98
18,32,4,0,0,0,86,0.0
18,32,4,0,1,0,98,0.0
18,32,4,0,2,0,97,0.0
18,32,4,0,3,0,82,0.64
18,32,4,0,4,0,87,0.0
18,32,4,0,5,0,96,0.56
18,32,4,0,6,0,144,1.16
18,32,4,0,7,0,317,2.08
18,32,4,0,8,1,594,5.45
18,32,4,0,9,1,625,0.77
18,32,4,0,10,1,507,2.21
18,32,4,0,11,1,345,0.82
18,32,4,0,12,0,152,0.0
18,32,4,0,13,0,100,0.0
18,32,4,0,14,0,90,2.4
18,32,4,0,15,0,153,0.06
18,32,4,0,16,0,279,0.0
18,32,4,0,17,1,454,2.08
18,32,4,0,18,1,708,3.13
18,32,4,0,19,1,671,1.98
18,32,4,0,20,1,470,3.78
18,32,4,0,21,0,224,2.6
18,32,4,0,22,0,139,0.0
18,32,4,0,23,0,99,2.33
18,33,5,1,0,0,48,0.64
18,33,5,1,1,0,43,0.0
18,33,5,1,2,0,46,1.7
18,33,5,1,3,0,50,1.85
18,33,5,1,4,0,55,0.0
18,33,5,1,5,0,62,0.0
18,33,5,1,6,0,88,1.79
18,33,5,1,7,0,162,0.75
18,33,5,1,8,1,292,1.34
18,33,5,1,9,1,341,0.65
18,33,5,1,10,1,276,2.93
18,33,5,1,11,1,140,0.0
18,33,5,1,12,0,80,0.0
18,33,5,1,13,0,57,0.0
18,33,5,1,14,0,61,1.57
18,33,5,1,15,0,82,0.02
18,33,5,1,16,0,133,0.04
18,33,5,1,17,1,254,2.02
18,33,5,1,18,1,351,1.94
18,33,5,1,19,1,341,1.79
18,33,5,1,20,1,248,1.39
18,33,5,1,21,0,121,1.21
18,33,5,1,22,0,81,1.12
18,33,5,1,23,0,51,0.0
18,34,6,1,0,0,46,0.68
18,34,6,1,1,0,52,0.0
18,34,6,1,2,0,55,2.17
18,34,6,1,3,0,50,0.76
18,34,6,1,4,0,44,0.0
18,34,6,1,5,0,50,0.0
18,34,6,1,6,0,85,1.47
18,34,6,1,7,0,171,1.05
18,34,6,1,8,1,297,0.0
18,34,6,1,9,1,316,0.95
18,34,6,1,10,1,299,0.53
18,34,6,1,11,1,143,0.0
18,34,6,1,12,0,76,0.0
18,34,6,1,13,0,66,2.11
18,34,6,1,14,0,47,0.0
18,34,6,1,15,0,72,0.0
18,34,6,1,16,0,168,0.0
18,34,6,1,17,1,260,0.28
18,34,6,1,18,1,320,2.85
18,34,6,1,19,1,372,1.4
18,34,6,1,20,1,301,1.56
18,34,6,1,21,0,136,3.42
18,34,6,1,22,0,80,2.76
18,34,6,1,23,0,55,0.0
18,35,0,0,0,0,80,1.94
18,35,0,0,1,0,87,0.73
18,35,0,0,2,0,99,0.67
18,35,0,0,3,0,85,0.32
18,35,0,0,4,0,93,0.0
18,35,0,0,5,0,90,0.0
18,35,0,0,6,0,148,0.0
18,35,0,0,7,0,272,0.01
18,35,0,0,8,1,441,1.96
18,35,0,0,9,1,652,1.79
18,35,0,0,10,1,462,2.46
18,35,0,0,11,1,306,1.37
18,35,0,0,12,0,150,1.49
18,35,0,0,13,0,102,0.0
18,35,0,0,14,0,102,0.0
18,35,0,0,15,0,140,1.89
18,35,0,0,16,0,232,1.19
18,35,0,0,17,1,414,0.28
18,35,0,0,18,1,723,3.58
18,35,0,0,19,1,651,0.12
18,35,0,0,20,1,452,0.0
18,35,0,0,21,0,258,0.0
18,35,0,0,22,0,147,0.83
18,35,0,0,23,0,91,0.94
18,36,1,0,0,0,106,0.12
18,36,1,0,1,0,97,0.0
18,36,1,0,2,0,94,0.0
18,36,1,0,3,0,89,1.25
18,36,1,0,4,0,90,0.0
18,36,1,0,5,0,114,0.0
18,36,1,0,6,0,139,0.75
18,36,1,0,7,0,296,1.83
18,36,1,0,8,1,524,3.82
18,36,1,0,9,1,665,0.88
18,36,1,0,10,1,411,1.87
18,36,1,0,11,1,328,0.0
18,36,1,0,12,0,136,1.08
18,36,1,0,13,0,106,2.11
18,36,1,0,14,0,116,0.82
18,36,1,0,15,0,131,0.0
18,36,1,0,16,0,246,2.53
18,36,1,0,17,1,442,3.21
18,36,1,0,18,1,564,2.69
18,36,1,0,19,1,604,3.2
18,36,1,0,20,1,451,3.0
18,36,1,0,21,0,248,0.95
18,36,1,0,22,0,150,0.45
18,36,1,0,23,0,102,1.55
18,37,2,0,0,0,90,0.0
18,37,2,0,1,0,87,0.0
18,37,2,0,2,0,89,1.06
18,37,2,0,3,0,92,2.46
18,37,2,0,4,0,102,0.79
18,37,2,0,5,0,82,1.34
18,37,2,0,6,0,140,1.88
18,37,2,0,7,0,300,2.18
18,37,2,0,8,1,540,5.75
18,37,2,0,9,1,667,0.75
18,37,2,0,10,1,563,1.61
18,37,2,0,11,1,325,3.61
18,37,2,0,12,0,156,0.0
18,37,2,0,13,0,99,2.41
18,37,2,0,14,0,119,0.57
18,37,2,0,15,0,138,0.0
18,37,2,0,16,0,233,1.28
18,37,2,0,17,1,487,0.0
18,37,2,0,18,1,685,4.8
18,37,2,0,19,1,675,5.18
18,37,2,0,20,1,474,2.44
18,37,2,0,21,0,264,3.1
18,37,2,0,22,0,147,0.0
18,37,2,0,23,0,105,1.07
18,38,3,0,0,0,89,1.89
18,38,3,0,1,0,92,1.43
18,38,3,0,2,0,95,0.0
18,38,3,0,3,0,84,0.0
18,38,3,0,4,0,91,2.75
18,38,3,0,5,0,101,0.96
18,38,3,0,6,0,159,0.1
18,38,3,0,7,0,283,2.71
18,38,3,0,8,1,542,1.32
18,38,3,0,9,1,619,2.6
18,38,3,0,10,1,532,3.99
18,38,3,0,11,1,306,0.0
18,38,3,0,12,0,140,1.02
18,38,3,0,13,0,104,0.0
18,38,3,0,14,0,111,0.0
18,38,3,0,15,0,145,0.0
18,38,3,0,16,0,275,0.7
18,38,3,0,17,1,488,1.37
18,38,3,0,18,1,711,0.05
18,38,3,0,19,1,688,1.84
18,38,3,0,20,1,475,2.53
18,38,3,0,21,0,228,2.41
18,38,3,0,22,0,146,0.76
18,38,3,0,23,0,104,0.6
18,39,4,0,0,0,97,0.0
18,39,4,0,1,0,97,1.25
18,39,4,0,2,0,90,3.13
18,39,4,0,3,0,94,0.67
18,39,4,0,4,0,96,0.23
18,39,4,0,5,0,111,0.41
18,39,4,0,6,0,159,0.0
18,39,4,0,7,0,251,1.61
18,39,4,0,8,1,503,1.72
18,39,4,0,9,1,520,4.63
18,39,4,0,10,1,523,4.09
18,39,4,0,11,1,260,1.19
18,39,4,0,12,0,154,0.82
18,39,4,0,13,0,104,0.0
18,39,4,0,14,0,105,0.0
18,39,4,0,15,0,134,0.56
18,39,4,0,16,0,250,0.56
18,39,4,0,17,1,502,1.77
18,39,4,0,18,1,622,2.3
18,39,4,0,19,1,585,2.58
18,39,4,0,20,1,487,2.42
18,39,4,0,21,0,258,1.93
18,39,4,0,22,0,135,0.6
18,39,4,0,23,0,113,0.01
18,40,5,1,0,0,52,1.16
18,40,5,1,1,0,47,1.22
18,40,5,1,2,0,47,0.83
18,40,5,1,3,0,47,0.61
18,40,5,1,4,0,51,0.37
18,40,5,1,5,0,57,0.0
18,40,5,1,6,0,74,0.42
18,40,5,1,7,0,175,1.57
18,40,5,1,8,1,295,0.41
18,40,5,1,9,1,357,0.18
18,40,5,1,10,1,275,1.64
18,40,5,1,11,1,138,3.15
18,40,5,1,12,0,73,3.13
18,40,5,1,13,0,52,0.0
18,40,5,1,14,0,54,0.0
18,40,5,1,15,0,74,0.0
18,40,5,1,16,0,142,0.0
18,40,5,1,17,1,270,3.2
18,40,5,1,18,1,298,3.98
18,40,5,1,19,1,375,1.89
18,40,5,1,20,1,242,1.22
18,40,5,1,21,0,151,4.52
18,40,5,1,22,0,91,0.0
18,40,5,1,23,0,54,0.33
18,41,6,1,0,0,55,0.09
18,41,6,1,1,0,47,0.27
18,41,6,1,2,0,48,1.67
18,41,6,1,3,0,60,1.61
18,41,6,1,4,0,54,2.07
18,41,6,1,5,0,57,0.0
18,41,6,1,6,0,80,1.96
18,41,6,1,7,0,165,0.0
18,41,6,1,8,1,315,0.1
18,41,6,1,9,1,320,0.0
18,41,6,1,10,1,292,2.63
18,41,6,1,11,1,164,0.0
18,41,6,1,12,0,76,1.46
18,41,6,1,13,0,56,0.74
18,41,6,1,14,0,55,0.67
18,41,6,1,15,0,80,3.96
18,41,6,1,16,0,146,0.0
18,41,6,1,17,1,257,0.0
18,41,6,1,18,1,326,3.18
18,41,6,1,19,1,362,3.13
18,41,6,1,20,1,220,0.0
18,41,6,1,21,0,145,0.0
18,41,6,1,22,0,68,0.0
18,41,6,1,23,0,54,0.84
18,42,0,0,0,0,104,0.0
18,42,0,0,1,0,84,0.0
18,42,0,0,2,0,95,0.57
18,42,0,0,3,0,84,0.0
18,42,0,0,4,0,91,0.26
18,42,0,0,5,0,93,0.64
18,42,0,0,6,0,132,0.6
18,42,0,0,7,0,289,1.76
18,42,0,0,8,1,569,1.72
18,42,0,0,9,1,640,0.0
18,42,0,0,10,1,601,0.0
18,42,0,0,11,1,291,0.0
18,42,0,0,12,0,139,3.16
18,42,0,0,13,0,112,1.93
18,42,0,0,14,0,101,2.88
18,42,0,0,15,0,144,1.61
18,42,0,0,16,0,312,2.88
18,42,0,0,17,1,458,2.6
18,42,0,0,18,1,715,3.79
18,42,0,0,19,1,683,4.66
18,42,0,0,20,1,554,0.81
18,42,0,0,21,0,272,1.78
18,42,0,0,22,0,137,0.0
18,42,0,0,23,0,115,0.0
18,43,1,0,0,0,81,0.0
18,43,1,0,1,0,78,0.0
18,43,1,0,2,0,83,0.46
18,43,1,0,3,0,102,0.0
18,43,1,0,4,0,99,1.52
18,43,1,0,5,0,83,0.0
18,43,1,0,6,0,144,1.15
18,43,1,0,7,0,306,1.72
18,43,1,0,8,1,482,0.98
18,43,1,0,9,1,563,2.35
18,43,1,0,10,1,504,2.82
18,43,1,0,11,1,309,0.74
18,43,1,0,12,0,152,0.28
18,43,1,0,13,0,93,0.0
18,43,1,0,14,0,84,0.0
18,43,1,0,15,0,134,0.0
18,43,1,0,16,0,274,1.89
18,43,1,0,17,1,481,2.96
18,43,1,0,18,1,642,2.55
18,43,1,0,19,1,685,3.74
18,43,1,0,20,1,499,1.93
18,43,1,0,21,0,237,1.3
18,43,1,0,22,0,135,1.52
18,43,1,0,23,0,103,0.49
18,44,2,0,0,0,88,1.85
18,44,2,0,1,0,98,0.0
18,44,2,0,2,0,82,0.6
18,44,2,0,3,0,100,0.0
18,44,2,0,4,0,96,0.0
18,44,2,0,5,0,93,1.77
18,44,2,0,6,0,157,0.4
18,44,2,0,7,0,312,2.27
18,44,2,0,8,1,457,1.95
18,44,2,0,9,1,713,3.56
18,44,2,0,10,1,410,0.03
18,44,2,0,11,1,316,0.43
18,44,2,0,12,0,162,3.72
18,44,2,0,13,0,101,0.0
18,44,2,0,14,0,94,1.51
18,44,2,0,15,0,134,0.0
18,44,2,0,16,0,234,0.29
18,44,2,0,17,1,435,0.0
18,44,2,0,18,1,599,3.52
18,44,2,0,19,1,712,2.69
18,44,2,0,20,1,462,2.28
18,44,2,0,21,0,298,0.0
18,44,2,0,22,0,127,0.43
18,44,2,0,23,0,104,0.37
18,45,3,0,0,0,81,1.65
18,45,3,0,1,0,90,1.19
18,45,3,0,2,0,102,0.0
18,45,3,0,3,0,79,1.16
18,45,3,0,4,0,77,0.0
18,45,3,0,5,0,96,0.92
18,45,3,0,6,0,141,1.3
18,45,3,0,7,0,268,0.0
18,45,3,0,8,1,520,2.24
18,45,3,0,9,1,655,4.84
18,45,3,0,10,1,572,2.97
18,45,3,0,11,1,312,1.64
18,45,3,0,12,0,163,1.2
18,45,3,0,13,0,98,0.0
18,45,3,0,14,0,112,0.17
18,45,3,0,15,0,163,0.0
18,45,3,0,16,0,283,0.49
18,45,3,0,17,1,476,0.0
18,45,3,0,18,1,548,4.41
18,45,3,0,19,1,620,3.96
18,45,3,0,20,1,436,3.22
18,45,3,0,21,0,248,0.0
18,45,3,0,22,0,148,2.01
18,45,3,0,23,0,106,0.21
18,46,4,0,0,0,78,0.0
18,46,4,0,1,0,86,0.0
18,46,4,0,2,0,99,0.22
18,46,4,0,3,0,76,0.0
18,46,4,0,4,0,87,0.0
18,46,4,0,5,0,104,0.0
18,46,4,0,6,0,132,1.21
18,46,4,0,7,0,324,0.0
18,46,4,0,8,1,487,3.61
18,46,4,0,9,1,688,1.36
18,46,4,0,10,1,567,2.34
18,46,4,0,11,1,309,0.18
18,46,4,0,12,0,153,0.0
18,46,4,0,13,0,98,0.0
18,46,4,0,14,0,103,4.02
18,46,4,0,15,0,170,0.1
18,46,4,0,16,0,288,0.0
18,46,4,0,17,1,475,0.87
18,46,4,0,18,1,619,6.47
18,46,4,0,19,1,623,1.52
18,46,4,0,20,1,424,0.54
18,46,4,0,21,0,228,1.25
18,46,4,0,22,0,143,1.08
18,46,4,0,23,0,101,0.0
18,47,5,1,0,0,47,0.43
18,47,5,1,1,0,50,0.0
18,47,5,1,2,0,49,2.51
18,47,5,1,3,0,58,0.0
18,47,5,1,4,0,47,0.12
18,47,5,1,5,0,60,0.17
18,47,5,1,6,0,84,0.0
18,47,5,1,7,0,146,1.73
18,47,5,1,8,1,290,2.14
18,47,5,1,9,1,304,3.96
18,47,5,1,10,1,291,0.0
18,47,5,1,11,1,174,0.14
18,47,5,1,12,0,82,0.0
18,47,5,1,13,0,56,0.15
18,47,5,1,14,0,48,1.49
18,47,5,1,15,0,78,0.98
18,47,5,1,16,0,150,0.78
18,47,5,1,17,1,260,0.0
18,47,5,1,18,1,330,1.45
18,47,5,1,19,1,358,2.03
18,47,5,1,20,1,282,0.99
18,47,5,1,21,0,145,0.67
18,47,5,1,22,0,76,0.0
18,47,5,1,23,0,52,0.03
18,48,6,1,0,0,49,0.0
18,48,6,1,1,0,43,0.02
18,48,6,1,2,0,46,0.09
18,48,6,1,3,0,45,0.25
18,48,6,1,4,0,49,0.0
18,48,6,1,5,0,57,0.79
18,48,6,1,6,0,81,1.18
18,48,6,1,7,0,156,1.22
18,48,6,1,8,1,284,0.0
18,48,6,1,9,1,329,3.06
18,48,6,1,10,1,321,2.35
18,48,6,1,11,1,153,2.75
18,48,6,1,12,0,86,0.85
18,48,6,1,13,0,64,0.0
18,48,6,1,14,0,59,0.0
18,48,6,1,15,0,74,4.2
18,48,6,1,16,0,147,3.36
18,48,6,1,17,1,264,1.66
18,48,6,1,18,1,335,2.81
18,48,6,1,19,1,354,1.54
18,48,6,1,20,1,248,0.84
18,48,6,1,21,0,141,0.75
18,48,6,1,22,0,77,0.0
18,48,6,1,23,0,58,0.05
18,49,0,0,0,0,67,0.0
18,49,0,0,1,0,88,2.27
18,49,0,0,2,0,95,0.0
18,49,0,0,3,0,90,2.02
18,49,0,0,4,0,88,0.0
18,49,0,0,5,0,108,2.11
18,49,0,0,6,0,142,1.3
18,49,0,0,7,0,292,0.28
18,49,0,0,8,1,567,1.27
18,49,0,0,9,1,679,2.82
18,49,0,0,10,1,512,1.22
18,49,0,0,11,1,270,0.71
18,49,0,0,12,0,143,0.71
18,49,0,0,13,0,93,0.14
18,49,0,0,14,0,106,0.0
18,49,0,0,15,0,150,1.87
18,49,0,0,16,0,232,0.0
18,49,0,0,17,1,411,2.28
18,49,0,0,18,1,649,0.19
18,49,0,0,19,1,609,2.9
18,49,0,0,20,1,465,3.68
18,49,0,0,21,0,233,0.92
18,49,0,0,22,0,130,0.69
18,49,0,0,23,0,100,0.81
18,50,1,0,0,0,88,1.5
18,50,1,0,1,0,86,0.0
18,50,1,0,2,0,93,3.15
18,50,1,0,3,0,80,0.0
18,50,1,0,4,0,94,2.07
18,50,1,0,5,0,104,0.0
18,50,1,0,6,0,154,1.39
18,50,1,0,7,0,277,2.35
18,50,1,0,8,1,517,0.0
18,50,1,0,9,1,633,1.68
18,50,1,0,10,1,573,0.3
18,50,1,0,11,1,282,1.51
18,50,1,0,12,0,178,3.64
18,50,1,0,13,0,102,0.93
18,50,1,0,14,0,107,0.0
18,50,1,0,15,0,141,2.6
18,50,1,0,16,0,260,3.96
18,50,1,0,17,1,444,1.64
18,50,1,0,18,1,638,0.6
18,50,1,0,19,1,699,2.3
18,50,1,0,20,1,470,0.98
18,50,1,0,21,0,293,3.02
18,50,1,0,22,0,142,0.0
18,50,1,0,23,0,107,2.05
18,51,2,0,0,0,84,0.12
18,51,2,0,1,0,92,2.0
18,51,2,0,2,0,90,1.8
18,51,2,0,3,0,85,0.0
18,51,2,0,4,0,106,0.0
18,51,2,0,5,0,95,1.56
18,51,2,0,6,0,143,0.0
18,51,2,0,7,0,288,0.0
18,51,2,0,8,1,565,2.52
18,51,2,0,9,1,599,0.0
18,51,2,0,10,1,462,0.0
18,51,2,0,11,1,298,1.55
18,51,2,0,12,0,156,1.72
18,51,2,0,13,0,108,2.74
18,51,2,0,14,0,112,1.89
18,51,2,0,15,0,144,1.66
18,51,2,0,16,0,249,0.66
18,51,2,0,17,1,524,1.26
18,51,2,0,18,1,610,1.9
18,51,2,0,19,1,614,1.76
18,51,2,0,20,1,470,2.29
18,51,2,0,21,0,276,4.39
18,51,2,0,22,0,137,0.45
18,51,2,0,23,0,86,0.0
18,52,3,0,0,0,90,1.06
18,52,3,0,1,0,95,1.31
18,52,3,0,2,0,100,2.96
18,52,3,0,3,0,89,0.0
18,52,3,0,4,0,97,1.79
18,52,3,0,5,0,102,0.14
18,52,3,0,6,0,143,0.51
18,52,3,0,7,0,309,0.23
18,52,3,0,8,1,486,2.84
18,52,3,0,9,1,597,2.61
18,52,3,0,10,1,523,2.09
18,52,3,0,11,1,278,3.71
18,52,3,0,12,0,154,0.0
18,52,3,0,13,0,105,3.17
18,52,3,0,14,0,103,2.71
18,52,3,0,15,0,128,0.0
18,52,3,0,16,0,213,3.82
18,52,3,0,17,1,398,1.85
18,52,3,0,18,1,732,4.38
18,52,3,0,19,1,662,4.57
18,52,3,0,20,1,436,2.52
18,52,3,0,21,0,255,0.82
18,52,3,0,22,0,143,2.33
18,52,3,0,23,0,114,0.06
18,53,4,0,0,0,83,0.0
18,53,4,0,1,0,105,2.64
18,53,4,0,2,0,83,2.82
18,53,4,0,3,0,86,1.34
18,53,4,0,4,0,87,3.59
18,53,4,0,5,0,96,0.0
18,53,4,0,6,0,143,4.51
18,53,4,0,7,0,299,0.0
18,53,4,0,8,1,486,0.0
18,53,4,0,9,1,668,0.8
18,53,4,0,10,1,565,3.45
18,53,4,0,11,1,291,3.02
18,53,4,0,12,0,160,0.88
18,53,4,0,13,0,96,1.0
18,53,4,0,14,0,106,1.16
18,53,4,0,15,0,142,1.06
18,53,4,0,16,0,263,3.1
18,53,4,0,17,1,414,0.15
18,53,4,0,18,1,646,1.44
18,53,4,0,19,1,653,0.94
18,53,4,0,20,1,425,4.79
18,53,4,0,21,0,252,0.0
18,53,4,0,22,0,140,2.11
18,53,4,0,23,0,111,0.0
18,54,5,1,0,0,47,0.52
18,54,5,1,1,0,50,0.0
18,54,5,1,2,0,44,0.0
18,54,5,1,3,0,43,0.0
18,54,5,1,4,0,55,0.0
18,54,5,1,5,0,60,0.28
18,54,5,1,6,0,80,0.0
18,54,5,1,7,0,176,0.88
18,54,5,1,8,1,249,1.57
18,54,5,1,9,1,335,1.43
18,54,5,1,10,1,291,2.99
18,54,5,1,11,1,146,1.44
18,54,5,1,12,0,90,4.14
18,54,5,1,13,0,61,0.79
18,54,5,1,14,0,57,2.56
18,54,5,1,15,0,76,1.5
18,54,5,1,16,0,166,0.5
18,54,5,1,17,1,212,0.0
18,54,5,1,18,1,361,0.19
18,54,5,1,19,1,343,0.93
18,54,5,1,20,1,265,0.0
18,54,5,1,21,0,135,2.65
18,54,5,1,22,0,74,1.38
18,54,5,1,23,0,55,0.19
18,55,6,1,0,0,53,0.0
18,55,6,1,1,0,52,1.04
18,55,6,1,2,0,53,0.0
18,55,6,1,3,0,50,0.0
18,55,6,1,4,0,48,0.46
18,55,6,1,5,0,62,3.02
18,55,6,1,6,0,79,1.63
18,55,6,1,7,0,159,0.0
18,55,6,1,8,1,299,3.94
18,55,6,1,9,1,341,0.0
18,55,6,1,10,1,287,0.96
18,55,6,1,11,1,195,2.29
18,55,6,1,12,0,83,0.0
18,55,6,1,13,0,55,3.0
18,55,6,1,14,0,56,1.46
18,55,6,1,15,0,80,0.0
18,55,6,1,16,0,160,0.92
18,55,6,1,17,1,239,0.99
18,55,6,1,18,1,394,0.0
18,55,6,1,19,1,361,1.55
18,55,6,1,20,1,222,2.04
18,55,6,1,21,0,144,1.89
18,55,6,1,22,0,84,0.25
18,55,6,1,23,0,53,0.0
18,56,0,0,0,0,86,0.36
18,56,0,0,1,0,84,1.21
18,56,0,0,2,0,84,0.0
18,56,0,0,3,0,87,0.62
18,56,0,0,4,0,83,0.0
18,56,0,0,5,0,96,0.0
18,56,0,0,6,0,152,1.56
18,56,0,0,7,0,282,0.0
18,56,0,0,8,1,524,2.87
18,56,0,0,9,1,723,4.61
18,56,0,0,10,1,466,1.65
18,56,0,0,11,1,304,0.0
18,56,0,0,12,0,145,1.59
18,56,0,0,13,0,105,0.42
18,56,0,0,14,0,97,0.0
18,56,0,0,15,0,138,0.42
18,56,0,0,16,0,227,0.98
18,56,0,0,17,1,475,0.86
18,56,0,0,18,1,663,3.07
18,56,0,0,19,1,627,1.88
18,56,0,0,20,1,448,0.51
18,56,0,0,21,0,264,0.0
18,56,0,0,22,0,132,1.27
18,56,0,0,23,0,99,0.49
18,57,1,0,0,0,79,0.0
18,57,1,0,1,0,103,0.0
18,57,1,0,2,0,104,0.81
18,57,1,0,3,0,87,0.04
18,57,1,0,4,0,101,0.0
18,57,1,0,5,0,113,0.85
18,57,1,0,6,0,161,0.0
18,57,1,0,7,0,288,0.0
18,57,1,0,8,1,569,0.8
18,57,1,0,9,1,589,0.0
18,57,1,0,10,1,537,2.26
18,57,1,0,11,1,276,1.5
18,57,1,0,12,0,140,0.0
18,57,1,0,13,0,99,2.86
18,57,1,0,14,0,110,1.12
18,57,1,0,15,0,144,0.03
18,57,1,0,16,0,272,1.94
18,57,1,0,17,1,458,2.13
18,57,1,0,18,1,560,1.52
18,57,1,0,19,1,581,0.51
18,57,1,0,20,1,478,0.02
18,57,1,0,21,0,273,2.64
18,57,1,0,22,0,140,0.0
18,57,1,0,23,0,110,1.27
18,58,2,0,0,0,100,0.0
18,58,2,0,1,0,89,0.03
18,58,2,0,2,0,93,1.31
18,58,2,0,3,0,92,2.37
18,58,2,0,4,0,89,0.0
18,58,2,0,5,0,96,0.0
18,58,2,0,6,0,143,0.17
18,58,2,0,7,0,288,1.5
18,58,2,0,8,1,500,3.57
18,58,2,0,9,1,541,0.0
18,58,2,0,10,1,560,3.62
18,58,2,0,11,1,322,2.24
18,58,2,0,12,0,149,0.21
18,58,2,0,13,0,89,0.58
18,58,2,0,14,0,90,4.06
18,58,2,0,15,0,129,0.4
18,58,2,0,16,0,288,0.6
18,58,2,0,17,1,447,0.0
18,58,2,0,18,1,575,3.14
18,58,2,0,19,1,729,1.58
18,58,2,0,20,1,468,5.93
18,58,2,0,21,0,269,2.54
18,58,2,0,22,0,132,2.86
18,58,2,0,23,0,96,0.0
18,59,3,0,0,0,102,0.0
18,59,3,0,1,0,91,2.8
18,59,3,0,2,0,84,0.0
18,59,3,0,3,0,87,0.0
18,59,3,0,4,0,92,2.38
18,59,3,0,5,0,114,0.69
18,59,3,0,6,0,140,1.58
18,59,3,0,7,0,293,1.23
18,59,3,0,8,1,476,0.0
18,59,3,0,9,1,639,0.95
18,59,3,0,10,1,497,4.21
18,59,3,0,11,1,291,2.82
18,59,3,0,12,0,153,1.49
18,59,3,0,13,0,98,2.12
18,59,3,0,14,0,105,0.02
18,59,3,0,15,0,145,0.0
18,59,3,0,16,0,251,0.92
18,59,3,0,17,1,441,4.1
18,59,3,0,18,1,621,5.61
18,59,3,0,19,1,646,2.23
18,59,3,0,20,1,442,2.4
18,59,3,0,21,0,276,0.0
18,59,3,0,22,0,141,0.0
18,59,3,0,23,0,109,1.94
19,0,0,0,0,0,222,3.24
19,0,0,0,1,0,239,0.0
19,0,0,0,2,0,265,0.0
19,0,0,0,3,0,229,2.37
19,0,0,0,4,0,261,2.48
19,0,0,0,5,0,275,0.42
19,0,0,0,6,0,426,2.23
19,0,0,0,7,0,778,1.97
19,0,0,0,8,1,1557,6.73
19,0,0,0,9,1,1831,4.36
19,0,0,0,10,1,1482,6.49
19,0,0,0,11,1,800,4.05
19,0,0,0,12,0,395,2.09
19,0,0,0,13,0,252,2.36
19,0,0,0,14,0,269,1.73
19,0,0,0,15,0,435,3.22
19,0,0,0,16,0,745,4.21
19,0,0,0,17,1,1444,5.96
19,0,0,0,18,1,1937,5.98
19,0,0,0,19,1,1694,9.04
19,0,0,0,20,1,1264,4.27
19,0,0,0,21,0,704,1.75
19,0,0,0,22,0,390,0.0
19,0,0,0,23,0,271,1.2
19,1,1,0,0,0,288,1.09
19,1,1,0,1,0,220,2.39
19,1,1,0,2,0,272,0.0
19,1,1,0,3,0,272,0.89
19,1,1,0,4,0,288,4.73
19,1,1,0,5,0,293,2.32
19,1,1,0,6,0,471,3.33
19,1,1,0,7,0,850,3.24
19,1,1,0,8,1,1320,4.86
19,1,1,0,9,1,1758,7.06
19,1,1,0,10,1,1239,4.42
19,1,1,0,11,1,804,1.13
19,1,1,0,12,0,431,3.11
19,1,1,0,13,0,287,0.0
19,1,1,0,14,0,284,2.24
19,1,1,0,15,0,418,1.6
19,1,1,0,16,0,744,2.02
19,1,1,0,17,1,1366,4.85
19,1,1,0,18,1,1688,8.18
19,1,1,0,19,1,1817,7.39
19,1,1,0,20,1,1344,5.27
19,1,1,0,21,0,666,2.33
19,1,1,0,22,0,348,3.15
19,1,1,0,23,0,259,3.95
19,2,2,0,0,0,239,1.88
19,2,2,0,1,0,294,1.57
19,2,2,0,2,0,249,1.04
19,2,2,0,3,0,238,0.0
19,2,2,0,4,0,271,0.0
19,2,2,0,5,0,253,1.1
19,2,2,0,6,0,395,2.32
19,2,2,0,7,0,926,3.32
19,2,2,0,8,1,1381,8.18
19,2,2,0,9,1,1890,8.95
19,2,2,0,10,1,1550,5.83
19,2,2,0,11,1,796,1.76
19,2,2,0,12,0,442,2.35
19,2,2,0,13,0,302,0.0
19,2,2,0,14,0,308,0.54
19,2,2,0,15,0,329,0.0
19,2,2,0,16,0,691,1.69
19,2,2,0,17,1,1291,5.85
19,2,2,0,18,1,1781,6.42
19,2,2,0,19,1,1818,7.51
19,2,2,0,20,1,1420,4.76
19,2,2,0,21,0,714,5.33
19,2,2,0,22,0,357,0.88
19,2,2,0,23,0,263,0.0
19,3,3,0,0,0,260,3.04
19,3,3,0,1,0,298,1.13
19,3,3,0,2,0,266,1.88
19,3,3,0,3,0,251,2.92
19,3,3,0,4,0,255,2.65
19,3,3,0,5,0,276,0.0
19,3,3,0,6,0,381,0.0
19,3,3,0,7,0,904,5.53
19,3,3,0,8,1,1369,3.87
19,3,3,0,9,1,1680,6.99
19,3,3,0,10,1,1343,6.2
19,3,3,0,11,1,801,4.83
19,3,3,0,12,0,440,0.08
19,3,3,0,13,0,258,1.34
19,3,3,0,14,0,283,3.04
19,3,3,0,15,0,408,0.95
19,3,3,0,16,0,817,2.62
19,3,3,0,17,1,1151,4.3
19,3,3,0,18,1,1682,8.21
19,3,3,0,19,1,1635,7.81
19,3,3,0,20,1,1262,2.67
19,3,3,0,21,0,745,4.76
19,3,3,0,22,0,399,1.31
19,3,3,0,23,0,326,3.1
19,4,4,0,0,0,271,0.0
19,4,4,0,1,0,241,0.64
19,4,4,0,2,0,265,2.4
19,4,4,0,3,0,234,1.81
19,4,4,0,4,0,234,2.0
19,4,4,0,5,0,259,2.9
19,4,4,0,6,0,426,1.13
19,4,4,0,7,0,841,2.38
19,4,4,0,8,1,1454,4.32
19,4,4,0,9,1,1834,6.96
19,4,4,0,10,1,1428,5.65
19,4,4,0,11,1,762,6.16
19,4,4,0,12,0,411,3.29
19,4,4,0,13,0,261,0.0
19,4,4,0,14,0,293,2.77
19,4,4,0,15,0,434,3.14
19,4,4,0,16,0,708,3.7
19,4,4,0,17,1,1224,3.98
19,4,4,0,18,1,1829,7.67
19,4,4,0,19,1,1722,7.16
19,4,4,0,20,1,1407,4.3
19,4,4,0,21,0,759,0.99
19,4,4,0,22,0,342,1.82
19,4,4,0,23,0,282,1.3
19,5,5,1,0,0,141,2.0
19,5,5,1,1,0,146,1.29
19,5,5,1,2,0,156,1.98
19,5,5,1,3,0,142,2.15
19,5,5,1,4,0,139,0.18
19,5,5,1,5,0,172,0.35
19,5,5,1,6,0,237,1.48
19,5,5,1,7,0,457,4.53
19,5,5,1,8,1,790,5.82
19,5,5,1,9,1,900,3.53
19,5,5,1,10,1,783,4.29
19,5,5,1,11,1,402,2.18
19,5,5,1,12,0,247,0.5
19,5,5,1,13,0,150,0.0
19,5,5,1,14,0,164,0.0
19,5,5,1,15,0,195,0.91
19,5,5,1,16,0,414,2.07
19,5,5,1,17,1,743,1.4
19,5,5,1,18,1,850,4.72
19,5,5,1,19,1,888,4.32
19,5,5,1,20,1,605,3.44
19,5,5,1,21,0,396,3.15
19,5,5,1,22,0,231,0.41
19,5,5,1,23,0,149,1.07
19,6,6,1,0,0,135,0.0
19,6,6,1,1,0,137,0.0
19,6,6,1,2,0,134,0.98
19,6,6,1,3,0,154,3.37
19,6,6,1,4,0,148,0.0
19,6,6,1,5,0,168,0.0
19,6,6,1,6,0,217,0.52
19,6,6,1,7,0,382,1.9
19,6,6,1,8,1,746,3.35
19,6,6,1,9,1,964,2.59
19,6,6,1,10,1,734,2.86
19,6,6,1,11,1,477,2.95
19,6,6,1,12,0,235,1.8
19,6,6,1,13,0,159,0.0
19,6,6,1,14,0,175,0.0
19,6,6,1,15,0,245,1.93
19,6,6,1,16,0,388,0.0
19,6,6,1,17,1,728,2.84
19,6,6,1,18,1,1085,2.78
19,6,6,1,19,1,1072,6.5
19,6,6,1,20,1,668,3.78
19,6,6,1,21,0,440,3.8
19,6,6,1,22,0,236,3.52
19,6,6,1,23,0,157,0.56
19,7,0,0,0,0,288,0.0
19,7,0,0,1,0,250,0.0
19,7,0,0,2,0,256,1.65
19,7,0,0,3,0,268,1.19
19,7,0,0,4,0,262,2.5
19,7,0,0,5,0,271,0.57
19,7,0,0,6,0,387,1.53
19,7,0,0,7,0,714,4.81
19,7,0,0,8,1,1544,4.7
19,7,0,0,9,1,1969,7.48
19,7,0,0,10,1,1370,6.04
19,7,0,0,11,1,712,2.33
19,7,0,0,12,0,430,4.39
19,7,0,0,13,0,258,0.0
19,7,0,0,14,0,281,0.64
19,7,0,0,15,0,420,3.96
19,7,0,0,16,0,779,2.45
19,7,0,0,17,1,1439,5.64
19,7,0,0,18,1,1872,8.12
19,7,0,0,19,1,1862,8.76
19,7,0,0,20,1,1372,6.58
19,7,0,0,21,0,690,1.46
19,7,0,0,22,0,419,2.18
19,7,0,0,23,0,304,0.52
19,8,1,0,0,0,271,0.63
19,8,1,0,1,0,248,2.75
19,8,1,0,2,0,278,1.44
19,8,1,0,3,0,249,0.87
19,8,1,0,4,0,262,0.47
19,8,1,0,5,0,291,0.41
19,8,1,0,6,0,469,0.0
19,8,1,0,7,0,779,4.28
19,8,1,0,8,1,1635,5.64
19,8,1,0,9,1,1759,7.73
19,8,1,0,10,1,1510,6.24
19,8,1,0,11,1,872,3.93
19,8,1,0,12,0,428,4.06
19,8,1,0,13,0,284,0.77
19,8,1,0,14,0,280,0.24
19,8,1,0,15,0,392,0.64
19,8,1,0,16,0,747,3.7
19,8,1,0,17,1,1314,5.85
19,8,1,0,18,1,1915,6.12
19,8,1,0,19,1,1837,9.76
19,8,1,0,20,1,1234,8.7
19,8,1,0,21,0,703,3.18
19,8,1,0,22,0,405,0.0
19,8,1,0,23,0,266,2.05
19,9,2,0,0,0,251,0.0
19,9,2,0,1,0,280,1.58
19,9,2,0,2,0,253,4.44
19,9,2,0,3,0,235,0.0
19,9,2,0,4,0,250,1.42
19,9,2,0,5,0,294,0.09
19,9,2,0,6,0,371,2.36
19,9,2,0,7,0,792,3.18
19,9,2,0,8,1,1462,7.28
19,9,2,0,9,1,1718,9.26
19,9,2,0,10,1,1435,3.73
19,9,2,0,11,1,754,1.44
19,9,2,0,12,0,393,1.96
19,9,2,0,13,0,311,0.0
19,9,2,0,14,0,307,3.35
19,9,2,0,15,0,461,2.47
19,9,2,0,16,0,618,0.46
19,9,2,0,17,1,1381,5.66
19,9,2,0,18,1,1707,4.59
19,9,2,0,19,1,1643,7.36
19,9,2,0,20,1,1339,6.81
19,9,2,0,21,0,796,1.87
19,9,2,0,22,0,425,0.59
19,9,2,0,23,0,281,0.03
19,10,3,0,0,0,271,0.21
19,10,3,0,1,0,269,1.79
19,10,3,0,2,0,279,1.99
19,10,3,0,3,0,294,0.21
19,10,3,0,4,0,275,1.7
19,10,3,0,5,0,266,2.5
19,10,3,0,6,0,446,0.82
19,10,3,0,7,0,711,2.69
19,10,3,0,8,1,1372,5.73
19,10,3,0,9,1,1793,9.84
19,10,3,0,10,1,1366,6.35
19,10,3,0,11,1,732,1.46
19,10,3,0,12,0,403,0.34
19,10,3,0,13,0,298,1.15
19,10,3,0,14,0,306,0.0
19,10,3,0,15,0,401,0.49
19,10,3,0,16,0,793,1.63
19,10,3,0,17,1,1108,3.55
19,10,3,0,18,1,1636,6.76
19,10,3,0,19,1,1882,8.62
19,10,3,0,20,1,1069,5.36
19,10,3,0,21,0,733,3.98
19,10,3,0,22,0,423,0.77
19,10,3,0,23,0,263,1.54
19,11,4,0,0,0,275,0.0
19,11,4,0,1,0,257,0.25
19,11,4,0,2,0,245,0.4
19,11,4,0,3,0,269,1.94
19,11,4,0,4,0,240,0.0
19,11,4,0,5,0,308,2.44
19,11,4,0,6,0,459,2.66
19,11,4,0,7,0,908,0.16
19,11,4,0,8,1,1438,4.71
19,11,4,0,9,1,2076,6.51
19,11,4,0,10,1,1296,4.24
19,11,4,0,11,1,786,2.58
19,11,4,0,12,0,448,4.01
19,11,4,0,13,0,310,4.96
19,11,4,0,14,0,316,0.31
19,11,4,0,15,0,392,2.75
19,11,4,0,16,0,653,2.14
19,11,4,0,17,1,1357,8.3
19,11,4,0,18,1,1803,7.5
19,11,4,0,19,1,1872,4.89
19,11,4,0,20,1,1252,3.73
19,11,4,0,21,0,765,2.4
19,11,4,0,22,0,434,2.39
19,11,4,0,23,0,280,0.28
19,12,5,1,0,0,132,2.95
19,12,5,1,1,0,117,0.34
19,12,5,1,2,0,141,0.0
19,12,5,1,3,0,155,0.94
19,12,5,1,4,0,150,1.72
19,12,5,1,5,0,167,1.88
19,12,5,1,6,0,244,1.56
19,12,5,1,7,0,487,6.04
19,12,5,1,8,1,744,3.75
19,12,5,1,9,1,1051,1.9
19,12,5,1,10,1,919,4.65
19,12,5,1,11,1,462,1.31
19,12,5,1,12,0,245,0.0
19,12,5,1,13,0,180,2.29
19,12,5,1,14,0,156,2.79
19,12,5,1,15,0,187,0.0
19,12,5,1,16,0,398,1.75
19,12,5,1,17,1,735,3.26
19,12,5,1,18,1,1088,2.17
19,12,5,1,19,1,837,1.26
19,12,5,1,20,1,636,2.61
19,12,5,1,21,0,392,2.07
19,12,5,1,22,0,224,1.34
19,12,5,1,23,0,137,0.26
19,13,6,1,0,0,135,2.42
19,13,6,1,1,0,145,3.42
19,13,6,1,2,0,130,0.12
19,13,6,1,3,0,151,0.0
19,13,6,1,4,0,147,0.0
19,13,6,1,5,0,171,0.0
19,13,6,1,6,0,265,2.27
19,13,6,1,7,0,470,2.52
19,13,6,1,8,1,756,4.14
19,13,6,1,9,1,947,0.69
19,13,6,1,10,1,807,2.17
19,13,6,1,11,1,458,1.87
19,13,6,1,12,0,204,3.27
19,13,6,1,13,0,150,2.26
19,13,6,1,14,0,149,0.67
19,13,6,1,15,0,223,0.0
19,13,6,1,16,0,377,1.95
19,13,6,1,17,1,714,2.96
19,13,6,1,18,1,1063,3.08
19,13,6,1,19,1,996,1.99
19,13,6,1,20,1,682,4.61
19,13,6,1,21,0,397,0.92
19,13,6,1,22,0,203,0.0
19,13,6,1,23,0,168,3.88
19,14,0,0,0,0,247,0.0
19,14,0,0,1,0,287,0.0
19,14,0,0,2,0,263,1.85
19,14,0,0,3,0,279,0.78
19,14,0,0,4,0,268,0.59
19,14,0,0,5,0,238,0.33
19,14,0,0,6,0,430,0.22
19,14,0,0,7,0,827,3.71
19,14,0,0,8,1,1608,5.04
19,14,0,0,9,1,1827,5.67
19,14,0,0,10,1,1198,4.08
19,14,0,0,11,1,785,3.66
19,14,0,0,12,0,457,1.99
19,14,0,0,13,0,273,0.0
19,14,0,0,14,0,314,2.29
19,14,0,0,15,0,368,0.0
19,14,0,0,16,0,669,4.16
19,14,0,0,17,1,1192,5.46
19,14,0,0,18,1,2041,6.97
19,14,0,0,19,1,1744,6.93
19,14,0,0,20,1,1124,3.43
19,14,0,0,21,0,730,1.46
19,14,0,0,22,0,463,1.11
19,14,0,0,23,0,280,0.26
19,15,1,0,0,0,251,0.0
19,15,1,0,1,0,213,0.31
19,15,1,0,2,0,293,3.62
19,15,1,0,3,0,234,0.0
19,15,1,0,4,0,216,0.0
19,15,1,0,5,0,271,1.69
19,15,1,0,6,0,404,2.93
19,15,1,0,7,0,860,3.96
19,15,1,0,8,1,1438,7.23
19,15,1,0,9,1,1883,5.34
19,15,1,0,10,1,1513,5.19
19,15,1,0,11,1,881,4.51
19,15,1,0,12,0,475,0.0
19,15,1,0,13,0,295,0.2
19,15,1,0,14,0,336,0.0
19,15,1,0,15,0,409,2.47
19,15,1,0,16,0,597,3.17
19,15,1,0,17,1,1081,3.24
19,15,1,0,18,1,1857,5.96
19,15,1,0,19,1,1809,7.23
19,15,1,0,20,1,1345,3.78
19,15,1,0,21,0,773,0.0
19,15,1,0,22,0,444,1.39
19,15,1,0,23,0,280,1.58
19,16,2,0,0,0,259,1.03
19,16,2,0,1,0,281,0.0
19,16,2,0,2,0,236,1.59
19,16,2,0,3,0,248,2.93
19,16,2,0,4,0,305,1.23
19,16,2,0,5,0,245,0.0
19,16,2,0,6,0,349,2.32
19,16,2,0,7,0,758,2.79
19,16,2,0,8,1,1418,7.37
19,16,2,0,9,1,1800,6.79
19,16,2,0,10,1,1345,6.29
19,16,2,0,11,1,748,1.11
19,16,2,0,12,0,398,4.72
19,16,2,0,13,0,285,1.06
19,16,2,0,14,0,294,1.53
19,16,2,0,15,0,389,0.1
19,16,2,0,16,0,695,2.47
19,16,2,0,17,1,1143,4.25
19,16,2,0,18,1,1826,6.5
19,16,2,0,19,1,1976,8.32
19,16,2,0,20,1,1211,4.22
19,16,2,0,21,0,791,2.24
19,16,2,0,22,0,370,0.21
19,16,2,0,23,0,285,1.47
19,17,3,0,0,0,269,0.0
19,17,3,0,1,0,287,1.91
19,17,3,0,2,0,247,2.23
19,17,3,0,3,0,295,1.91
19,17,3,0,4,0,295,0.0
19,17,3,0,5,0,240,1.76
19,17,3,0,6,0,455,0.0
19,17,3,0,7,0,902,2.95
19,17,3,0,8,1,1523,6.49
19,17,3,0,9,1,1858,8.28
19,17,3,0,10,1,1442,5.12
19,17,3,0,11,1,843,2.96
19,17,3,0,12,0,395,2.06
19,17,3,0,13,0,274,0.8
19,17,3,0,14,0,275,3.44
19,17,3,0,15,0,399,0.0
19,17,3,0,16,0,792,0.45
19,17,3,0,17,1,1510,6.1
19,17,3,0,18,1,1708,6.29
19,17,3,0,19,1,1569,6.12
19,17,3,0,20,1,1243,4.88
19,17,3,0,21,0,772,3.54
19,17,3,0,22,0,359,0.0
19,17,3,0,23,0,289,1.89
19,18,4,0,0,0,254,1.85
19,18,4,0,1,0,258,1.29
19,18,4,0,2,0,273,3.98
19,18,4,0,3,0,262,5.67
19,18,4,0,4,0,261,1.24
19,18,4,0,5,0,328,1.06
19,18,4,0,6,0,357,0.0
19,18,4,0,7,0,880,4.25
19,18,4,0,8,1,1344,2.44
19,18,4,0,9,1,1737,8.75
19,18,4,0,10,1,1439,5.22
19,18,4,0,11,1,748,2.51
19,18,4,0,12,0,436,1.46
19,18,4,0,13,0,284,2.82
19,18,4,0,14,0,269,1.78
19,18,4,0,15,0,391,4.02
19,18,4,0,16,0,770,5.09
19,18,4,0,17,1,1353,4.68
19,18,4,0,18,1,2002,8.55
19,18,4,0,19,1,1830,6.13
19,18,4,0,20,1,1366,4.82
19,18,4,0,21,0,690,3.21
19,18,4,0,22,0,376,0.36
19,18,4,0,23,0,262,2.59
19,19,5,1,0,0,156,3.49
19,19,5,1,1,0,151,0.0
19,19,5,1,2,0,144,0.21
19,19,5,1,3,0,167,1.26
19,19,5,1,4,0,132,0.0
19,19,5,1,5,0,134,0.43
19,19,5,1,6,0,200,0.0
19,19,5,1,7,0,417,0.13
19,19,5,1,8,1,803,3.79
19,19,5,1,9,1,985,3.77
19,19,5,1,10,1,823,5.02
19,19,5,1,11,1,415,2.15
19,19,5,1,12,0,230,1.53
19,19,5,1,13,0,155,0.0
19,19,5,1,14,0,156,0.0
19,19,5,1,15,0,200,2.58
19,19,5,1,16,0,401,0.0
19,19,5,1,17,1,522,1.86
19,19,5,1,18,1,939,3.79
19,19,5,1,19,1,1008,4.01
19,19,5,1,20,1,665,4.12
19,19,5,1,21,0,359,3.26
19,19,5,1,22,0,227,0.0
19,19,5,1,23,0,161,0.11
19,20,6,1,0,0,156,0.0
19,20,6,1,1,0,149,0.0
19,20,6,1,2,0,144,1.02
19,20,6,1,3,0,148,1.33
19,20,6,1,4,0,138,0.0
19,20,6,1,5,0,139,0.0
19,20,6,1,6,0,224,2.6
19,20,6,1,7,0,424,1.1
19,20,6,1,8,1,760,3.41
19,20,6,1,9,1,999,3.37
19,20,6,1,10,1,736,3.88
19,20,6,1,11,1,491,3.17
19,20,6,1,12,0,208,0.0
19,20,6,1,13,0,155,2.68
19,20,6,1,14,0,132,0.0
19,20,6,1,15,0,245,2.45
19,20,6,1,16,0,403,0.0
19,20,6,1,17,1,794,2.9
19,20,6,1,18,1,811,5.41
19,20,6,1,19,1,907,8.4
19,20,6,1,20,1,699,3.43
19,20,6,1,21,0,399,1.2
19,20,6,1,22,0,231,1.23
19,20,6,1,23,0,157,0.0
19,21,0,0,0,0,252,0.0
19,21,0,0,1,0,264,1.57
19,21,0,0,2,0,259,2.9
19,21,0,0,3,0,272,4.22
19,21,0,0,4,0,279,1.35
19,21,0,0,5,0,277,0.0
19,21,0,0,6,0,463,2.71
19,21,0,0,7,0,791,3.63
19,21,0,0,8,1,1468,5.73
19,21,0,0,9,1,1924,5.37
19,21,0,0,10,1,1551,8.18
19,21,0,0,11,1,748,0.06
19,21,0,0,12,0,433,3.18
19,21,0,0,13,0,267,0.0
19,21,0,0,14,0,244,2.6
19,21,0,0,15,0,392,3.52
19,21,0,0,16,0,560,2.36
19,21,0,0,17,1,1404,4.21
19,21,0,0,18,1,1904,6.03
19,21,0,0,19,1,1661,6.75
19,21,0,0,20,1,1227,6.96
19,21,0,0,21,0,721,4.99
19,21,0,0,22,0,417,0.3
19,21,0,0,23,0,289,0.0
19,22,1,0,0,0,279,3.3
19,22,1,0,1,0,220,1.73
19,22,1,0,2,0,280,2.46
19,22,1,0,3,0,254,5.13
19,22,1,0,4,0,263,0.0
19,22,1,0,5,0,299,2.83
19,22,1,0,6,0,437,2.06
19,22,1,0,7,0,729,0.44
19,22,1,0,8,1,1339,1.75
19,22,1,0,9,1,2011,8.15
19,22,1,0,10,1,1413,3.5
19,22,1,0,11,1,736,2.97
19,22,1,0,12,0,408,1.83
19,22,1,0,13,0,257,1.6
19,22,1,0,14,0,316,0.84
19,22,1,0,15,0,420,1.42
19,22,1,0,16,0,698,3.44
19,22,1,0,17,1,1241,4.02
19,22,1,0,18,1,1953,5.08
19,22,1,0,19,1,1811,5.66
19,22,1,0,20,1,1476,7.26
19,22,1,0,21,0,794,3.47
19,22,1,0,22,0,415,1.98
19,22,1,0,23,0,271,3.74
19,23,2,0,0,0,270,0.0
19,23,2,0,1,0,223,0.0
19,23,2,0,2,0,257,0.05
19,23,2,0,3,0,275,1.52
19,23,2,0,4,0,253,1.01
19,23,2,0,5,0,281,0.77
19,23,2,0,6,0,430,0.95
19,23,2,0,7,0,744,4.1
19,23,2,0,8,1,1359,7.3
19,23,2,0,9,1,1768,6.4
19,23,2,0,10,1,1343,4.91
19,23,2,0,11,1,844,2.19
19,23,2,0,12,0,442,0.11
19,23,2,0,13,0,309,1.4
19,23,2,0,14,0,276,1.68
19,23,2,0,15,0,446,3.51
19,23,2,0,16,0,741,4.37
19,23,2,0,17,1,1246,4.04
19,23,2,0,18,1,1900,7.96
19,23,2,0,19,1,1756,8.23
19,23,2,0,20,1,1294,7.1
19,23,2,0,21,0,598,1.63
19,23,2,0,22,0,425,4.18
19,23,2,0,23,0,314,0.31
19,24,3,0,0,0,281,0.0
19,24,3,0,1,0,237,0.56
19,24,3,0,2,0,265,0.0
19,24,3,0,3,0,253,3.06
19,24,3,0,4,0,234,0.0
19,24,3,0,5,0,266,4.65
19,24,3,0,6,0,431,0.44
19,24,3,0,7,0,881,0.77
19,24,3,0,8,1,1437,5.95
19,24,3,0,9,1,1951,5.64
19,24,3,0,10,1,1601,7.94
19,24,3,0,11,1,908,1.83
19,24,3,0,12,0,476,0.0
19,24,3,0,13,0,259,1.3
19,24,3,0,14,0,278,0.0
19,24,3,0,15,0,471,0.0
19,24,3,0,16,0,620,2.97
19,24,3,0,17,1,1284,2.94
19,24,3,0,18,1,2111,8.6
19,24,3,0,19,1,1716,6.86
19,24,3,0,20,1,1127,6.14
19,24,3,0,21,0,735,2.57
19,24,3,0,22,0,395,0.25
19,24,3,0,23,0,310,0.26
19,25,4,0,0,0,244,1.27
19,25,4,0,1,0,214,1.68
19,25,4,0,2,0,255,1.82
19,25,4,0,3,0,251,0.0
19,25,4,0,4,0,261,2.53
19,25,4,0,5,0,271,2.33
19,25,4,0,6,0,407,0.94
19,25,4,0,7,0,879,4.04
19,25,4,0,8,1,1293,4.87
19,25,4,0,9,1,1625,7.29
19,25,4,0,10,1,1346,5.63
19,25,4,0,11,1,855,4.21
19,25,4,0,12,0,399,1.67
19,25,4,0,13,0,271,0.45
19,25,4,0,14,0,265,1.14
19,25,4,0,15,0,411,0.38
19,25,4,0,16,0,672,5.08
19,25,4,0,17,1,1203,5.89
19,25,4,0,18,1,1943,8.2
19,25,4,0,19,1,1850,7.51
19,25,4,0,20,1,1149,6.2
19,25,4,0,21,0,694,4.02
19,25,4,0,22,0,395,2.3
19,25,4,0,23,0,290,0.46
19,26,5,1,0,0,149,0.0
19,26,5,1,1,0,154,2.27
19,26,5,1,2,0,137,0.93
19,26,5,1,3,0,138,0.0
19,26,5,1,4,0,141,0.97
19,26,5,1,5,0,172,0.39
19,26,5,1,6,0,230,2.88
19,26,5,1,7,0,469,0.0
19,26,5,1,8,1,796,4.44
19,26,5,1,9,1,1179,4.99
19,26,5,1,10,1,665,0.0
19,26,5,1,11,1,426,0.28
19,26,5,1,12,0,245,3.79
19,26,5,1,13,0,168,2.03
19,26,5,1,14,0,166,1.21
19,26,5,1,15,0,204,2.0
19,26,5,1,16,0,384,2.78
19,26,5,1,17,1,733,2.93
19,26,5,1,18,1,930,3.61
19,26,5,1,19,1,943,1.18
19,26,5,1,20,1,646,3.02
19,26,5,1,21,0,313,4.82
19,26,5,1,22,0,208,2.12
19,26,5,1,23,0,129,0.0
19,27,6,1,0,0,152,1.23
19,27,6,1,1,0,136,3.53
19,27,6,1,2,0,124,2.14
19,27,6,1,3,0,136,0.0
19,27,6,1,4,0,120,0.0
19,27,6,1,5,0,158,0.75
19,27,6,1,6,0,215,0.55
19,27,6,1,7,0,446,1.08
19,27,6,1,8,1,734,3.73
19,27,6,1,9,1,1083,4.89
19,27,6,1,10,1,826,4.44
19,27,6,1,11,1,443,0.81
19,27,6,1,12,0,193,0.0
19,27,6,1,13,0,150,0.0
19,27,6,1,14,0,160,0.35
19,27,6,1,15,0,225,0.0
19,27,6,1,16,0,347,2.39
19,27,6,1,17,1,756,1.76
19,27,6,1,18,1,960,4.25
19,27,6,1,19,1,1034,1.5
19,27,6,1,20,1,765,1.07
19,27,6,1,21,0,351,0.78
19,27,6,1,22,0,210,0.88
19,27,6,1,23,0,158,3.18
19,28,0,0,0,0,237,2.54
19,28,0,0,1,0,225,0.0
19,28,0,0,2,0,236,0.0
19,28,0,0,3,0,265,2.89
19,28,0,0,4,0,277,0.0
19,28,0,0,5,0,335,1.51
19,28,0,0,6,0,469,1.67
19,28,0,0,7,0,812,2.68
19,28,0,0,8,1,1692,8.85
19,28,0,0,9,1,1783,6.65
19,28,0,0,10,1,1538,3.36
19,28,0,0,11,1,678,1.16
19,28,0,0,12,0,430,3.31
19,28,0,0,13,0,259,3.34
19,28,0,0,14,0,274,1.74
19,28,0,0,15,0,379,1.34
19,28,0,0,16,0,824,2.49
19,28,0,0,17,1,1192,5.77
19,28,0,0,18,1,1938,5.49
19,28,0,0,19,1,1851,8.21
19,28,0,0,20,1,1469,5.27
19,28,0,0,21,0,798,3.43
19,28,0,0,22,0,386,0.43
19,28,0,0,23,0,295,0.0
19,29,1,0,0,0,233,1.84
19,29,1,0,1,0,293,0.0
19,29,1,0,2,0,241,1.4
19,29,1,0,3,0,244,0.0
19,29,1,0,4,0,241,1.7
19,29,1,0,5,0,277,1.66
19,29,1,0,6,0,372,1.99
19,29,1,0,7,0,683,3.9
19,29,1,0,8,1,1611,4.35
19,29,1,0,9,1,1710,4.62
19,29,1,0,10,1,1462,6.08
19,29,1,0,11,1,733,2.06
19,29,1,0,12,0,454,2.65
19,29,1,0,13,0,292,2.81
19,29,1,0,14,0,328,1.52
19,29,1,0,15,0,405,1.2
19,29,1,0,16,0,730,1.86
19,29,1,0,17,1,1115,5.66
19,29,1,0,18,1,1898,7.7
19,29,1,0,19,1,1816,6.22
19,29,1,0,20,1,1413,3.83
19,29,1,0,21,0,801,4.08
19,29,1,0,22,0,405,2.15
19,29,1,0,23,0,307,0.39
19,30,2,0,0,0,272,0.49
19,30,2,0,1,0,265,0.0
19,30,2,0,2,0,242,3.6
19,30,2,0,3,0,283,3.61
19,30,2,0,4,0,282,0.18
19,30,2,0,5,0,272,2.57
19,30,2,0,6,0,454,3.9
19,30,2,0,7,0,833,3.23
19,30,2,0,8,1,1591,4.07
19,30,2,0,9,1,1767,6.68
19,30,2,0,10,1,1423,7.68
19,30,2,0,11,1,861,3.63
19,30,2,0,12,0,367,0.0
19,30,2,0,13,0,306,1.61
19,30,2,0,14,0,315,0.19
19,30,2,0,15,0,397,1.34
19,30,2,0,16,0,771,6.18
19,30,2,0,17,1,1231,1.87
19,30,2,0,18,1,1868,8.09
19,30,2,0,19,1,1537,4.67
19,30,2,0,20,1,1244,6.69
19,30,2,0,21,0,661,2.24
19,30,2,0,22,0,333,2.06
19,30,2,0,23,0,256,4.28
19,31,3,0,0,0,238,2.38
19,31,3,0,1,0,266,0.0
19,31,3,0,2,0,278,0.0
19,31,3,0,3,0,255,2.08
19,31,3,0,4,0,253,0.0
19,31,3,0,5,0,320,1.09
19,31,3,0,6,0,399,0.0
19,31,3,0,7,0,827,2.99
19,31,3,0,8,1,1418,8.15
19,31,3,0,9,1,2026,8.48
19,31,3,0,10,1,1532,3.89
19,31,3,0,11,1,827,3.71
19,31,3,0,12,0,410,0.99
19,31,3,0,13,0,269,1.13
19,31,3,0,14,0,313,3.22
19,31,3,0,15,0,396,3.18
19,31,3,0,16,0,666,3.51
19,31,3,0,17,1,1278,4.09
19,31,3,0,18,1,2108,7.72
19,31,3,0,19,1,1745,6.29
19,31,3,0,20,1,1325,7.32
19,31,3,0,21,0,654,3.33
19,31,3,0,22,0,406,0.0
19,31,3,0,23,0,314,1.66
19,32,4,0,0,0,270,0.0
19,32,4,0,1,0,286,4.23
19,32,4,0,2,0,252,0.0
19,32,4,0,3,0,206,0.0
19,32,4,0,4,0,276,1.06
19,32,4,0,5,0,249,3.28
19,32,4,0,6,0,395,0.0
19,32,4,0,7,0,824,4.06
19,32,4,0,8,1,1296,4.73
19,32,4,0,9,1,2012,6.02
19,32,4,0,10,1,1493,5.5
19,32,4,0,11,1,856,1.85
19,32,4,0,12,0,426,0.27
19,32,4,0,13,0,241,0.0
19,32,4,0,14,0,282,1.48
19,32,4,0,15,0,434,2.27
19,32,4,0,16,0,810,2.94
19,32,4,0,17,1,1346,3.91
19,32,4,0,18,1,1843,6.81
19,32,4,0,19,1,1728,7.02
19,32,4,0,20,1,1143,5.07
19,32,4,0,21,0,761,1.99
19,32,4,0,22,0,401,3.48
19,32,4,0,23,0,301,1.0
19,33,5,1,0,0,145,2.82
19,33,5,1,1,0,143,1.99
19,33,5,1,2,0,149,0.74
19,33,5,1,3,0,155,0.0
19,33,5,1,4,0,147,0.0
19,33,5,1,5,0,167,0.64
19,33,5,1,6,0,247,2.14
19,33,5,1,7,0,436,2.55
19,33,5,1,8,1,827,3.0
19,33,5,1,9,1,1053,4.05
19,33,5,1,10,1,748,3.42
19,33,5,1,11,1,468,0.0
19,33,5,1,12,0,274,5.34
19,33,5,1,13,0,147,1.51
19,33,5,1,14,0,144,0.0
19,33,5,1,15,0,209,0.0
19,33,5,1,16,0,413,2.97
19,33,5,1,17,1,809,3.31
19,33,5,1,18,1,1057,4.81
19,33,5,1,19,1,1011,2.55
19,33,5,1,20,1,695,2.23
19,33,5,1,21,0,415,0.0
19,33,5,1,22,0,236,0.54
19,33,5,1,23,0,148,1.11
19,34,6,1,0,0,140,0.8
19,34,6,1,1,0,155,0.0
19,34,6,1,2,0,125,0.0
19,34,6,1,3,0,156,1.81
19,34,6,1,4,0,141,1.47
19,34,6,1,5,0,166,1.44
19,34,6,1,6,0,249,1.26
19,34,6,1,7,0,469,2.62
19,34,6,1,8,1,772,2.89
19,34,6,1,9,1,1025,2.64
19,34,6,1,10,1,752,2.62
19,34,6,1,11,1,453,1.78
19,34,6,1,12,0,229,1.12
19,34,6,1,13,0,155,0.0
19,34,6,1,14,0,158,1.59
19,34,6,1,15,0,232,0.0
19,34,6,1,16,0,364,2.87
19,34,6,1,17,1,693,0.02
19,34,6,1,18,1,1085,5.85
19,34,6,1,19,1,895,1.82
19,34,6,1,20,1,878,2.14
19,34,6,1,21,0,434,4.05
19,34,6,1,22,0,192,0.0
19,34,6,1,23,0,169,0.0
19,35,0,0,0,0,234,0.64
19,35,0,0,1,0,253,2.65
19,35,0,0,2,0,267,1.38
19,35,0,0,3,0,253,0.0
19,35,0,0,4,0,284,1.34
19,35,0,0,5,0,299,1.53
19,35,0,0,6,0,421,1.84
19,35,0,0,7,0,821,3.07
19,35,0,0,8,1,1382,6.33
19,35,0,0,9,1,1953,8.17
19,35,0,0,10,1,1638,5.86
19,35,0,0,11,1,962,4.51
19,35,0,0,12,0,325,4.17
19,35,0,0,13,0,266,1.38
19,35,0,0,14,0,298,1.3
19,35,0,0,15,0,392,0.61
19,35,0,0,16,0,690,4.54
19,35,0,0,17,1,1184,4.82
19,35,0,0,18,1,1900,6.02
19,35,0,0,19,1,1865,9.03
19,35,0,0,20,1,1326,6.99
19,35,0,0,21,0,718,1.6
19,35,0,0,22,0,391,0.0
19,35,0,0,23,0,338,1.34
19,36,1,0,0,0,217,0.0
19,36,1,0,1,0,251,0.0
19,36,1,0,2,0,229,0.4
19,36,1,0,3,0,267,2.49
19,36,1,0,4,0,282,0.24
19,36,1,0,5,0,223,3.56
19,36,1,0,6,0,410,0.98
19,36,1,0,7,0,902,3.14
19,36,1,0,8,1,1509,6.41
19,36,1,0,9,1,1614,4.83
19,36,1,0,10,1,1426,5.68
19,36,1,0,11,1,780,2.17
19,36,1,0,12,0,415,0.6
19,36,1,0,13,0,308,1.69
19,36,1,0,14,0,275,1.98
19,36,1,0,15,0,438,2.02
19,36,1,0,16,0,637,4.91
19,36,1,0,17,1,1462,7.71
19,36,1,0,18,1,1889,8.32
19,36,1,0,19,1,1818,7.42
19,36,1,0,20,1,1169,2.96
19,36,1,0,21,0,669,0.0
19,36,1,0,22,0,356,1.42
19,36,1,0,23,0,233,0.0
19,37,2,0,0,0,251,0.0
19,37,2,0,1,0,249,1.42
19,37,2,0,2,0,275,0.0
19,37,2,0,3,0,249,0.0
19,37,2,0,4,0,271,0.0
19,37,2,0,5,0,291,0.69
19,37,2,0,6,0,492,4.71
19,37,2,0,7,0,862,4.09
19,37,2,0,8,1,1481,5.23
19,37,2,0,9,1,1681,5.31
19,37,2,0,10,1,1378,6.14
19,37,2,0,11,1,805,0.15
19,37,2,0,12,0,504,1.77
19,37,2,0,13,0,337,0.74
19,37,2,0,14,0,281,2.52
19,37,2,0,15,0,386,2.15
19,37,2,0,16,0,701,2.09
19,37,2,0,17,1,1448,3.98
19,37,2,0,18,1,1724,9.63
19,37,2,0,19,1,1750,4.79
19,37,2,0,20,1,1353,5.36
19,37,2,0,21,0,746,3.08
19,37,2,0,22,0,360,1.8
19,37,2,0,23,0,313,0.5
19,38,3,0,0,0,237,0.69
19,38,3,0,1,0,251,0.52
19,38,3,0,2,0,281,1.49
19,38,3,0,3,0,290,1.5
19,38,3,0,4,0,266,4.33
19,38,3,0,5,0,291,0.78
19,38,3,0,6,0,386,0.26
19,38,3,0,7,0,793,2.8
19,38,3,0,8,1,1212,4.82
19,38,3,0,9,1,1400,7.52
19,38,3,0,10,1,1232,5.21
19,38,3,0,11,1,830,5.33
19,38,3,0,12,0,422,1.54
19,38,3,0,13,0,295,0.39
19,38,3,0,14,0,275,1.42
19,38,3,0,15,0,386,2.51
19,38,3,0,16,0,669,4.1
19,38,3,0,17,1,1338,5.39
19,38,3,0,18,1,1576,7.56
19,38,3,0,19,1,2080,7.62
19,38,3,0,20,1,1378,5.34
19,38,3,0,21,0,657,1.48
19,38,3,0,22,0,392,2.25
19,38,3,0,23,0,251,0.0
19,39,4,0,0,0,256,0.0
19,39,4,0,1,0,264,3.64
19,39,4,0,2,0,253,2.11
19,39,4,0,3,0,230,0.0
19,39,4,0,4,0,279,0.0
19,39,4,0,5,0,268,2.79
19,39,4,0,6,0,397,0.0
19,39,4,0,7,0,784,5.75
19,39,4,0,8,1,1619,6.36
19,39,4,0,9,1,1758,10.57
19,39,4,0,10,1,1343,4.41
19,39,4,0,11,1,890,2.26
19,39,4,0,12,0,430,0.0
19,39,4,0,13,0,322,0.64
19,39,4,0,14,0,272,0.0
19,39,4,0,15,0,359,0.91
19,39,4,0,16,0,584,0.7
19,39,4,0,17,1,1291,5.3
19,39,4,0,18,1,1788,6.01
19,39,4,0,19,1,2016,9.37
19,39,4,0,20,1,1279,4.94
19,39,4,0,21,0,693,1.81
19,39,4,0,22,0,390,2.98
19,39,4,0,23,0,274,3.02
19,40,5,1,0,0,133,2.77
19,40,5,1,1,0,137,1.57
19,40,5,1,2,0,166,4.29
19,40,5,1,3,0,125,2.05
19,40,5,1,4,0,131,1.09
19,40,5,1,5,0,162,1.94
19,40,5,1,6,0,206,0.0
19,40,5,1,7,0,421,2.56
19,40,5,1,8,1,814,3.87
19,40,5,1,9,1,892,3.82
19,40,5,1,10,1,756,2.1
19,40,5,1,11,1,446,0.0
19,40,5,1,12,0,239,0.0
19,40,5,1,13,0,153,1.72
19,40,5,1,14,0,138,0.0
19,40,5,1,15,0,235,0.0
19,40,5,1,16,0,426,2.36
19,40,5,1,17,1,633,2.79
19,40,5,1,18,1,1024,2.0
19,40,5,1,19,1,993,5.23
19,40,5,1,20,1,704,3.04
19,40,5,1,21,0,391,3.1
19,40,5,1,22,0,216,0.0
19,40,5,1,23,0,153,0.0
19,41,6,1,0,0,106,0.0
19,41,6,1,1,0,157,2.16
19,41,6,1,2,0,122,0.0
19,41,6,1,3,0,133,0.25
19,41,6,1,4,0,130,0.0
19,41,6,1,5,0,169,0.0
19,41,6,1,6,0,240,2.1
19,41,6,1,7,0,538,1.12
19,41,6,1,8,1,727,0.33
19,41,6,1,9,1,1037,4.79
19,41,6,1,10,1,792,3.65
19,41,6,1,11,1,454,1.2
19,41,6,1,12,0,223,0.75
19,41,6,1,13,0,189,2.12
19,41,6,1,14,0,143,1.17
19,41,6,1,15,0,217,3.58
19,41,6,1,16,0,436,1.59
19,41,6,1,17,1,707,1.12
19,41,6,1,18,1,1040,5.88
19,41,6,1,19,1,998,4.39
19,41,6,1,20,1,690,4.08
19,41,6,1,21,0,353,0.0
19,41,6,1,22,0,233,0.0
19,41,6,1,23,0,148,0.17
19,42,0,0,0,0,265,1.29
19,42,0,0,1,0,192,1.64
19,42,0,0,2,0,251,2.6
19,42,0,0,3,0,236,3.31
19,42,0,0,4,0,234,0.24
19,42,0,0,5,0,312,4.63
19,42,0,0,6,0,378,5.25
19,42,0,0,7,0,664,3.79
19,42,0,0,8,1,1656,5.08
19,42,0,0,9,1,1968,7.11
19,42,0,0,10,1,1365,3.43
19,42,0,0,11,1,815,3.47
19,42,0,0,12,0,378,3.65
19,42,0,0,13,0,273,1.03
19,42,0,0,14,0,292,5.66
19,42,0,0,15,0,436,2.97
19,42,0,0,16,0,695,3.34
19,42,0,0,17,1,1339,5.31
19,42,0,0,18,1,1936,12.44
19,42,0,0,19,1,1638,7.17
19,42,0,0,20,1,1330,4.96
19,42,0,0,21,0,681,1.64
19,42,0,0,22,0,466,2.1
19,42,0,0,23,0,307,0.81
19,43,1,0,0,0,264,1.83
19,43,1,0,1,0,251,1.4
19,43,1,0,2,0,282,0.0
19,43,1,0,3,0,260,1.9
19,43,1,0,4,0,275,2.54
19,43,1,0,5,0,300,2.99
19,43,1,0,6,0,404,3.8
19,43,1,0,7,0,829,4.63
19,43,1,0,8,1,1300,6.19
19,43,1,0,9,1,1814,6.81
19,43,1,0,10,1,1602,6.74
19,43,1,0,11,1,834,1.19
19,43,1,0,12,0,395,1.86
19,43,1,0,13,0,272,3.27
19,43,1,0,14,0,280,0.0
19,43,1,0,15,0,360,1.24
19,43,1,0,16,0,769,1.67
19,43,1,0,17,1,1181,3.86
19,43,1,0,18,1,1788,5.57
19,43,1,0,19,1,1815,9.59
19,43,1,0,20,1,1288,4.54
19,43,1,0,21,0,785,1.41
19,43,1,0,22,0,412,1.69
19,43,1,0,23,0,322,3.17
19,44,2,0,0,0,215,1.17
19,44,2,0,1,0,226,2.61
19,44,2,0,2,0,236,2.12
19,44,2,0,3,0,279,0.0
19,44,2,0,4,0,289,2.84
19,44,2,0,5,0,260,2.78
19,44,2,0,6,0,377,2.87
19,44,2,0,7,0,815,1.13
19,44,2,0,8,1,1623,8.7
19,44,2,0,9,1,1819,7.31
19,44,2,0,10,1,1405,6.45
19,44,2,0,11,1,847,5.68
19,44,2,0,12,0,425,3.8
19,44,2,0,13,0,245,2.2
19,44,2,0,14,0,291,1.7
19,44,2,0,15,0,453,3.47
19,44,2,0,16,0,700,1.52
19,44,2,0,17,1,1092,5.04
19,44,2,0,18,1,1975,9.8
19,44,2,0,19,1,1740,8.84
19,44,2,0,20,1,1420,7.13
19,44,2,0,21,0,723,2.82
19,44,2,0,22,0,412,2.67
19,44,2,0,23,0,273,0.55
19,45,3,0,0,0,261,0.12
19,45,3,0,1,0,245,0.0
19,45,3,0,2,0,235,2.06
19,45,3,0,3,0,276,1.05
19,45,3,0,4,0,275,0.0
19,45,3,0,5,0,293,0.0
19,45,3,0,6,0,389,2.53
19,45,3,0,7,0,874,0.64
19,45,3,0,8,1,1258,4.03
19,45,3,0,9,1,1535,5.52
19,45,3,0,10,1,1552,3.88
19,45,3,0,11,1,953,3.42
19,45,3,0,12,0,430,0.18
19,45,3,0,13,0,311,1.59
19,45,3,0,14,0,293,1.75
19,45,3,0,15,0,355,2.04
19,45,3,0,16,0,761,0.75
19,45,3,0,17,1,1262,4.59
19,45,3,0,18,1,1804,8.3
19,45,3,0,19,1,1916,7.51
19,45,3,0,20,1,1388,3.49
19,45,3,0,21,0,735,0.0
19,45,3,0,22,0,380,2.24
19,45,3,0,23,0,300,1.64
19,46,4,0,0,0,288,1.31
19,46,4,0,1,0,221,0.0
19,46,4,0,2,0,235,0.0
19,46,4,0,3,0,256,0.2
19,46,4,0,4,0,239,0.08
19,46,4,0,5,0,276,0.0
19,46,4,0,6,0,419,3.1
19,46,4,0,7,0,778,3.24
19,46,4,0,8,1,1692,7.14
19,46,4,0,9,1,1948,7.08
19,46,4,0,10,1,1588,5.15
19,46,4,0,11,1,860,5.06
19,46,4,0,12,0,469,2.06
19,46,4,0,13,0,281,0.0
19,46,4,0,14,0,285,2.35
19,46,4,0,15,0,418,1.64
19,46,4,0,16,0,741,5.47
19,46,4,0,17,1,1360,5.09
19,46,4,0,18,1,1797,8.2
19,46,4,0,19,1,1883,10.92
19,46,4,0,20,1,1460,4.3
19,46,4,0,21,0,683,4.65
19,46,4,0,22,0,371,1.74
19,46,4,0,23,0,321,1.75
19,47,5,1,0,0,151,0.94
19,47,5,1,1,0,140,0.0
19,47,5,1,2,0,143,0.0
19,47,5,1,3,0,156,0.0
19,47,5,1,4,0,136,2.63
19,47,5,1,5,0,180,2.45
19,47,5,1,6,0,242,0.0
19,47,5,1,7,0,413,3.05
19,47,5,1,8,1,716,2.51
19,47,5,1,9,1,961,4.47
19,47,5,1,10,1,841,0.0
19,47,5,1,11,1,461,0.82
19,47,5,1,12,0,240,0.0
19,47,5,1,13,0,171,0.0
19,47,5,1,14,0,153,3.06
19,47,5,1,15,0,215,2.34
19,47,5,1,16,0,395,4.08
19,47,5,1,17,1,728,3.69
19,47,5,1,18,1,1003,3.57
19,47,5,1,19,1,1058,3.11
19,47,5,1,20,1,750,4.44
19,47,5,1,21,0,413,0.24
19,47,5,1,22,0,225,2.47
19,47,5,1,23,0,140,0.0
19,48,6,1,0,0,150,0.0
19,48,6,1,1,0,149,3.16
19,48,6,1,2,0,124,0.0
19,48,6,1,3,0,149,2.56
19,48,6,1,4,0,161,1.85
19,48,6,1,5,0,154,0.76
19,48,6,1,6,0,236,3.47
19,48,6,1,7,0,462,0.81
19,48,6,1,8,1,813,0.91
19,48,6,1,9,1,941,3.3
19,48,6,1,10,1,773,0.71
19,48,6,1,11,1,408,1.6
19,48,6,1,12,0,245,0.35
19,48,6,1,13,0,159,1.95
19,48,6,1,14,0,191,0.29
19,48,6,1,15,0,203,2.0
19,48,6,1,16,0,423,0.0
19,48,6,1,17,1,645,0.53
19,48,6,1,18,1,932,5.02
19,48,6,1,19,1,1017,4.32
19,48,6,1,20,1,653,1.02
19,48,6,1,21,0,398,1.52
19,48,6,1,22,0,226,2.99
19,48,6,1,23,0,142,0.34
19,49,0,0,0,0,258,1.32
19,49,0,0,1,0,257,0.97
19,49,0,0,2,0,259,1.81
19,49,0,0,3,0,241,1.67
19,49,0,0,4,0,269,1.43
19,49,0,0,5,0,319,1.6
19,49,0,0,6,0,430,0.25
19,49,0,0,7,0,889,6.43
19,49,0,0,8,1,1470,2.78
19,49,0,0,9,1,1946,9.84
19,49,0,0,10,1,1477,5.13
19,49,0,0,11,1,904,5.41
19,49,0,0,12,0,426,3.41
19,49,0,0,13,0,271,3.02
19,49,0,0,14,0,293,0.71
19,49,0,0,15,0,399,2.81
19,49,0,0,16,0,738,5.71
19,49,0,0,17,1,1415,3.9
19,49,0,0,18,1,1931,9.23
19,49,0,0,19,1,1886,6.12
19,49,0,0,20,1,1405,6.01
19,49,0,0,21,0,662,3.18
19,49,0,0,22,0,431,0.46
19,49,0,0,23,0,265,2.15
19,50,1,0,0,0,263,2.28
19,50,1,0,1,0,257,4.79
19,50,1,0,2,0,248,2.0
19,50,1,0,3,0,246,0.0
19,50,1,0,4,0,256,0.61
19,50,1,0,5,0,324,1.96
19,50,1,0,6,0,392,1.67
19,50,1,0,7,0,762,2.68
19,50,1,0,8,1,1573,7.01
19,50,1,0,9,1,1556,5.04
19,50,1,0,10,1,1356,4.4
19,50,1,0,11,1,840,4.93
19,50,1,0,12,0,407,0.69
19,50,1,0,13,0,307,1.7
19,50,1,0,14,0,275,0.52
19,50,1,0,15,0,386,3.21
19,50,1,0,16,0,746,5.74
19,50,1,0,17,1,1346,4.05
19,50,1,0,18,1,1558,5.3
19,50,1,0,19,1,1563,5.09
19,50,1,0,20,1,1291,3.21
19,50,1,0,21,0,765,2.3
19,50,1,0,22,0,421,0.27
19,50,1,0,23,0,300,0.44
19,51,2,0,0,0,251,0.05
19,51,2,0,1,0,252,1.87
19,51,2,0,2,0,227,4.24
19,51,2,0,3,0,301,0.45
19,51,2,0,4,0,279,0.0
19,51,2,0,5,0,246,3.88
19,51,2,0,6,0,444,2.01
19,51,2,0,7,0,870,2.48
19,51,2,0,8,1,1464,6.22
19,51,2,0,9,1,1585,8.08
19,51,2,0,10,1,1400,3.84
19,51,2,0,11,1,932,5.59
19,51,2,0,12,0,411,0.0
19,51,2,0,13,0,300,1.32
19,51,2,0,14,0,337,3.37
19,51,2,0,15,0,381,3.73
19,51,2,0,16,0,799,0.59
19,51,2,0,17,1,1351,7.24
19,51,2,0,18,1,1740,5.12
19,51,2,0,19,1,2232,11.33
19,51,2,0,20,1,1320,2.13
19,51,2,0,21,0,699,5.81
19,51,2,0,22,0,439,1.42
19,51,2,0,23,0,273,3.36
19,52,3,0,0,0,252,0.9
19,52,3,0,1,0,265,2.03
19,52,3,0,2,0,234,1.95
19,52,3,0,3,0,236,2.97
19,52,3,0,4,0,253,1.53
19,52,3,0,5,0,220,2.22
19,52,3,0,6,0,452,1.11
19,52,3,0,7,0,734,0.91
19,52,3,0,8,1,1459,4.25
19,52,3,0,9,1,1790,7.42
19,52,3,0,10,1,1485,8.18
19,52,3,0,11,1,910,3.96
19,52,3,0,12,0,442,2.45
19,52,3,0,13,0,323,1.6
19,52,3,0,14,0,309,4.65
19,52,3,0,15,0,411,1.03
19,52,3,0,16,0,699,1.8
19,52,3,0,17,1,1375,6.15
19,52,3,0,18,1,1757,9.45
19,52,3,0,19,1,1752,7.26
19,52,3,0,20,1,1216,4.81
19,52,3,0,21,0,678,2.67
19,52,3,0,22,0,365,0.8
19,52,3,0,23,0,269,0.19
19,53,4,0,0,0,238,0.54
19,53,4,0,1,0,205,1.92
19,53,4,0,2,0,262,1.58
19,53,4,0,3,0,253,2.97
19,53,4,0,4,0,245,0.0
19,53,4,0,5,0,291,4.08
19,53,4,0,6,0,467,3.3
19,53,4,0,7,0,972,3.33
19,53,4,0,8,1,1403,5.27
19,53,4,0,9,1,1438,7.99
19,53,4,0,10,1,1455,4.91
19,53,4,0,11,1,809,1.84
19,53,4,0,12,0,420,0.93
19,53,4,0,13,0,277,0.0
19,53,4,0,14,0,288,0.4
19,53,4,0,15,0,439,2.57
19,53,4,0,16,0,645,3.5
19,53,4,0,17,1,1325,5.41
19,53,4,0,18,1,1775,8.86
19,53,4,0,19,1,1639,6.45
19,53,4,0,20,1,1116,5.26
19,53,4,0,21,0,716,1.39
19,53,4,0,22,0,401,3.65
19,53,4,0,23,0,286,0.0
19,54,5,1,0,0,140,1.0
19,54,5,1,1,0,133,3.86
19,54,5,1,2,0,124,0.0
19,54,5,1,3,0,130,0.0
19,54,5,1,4,0,153,2.2
19,54,5,1,5,0,136,0.0
19,54,5,1,6,0,207,0.79
19,54,5,1,7,0,468,4.12
19,54,5,1,8,1,825,2.79
19,54,5,1,9,1,955,3.97
19,54,5,1,10,1,808,3.05
19,54,5,1,11,1,455,1.78
19,54,5,1,12,0,203,1.03
19,54,5,1,13,0,147,0.9
19,54,5,1,14,0,164,2.42
19,54,5,1,15,0,217,0.0
19,54,5,1,16,0,423,1.79
19,54,5,1,17,1,820,1.15
19,54,5,1,18,1,943,2.7
19,54,5,1,19,1,1135,5.22
19,54,5,1,20,1,603,0.0
19,54,5,1,21,0,423,0.11
19,54,5,1,22,0,217,0.56
19,54,5,1,23,0,181,0.37
19,55,6,1,0,0,136,1.39
19,55,6,1,1,0,153,0.8
19,55,6,1,2,0,114,1.67
19,55,6,1,3,0,125,0.0
19,55,6,1,4,0,136,0.73
19,55,6,1,5,0,174,0.0
19,55,6,1,6,0,232,3.14
19,55,6,1,7,0,447,2.94
19,55,6,1,8,1,842,2.51
19,55,6,1,9,1,1033,4.31
19,55,6,1,10,1,778,5.51
19,55,6,1,11,1,445,4.05
19,55,6,1,12,0,223,0.7
19,55,6,1,13,0,155,2.19
19,55,6,1,14,0,147,1.28
19,55,6,1,15,0,224,1.5
19,55,6,1,16,0,461,1.53
19,55,6,1,17,1,864,5.14
19,55,6,1,18,1,874,1.79
19,55,6,1,19,1,1070,3.16
19,55,6,1,20,1,723,1.85
19,55,6,1,21,0,381,1.14
19,55,6,1,22,0,234,0.6
19,55,6,1,23,0,174,0.0
19,56,0,0,0,0,272,1.41
19,56,0,0,1,0,230,0.04
19,56,0,0,2,0,253,2.87
19,56,0,0,3,0,253,4.11
19,56,0,0,4,0,252,1.16
19,56,0,0,5,0,314,0.0
19,56,0,0,6,0,458,0.86
19,56,0,0,7,0,805,3.6
19,56,0,0,8,1,1358,9.42
19,56,0,0,9,1,1824,7.5
19,56,0,0,10,1,1383,3.52
19,56,0,0,11,1,895,3.17
19,56,0,0,12,0,429,0.25
19,56,0,0,13,0,306,0.75
19,56,0,0,14,0,249,0.56
19,56,0,0,15,0,420,2.56
19,56,0,0,16,0,742,2.92
19,56,0,0,17,1,1293,4.34
19,56,0,0,18,1,1965,7.78
19,56,0,0,19,1,1722,9.57
19,56,0,0,20,1,1417,5.81
19,56,0,0,21,0,700,2.32
19,56,0,0,22,0,365,2.89
19,56,0,0,23,0,326,2.16
19,57,1,0,0,0,287,2.44
19,57,1,0,1,0,225,3.1
19,57,1,0,2,0,251,1.33
19,57,1,0,3,0,237,0.0
19,57,1,0,4,0,246,1.4
19,57,1,0,5,0,287,2.34
19,57,1,0,6,0,427,1.94
19,57,1,0,7,0,785,6.18
19,57,1,0,8,1,1681,7.13
19,57,1,0,9,1,1593,6.93
19,57,1,0,10,1,1305,3.12
19,57,1,0,11,1,886,2.26
19,57,1,0,12,0,401,2.98
19,57,1,0,13,0,298,2.24
19,57,1,0,14,0,328,0.51
19,57,1,0,15,0,406,3.88
19,57,1,0,16,0,667,2.47
19,57,1,0,17,1,1378,3.66
19,57,1,0,18,1,1831,6.89
19,57,1,0,19,1,1667,8.47
19,57,1,0,20,1,1384,6.34
19,57,1,0,21,0,761,2.44
19,57,1,0,22,0,397,0.36
19,57,1,0,23,0,301,0.0
19,58,2,0,0,0,245,0.0
19,58,2,0,1,0,260,0.65
19,58,2,0,2,0,264,0.06
19,58,2,0,3,0,240,1.62
19,58,2,0,4,0,256,5.29
19,58,2,0,5,0,298,1.4
19,58,2,0,6,0,461,3.35
19,58,2,0,7,0,833,7.9
19,58,2,0,8,1,1586,4.67
19,58,2,0,9,1,1744,4.29
19,58,2,0,10,1,1282,9.6
19,58,2,0,11,1,909,1.11
19,58,2,0,12,0,418,1.14
19,58,2,0,13,0,349,0.0
19,58,2,0,14,0,272,0.15
19,58,2,0,15,0,373,1.88
19,58,2,0,16,0,771,2.3
19,58,2,0,17,1,1281,3.69
19,58,2,0,18,1,1672,7.3
19,58,2,0,19,1,1881,4.76
19,58,2,0,20,1,1214,4.37
19,58,2,0,21,0,698,2.4
19,58,2,0,22,0,316,2.87
19,58,2,0,23,0,282,5.34
19,59,3,0,0,0,268,1.65
19,59,3,0,1,0,238,0.08
19,59,3,0,2,0,272,0.67
19,59,3,0,3,0,241,3.8
19,59,3,0,4,0,266,2.26
19,59,3,0,5,0,277,2.94
19,59,3,0,6,0,400,3.39
19,59,3,0,7,0,791,5.62
19,59,3,0,8,1,1604,5.79
19,59,3,0,9,1,2118,8.69
19,59,3,0,10,1,1652,4.93
19,59,3,0,11,1,867,4.07
19,59,3,0,12,0,405,3.07
19,59,3,0,13,0,318,2.08
19,59,3,0,14,0,296,1.59
19,59,3,0,15,0,412,2.85
19,59,3,0,16,0,763,3.97
19,59,3,0,17,1,1244,6.49
19,59,3,0,18,1,1881,8.11
19,59,3,0,19,1,1766,8.55
19,59,3,0,20,1,1079,4.23
19,59,3,0,21,0,698,2.08
19,59,3,0,22,0,387,0.0
19,59,3,0,23,0,276,0.0
20,0,0,0,0,0,268,2.92
20,0,0,0,1,0,231,1.78
20,0,0,0,2,0,217,0.0
20,0,0,0,3,0,245,1.74
20,0,0,0,4,0,277,0.86
20,0,0,0,5,0,273,1.24
20,0,0,0,6,0,453,3.83
20,0,0,0,7,0,804,4.41
20,0,0,0,8,1,1418,7.28
20,0,0,0,9,1,1819,6.82
20,0,0,0,10,1,1390,5.8
20,0,0,0,11,1,789,2.39
20,0,0,0,12,0,408,0.87
20,0,0,0,13,0,260,0.86
20,0,0,0,14,0,278,2.95
20,0,0,0,15,0,397,3.25
20,0,0,0,16,0,781,2.25
20,0,0,0,17,1,1295,6.31
20,0,0,0,18,1,1743,8.31
20,0,0,0,19,1,1720,7.89
20,0,0,0,20,1,1086,4.35
20,0,0,0,21,0,723,4.43
20,0,0,0,22,0,350,1.28
20,0,0,0,23,0,247,0.41
20,1,1,0,0,0,249,2.55
20,1,1,0,1,0,260,1.37
20,1,1,0,2,0,230,0.71
20,1,1,0,3,0,292,0.0
20,1,1,0,4,0,222,1.15
20,1,1,0,5,0,285,2.44
20,1,1,0,6,0,406,0.0
20,1,1,0,7,0,766,0.42
20,1,1,0,8,1,1423,6.38
20,1,1,0,9,1,1685,4.97
20,1,1,0,10,1,1289,2.72
20,1,1,0,11,1,776,7.86
20,1,1,0,12,0,394,0.95
20,1,1,0,13,0,278,0.0
20,1,1,0,14,0,248,0.06
20,1,1,0,15,0,402,2.11
20,1,1,0,16,0,675,3.82
20,1,1,0,17,1,1392,6.67
20,1,1,0,18,1,1569,3.45
20,1,1,0,19,1,1470,7.18
20,1,1,0,20,1,1151,5.83
20,1,1,0,21,0,659,3.22
20,1,1,0,22,0,397,0.41
20,1,1,0,23,0,287,0.16
20,2,2,0,0,0,229,2.15
20,2,2,0,1,0,255,1.71
20,2,2,0,2,0,221,0.31
20,2,2,0,3,0,256,4.45
20,2,2,0,4,0,281,0.42
20,2,2,0,5,0,255,3.61
20,2,2,0,6,0,416,0.96
20,2,2,0,7,0,787,1.27
20,2,2,0,8,1,1491,8.06
20,2,2,0,9,1,1912,9.34
20,2,2,0,10,1,1344,6.72
20,2,2,0,11,1,871,4.9
20,2,2,0,12,0,424,1.98
20,2,2,0,13,0,253,3.79
20,2,2,0,14,0,272,2.91
20,2,2,0,15,0,450,3.16
20,2,2,0,16,0,748,1.59
20,2,2,0,17,1,1154,6.51
20,2,2,0,18,1,1633,4.52
20,2,2,0,19,1,1481,5.6
20,2,2,0,20,1,1202,6.3
20,2,2,0,21,0,630,4.59
20,2,2,0,22,0,339,0.0
20,2,2,0,23,0,273,1.17
20,3,3,0,0,0,254,0.0
20,3,3,0,1,0,250,0.0
20,3,3,0,2,0,200,3.54
20,3,3,0,3,0,263,1.05
20,3,3,0,4,0,206,0.14
20,3,3,0,5,0,279,0.43
20,3,3,0,6,0,446,2.73
20,3,3,0,7,0,722,0.49
20,3,3,0,8,1,1476,7.17
20,3,3,0,9,1,1805,9.75
20,3,3,0,10,1,1430,5.86
20,3,3,0,11,1,827,5.16
20,3,3,0,12,0,419,1.72
20,3,3,0,13,0,294,1.32
20,3,3,0,14,0,262,1.23
20,3,3,0,15,0,366,1.34
20,3,3,0,16,0,638,4.05
20,3,3,0,17,1,1246,6.05
20,3,3,0,18,1,1774,5.74
20,3,3,0,19,1,1889,7.22
20,3,3,0,20,1,1189,5.08
20,3,3,0,21,0,697,6.69
20,3,3,0,22,0,394,0.85
20,3,3,0,23,0,311,0.0
20,4,4,0,0,0,233,0.1
20,4,4,0,1,0,243,1.49
20,4,4,0,2,0,251,1.63
20,4,4,0,3,0,255,0.93
20,4,4,0,4,0,271,0.0
20,4,4,0,5,0,214,1.97
20,4,4,0,6,0,386,4.12
20,4,4,0,7,0,845,4.26
20,4,4,0,8,1,1325,6.31
20,4,4,0,9,1,1648,6.68
20,4,4,0,10,1,1343,5.76
20,4,4,0,11,1,764,4.56
20,4,4,0,12,0,411,0.88
20,4,4,0,13,0,263,0.0
20,4,4,0,14,0,230,2.32
20,4,4,0,15,0,365,0.0
20,4,4,0,16,0,708,1.75
20,4,4,0,17,1,1218,2.93
20,4,4,0,18,1,1797,7.32
20,4,4,0,19,1,1776,6.46
20,4,4,0,20,1,1249,2.81
20,4,4,0,21,0,809,3.86
20,4,4,0,22,0,427,1.31
20,4,4,0,23,0,247,0.25
20,5,5,1,0,0,133,0.36
20,5,5,1,1,0,153,0.0
20,5,5,1,2,0,127,1.58
20,5,5,1,3,0,116,0.4
20,5,5,1,4,0,136,1.19
20,5,5,1,5,0,152,3.59
20,5,5,1,6,0,202,0.0
20,5,5,1,7,0,449,2.14
20,5,5,1,8,1,780,1.01
20,5,5,1,9,1,1099,5.07
20,5,5,1,10,1,662,3.56
20,5,5,1,11,1,391,2.96
20,5,5,1,12,0,195,2.29
20,5,5,1,13,0,135,0.0
20,5,5,1,14,0,151,0.0
20,5,5,1,15,0,197,0.0
20,5,5,1,16,0,366,2.79
20,5,5,1,17,1,775,4.34
20,5,5,1,18,1,991,1.43
20,5,5,1,19,1,937,2.77
20,5,5,1,20,1,592,0.46
20,5,5,1,21,0,396,0.75
20,5,5,1,22,0,182,0.0
20,5,5,1,23,0,151,0.0
20,6,6,1,0,0,120,0.0
20,6,6,1,1,0,143,0.0
20,6,6,1,2,0,130,0.35
20,6,6,1,3,0,125,0.0
20,6,6,1,4,0,145,2.05
20,6,6,1,5,0,149,0.0
20,6,6,1,6,0,220,1.49
20,6,6,1,7,0,425,2.35
20,6,6,1,8,1,737,0.0
20,6,6,1,9,1,921,4.71
20,6,6,1,10,1,760,3.56
20,6,6,1,11,1,419,1.39
20,6,6,1,12,0,221,3.8
20,6,6,1,13,0,160,1.7
20,6,6,1,14,0,152,0.0
20,6,6,1,15,0,227,2.27
20,6,6,1,16,0,387,1.48
20,6,6,1,17,1,703,2.47
20,6,6,1,18,1,994,2.72
20,6,6,1,19,1,796,1.38
20,6,6,1,20,1,681,2.27
20,6,6,1,21,0,372,0.0
20,6,6,1,22,0,211,0.0
20,6,6,1,23,0,154,0.0
20,7,0,0,0,0,226,0.0
20,7,0,0,1,0,254,0.32
20,7,0,0,2,0,251,2.71
20,7,0,0,3,0,278,1.46
20,7,0,0,4,0,224,2.77
20,7,0,0,5,0,302,1.12
20,7,0,0,6,0,438,2.25
20,7,0,0,7,0,676,1.76
20,7,0,0,8,1,1323,4.75
20,7,0,0,9,1,1575,4.85
20,7,0,0,10,1,1528,3.51
20,7,0,0,11,1,734,3.87
20,7,0,0,12,0,379,2.12
20,7,0,0,13,0,264,1.71
20,7,0,0,14,0,250,0.0
20,7,0,0,15,0,364,0.0
20,7,0,0,16,0,680,1.01
20,7,0,0,17,1,1115,6.67
20,7,0,0,18,1,1745,4.68
20,7,0,0,19,1,1701,6.59
20,7,0,0,20,1,1022,4.61
20,7,0,0,21,0,736,2.31
20,7,0,0,22,0,367,0.63
20,7,0,0,23,0,278,0.74
20,8,1,0,0,0,239,0.0
20,8,1,0,1,0,282,0.74
20,8,1,0,2,0,256,1.42
20,8,1,0,3,0,193,0.22
20,8,1,0,4,0,223,2.36
20,8,1,0,5,0,242,1.71
20,8,1,0,6,0,428,2.13
20,8,1,0,7,0,780,2.53
20,8,1,0,8,1,1366,3.45
20,8,1,0,9,1,1726,8.48
20,8,1,0,10,1,1283,5.16
20,8,1,0,11,1,773,3.56
20,8,1,0,12,0,380,0.0
20,8,1,0,13,0,249,0.0
20,8,1,0,14,0,289,1.75
20,8,1,0,15,0,375,0.45
20,8,1,0,16,0,675,2.66
20,8,1,0,17,1,1174,3.97
20,8,1,0,18,1,1887,5.67
20,8,1,0,19,1,1844,4.95
20,8,1,0,20,1,1383,1.95
20,8,1,0,21,0,710,1.85
20,8,1,0,22,0,371,1.28
20,8,1,0,23,0,283,0.0
20,9,2,0,0,0,242,1.25
20,9,2,0,1,0,230,0.75
20,9,2,0,2,0,230,1.75
20,9,2,0,3,0,250,1.33
20,9,2,0,4,0,259,2.91
20,9,2,0,5,0,248,4.33
20,9,2,0,6,0,409,0.88
20,9,2,0,7,0,923,3.07
20,9,2,0,8,1,1246,4.22
20,9,2,0,9,1,1626,8.13
20,9,2,0,10,1,1367,5.62
20,9,2,0,11,1,784,4.89
20,9,2,0,12,0,387,1.24
20,9,2,0,13,0,258,0.4
20,9,2,0,14,0,284,2.23
20,9,2,0,15,0,427,1.55
20,9,2,0,16,0,670,3.28
20,9,2,0,17,1,1179,3.75
20,9,2,0,18,1,1752,6.42
20,9,2,0,19,1,1668,7.58
20,9,2,0,20,1,1255,8.02
20,9,2,0,21,0,735,1.79
20,9,2,0,22,0,364,0.0
20,9,2,0,23,0,249,2.89
20,10,3,0,0,0,237,0.0
20,10,3,0,1,0,205,0.0
20,10,3,0,2,0,227,0.91
20,10,3,0,3,0,235,1.99
20,10,3,0,4,0,227,2.75
20,10,3,0,5,0,266,1.75
20,10,3,0,6,0,380,3.05
20,10,3,0,7,0,697,0.94
20,10,3,0,8,1,1272,6.85
20,10,3,0,9,1,1670,5.26
20,10,3,0,10,1,1358,5.69
20,10,3,0,11,1,712,3.09
20,10,3,0,12,0,393,0.81
20,10,3,0,13,0,245,2.31
20,10,3,0,14,0,262,0.0
20,10,3,0,15,0,387,2.12
20,10,3,0,16,0,735,3.56
20,10,3,0,17,1,1238,4.22
20,10,3,0,18,1,1642,7.58
20,10,3,0,19,1,1687,4.59
20,10,3,0,20,1,1191,4.68
20,10,3,0,21,0,575,3.42
20,10,3,0,22,0,376,0.0
20,10,3,0,23,0,263,0.9
20,11,4,0,0,0,261,2.42
20,11,4,0,1,0,264,1.62
20,11,4,0,2,0,230,0.0
20,11,4,0,3,0,229,0.82
20,11,4,0,4,0,245,2.52
20,11,4,0,5,0,264,0.0
20,11,4,0,6,0,359,0.0
20,11,4,0,7,0,719,0.0
20,11,4,0,8,1,1552,2.93
20,11,4,0,9,1,1624,7.48
20,11,4,0,10,1,1444,3.57
20,11,4,0,11,1,855,5.01
20,11,4,0,12,0,391,1.6
20,11,4,0,13,0,253,1.39
20,11,4,0,14,0,277,0.38
20,11,4,0,15,0,395,2.08
20,11,4,0,16,0,860,2.09
20,11,4,0,17,1,1356,4.15
20,11,4,0,18,1,1780,3.22
20,11,4,0,19,1,1638,7.26
20,11,4,0,20,1,1248,1.98
20,11,4,0,21,0,661,4.86
20,11,4,0,22,0,407,3.07
20,11,4,0,23,0,320,0.0
20,12,5,1,0,0,129,0.56
20,12,5,1,1,0,125,0.69
20,12,5,1,2,0,147,0.75
20,12,5,1,3,0,110,1.46
20,12,5,1,4,0,135,0.0
20,12,5,1,5,0,141,0.0
20,12,5,1,6,0,213,0.1
20,12,5,1,7,0,376,1.88
20,12,5,1,8,1,693,4.76
20,12,5,1,9,1,948,3.4
20,12,5,1,10,1,834,3.73
20,12,5,1,11,1,440,1.66
20,12,5,1,12,0,213,1.46
20,12,5,1,13,0,168,0.0
20,12,5,1,14,0,172,0.0
20,12,5,1,15,0,210,0.0
20,12,5,1,16,0,421,0.0
20,12,5,1,17,1,734,2.57
20,12,5,1,18,1,927,1.82
20,12,5,1,19,1,1031,3.9
20,12,5,1,20,1,712,0.0
20,12,5,1,21,0,349,1.77
20,12,5,1,22,0,180,1.26
20,12,5,1,23,0,140,0.0
20,13,6,1,0,0,139,0.81
20,13,6,1,1,0,121,2.17
20,13,6,1,2,0,139,0.0
20,13,6,1,3,0,130,1.08
20,13,6,1,4,0,134,0.0
20,13,6,1,5,0,149,1.73
20,13,6,1,6,0,216,0.95
20,13,6,1,7,0,464,0.0
20,13,6,1,8,1,803,3.72
20,13,6,1,9,1,814,4.3
20,13,6,1,10,1,868,3.97
20,13,6,1,11,1,448,0.19
20,13,6,1,12,0,207,0.0
20,13,6,1,13,0,155,0.0
20,13,6,1,14,0,143,1.63
20,13,6,1,15,0,234,0.8
20,13,6,1,16,0,329,1.38
20,13,6,1,17,1,684,3.98
20,13,6,1,18,1,915,4.98
20,13,6,1,19,1,994,3.53
20,13,6,1,20,1,718,4.27
20,13,6,1,21,0,343,2.81
20,13,6,1,22,0,204,0.44
20,13,6,1,23,0,147,2.45
20,14,0,0,0,0,267,1.78
20,14,0,0,1,0,248,0.84
20,14,0,0,2,0,295,0.15
20,14,0,0,3,0,234,1.39
20,14,0,0,4,0,228,2.49
20,14,0,0,5,0,238,0.0
20,14,0,0,6,0,384,0.03
20,14,0,0,7,0,845,1.41
20,14,0,0,8,1,1273,4.08
20,14,0,0,9,1,1817,9.45
20,14,0,0,10,1,1437,3.78
20,14,0,0,11,1,741,5.32
20,14,0,0,12,0,398,0.0
20,14,0,0,13,0,321,0.43
20,14,0,0,14,0,271,0.06
20,14,0,0,15,0,347,3.33
20,14,0,0,16,0,695,3.25
20,14,0,0,17,1,1099,3.95
20,14,0,0,18,1,1623,5.25
20,14,0,0,19,1,1772,6.58
20,14,0,0,20,1,1293,6.25
20,14,0,0,21,0,660,3.32
20,14,0,0,22,0,362,0.27
20,14,0,0,23,0,247,1.12
20,15,1,0,0,0,228,2.98
20,15,1,0,1,0,274,1.81
20,15,1,0,2,0,247,1.02
20,15,1,0,3,0,289,4.1
20,15,1,0,4,0,242,0.67
20,15,1,0,5,0,277,0.0
20,15,1,0,6,0,339,0.0
20,15,1,0,7,0,761,1.63
20,15,1,0,8,1,1540,3.96
20,15,1,0,9,1,1520,3.33
20,15,1,0,10,1,1308,4.63
20,15,1,0,11,1,775,3.05
20,15,1,0,12,0,377,0.0
20,15,1,0,13,0,282,0.0
20,15,1,0,14,0,289,0.0
20,15,1,0,15,0,353,4.48
20,15,1,0,16,0,803,1.17
20,15,1,0,17,1,1343,7.79
20,15,1,0,18,1,1853,7.31
20,15,1,0,19,1,1444,5.9
20,15,1,0,20,1,1265,5.42
20,15,1,0,21,0,710,1.62
20,15,1,0,22,0,361,0.0
20,15,1,0,23,0,289,0.0
20,16,2,0,0,0,238,1.33
20,16,2,0,1,0,232,0.0
20,16,2,0,2,0,248,0.0
20,16,2,0,3,0,258,2.02
20,16,2,0,4,0,235,0.2
20,16,2,0,5,0,248,0.42
20,16,2,0,6,0,390,1.08
20,16,2,0,7,0,870,0.86
20,16,2,0,8,1,1279,6.21
20,16,2,0,9,1,1982,6.63
20,16,2,0,10,1,1491,4.24
20,16,2,0,11,1,755,3.04
20,16,2,0,12,0,375,0.87
20,16,2,0,13,0,243,1.98
20,16,2,0,14,0,253,0.02
20,16,2,0,15,0,352,0.31
20,16,2,0,16,0,692,2.86
20,16,2,0,17,1,1472,5.52
20,16,2,0,18,1,1694,8.78
20,16,2,0,19,1,1739,6.81
20,16,2,0,20,1,1212,5.14
20,16,2,0,21,0,737,4.97
20,16,2,0,22,0,407,2.33
20,16,2,0,23,0,274,4.15
20,17,3,0,0,0,233,1.98
20,17,3,0,1,0,266,2.63
20,17,3,0,2,0,228,5.13
20,17,3,0,3,0,275,2.69
20,17,3,0,4,0,226,2.37
20,17,3,0,5,0,220,0.53
20,17,3,0,6,0,400,0.93
20,17,3,0,7,0,878,3.67
20,17,3,0,8,1,1273,6.22
20,17,3,0,9,1,1756,4.39
20,17,3,0,10,1,1527,6.26
20,17,3,0,11,1,841,3.98
20,17,3,0,12,0,386,2.18
20,17,3,0,13,0,271,1.52
20,17,3,0,14,0,285,1.36
20,17,3,0,15,0,390,1.0
20,17,3,0,16,0,653,3.77
20,17,3,0,17,1,1367,4.69
20,17,3,0,18,1,1751,4.89
20,17,3,0,19,1,1955,9.54
20,17,3,0,20,1,1168,4.14
20,17,3,0,21,0,750,3.26
20,17,3,0,22,0,395,0.1
20,17,3,0,23,0,282,0.91
20,18,4,0,0,0,249,0.4
20,18,4,0,1,0,239,1.11
20,18,4,0,2,0,231,4.33
20,18,4,0,3,0,222,1.64
20,18,4,0,4,0,251,2.15
20,18,4,0,5,0,215,0.0
20,18,4,0,6,0,379,2.9
20,18,4,0,7,0,763,2.59
20,18,4,0,8,1,1381,4.26
20,18,4,0,9,1,1766,7.35
20,18,4,0,10,1,1435,8.01
20,18,4,0,11,1,765,3.23
20,18,4,0,12,0,366,0.0
20,18,4,0,13,0,273,1.25
20,18,4,0,14,0,287,2.01
20,18,4,0,15,0,383,4.06
20,18,4,0,16,0,667,2.38
20,18,4,0,17,1,1253,3.24
20,18,4,0,18,1,1802,7.32
20,18,4,0,19,1,1720,7.69
20,18,4,0,20,1,1262,5.66
20,18,4,0,21,0,663,5.01
20,18,4,0,22,0,332,0.3
20,18,4,0,23,0,258,0.0
20,19,5,1,0,0,115,2.93
20,19,5,1,1,0,140,0.0
20,19,5,1,2,0,141,0.32
20,19,5,1,3,0,130,0.0
20,19,5,1,4,0,135,0.0
20,19,5,1,5,0,136,1.98
20,19,5,1,6,0,203,2.92
20,19,5,1,7,0,404,0.0
20,19,5,1,8,1,790,2.49
20,19,5,1,9,1,817,3.65
20,19,5,1,10,1,679,0.0
20,19,5,1,11,1,452,4.04
20,19,5,1,12,0,211,2.66
20,19,5,1,13,0,160,1.64
20,19,5,1,14,0,148,0.0
20,19,5,1,15,0,212,1.82
20,19,5,1,16,0,338,0.87
20,19,5,1,17,1,663,2.23
20,19,5,1,18,1,888,1.55
20,19,5,1,19,1,916,3.25
20,19,5,1,20,1,648,3.57
20,19,5,1,21,0,335,1.76
20,19,5,1,22,0,177,0.61
20,19,5,1,23,0,121,0.0
20,20,6,1,0,0,133,0.0
20,20,6,1,1,0,118,1.94
20,20,6,1,2,0,116,0.29
20,20,6,1,3,0,149,0.81
20,20,6,1,4,0,135,0.0
20,20,6,1,5,0,140,0.31
20,20,6,1,6,0,183,2.25
20,20,6,1,7,0,436,0.0
20,20,6,1,8,1,821,4.3
20,20,6,1,9,1,969,7.23
20,20,6,1,10,1,764,5.35
20,20,6,1,11,1,429,2.39
20,20,6,1,12,0,208,0.0
20,20,6,1,13,0,128,0.39
20,20,6,1,14,0,147,0.0
20,20,6,1,15,0,202,1.48
20,20,6,1,16,0,415,0.62
20,20,6,1,17,1,695,5.39
20,20,6,1,18,1,996,2.83
20,20,6,1,19,1,947,4.07
20,20,6,1,20,1,708,2.89
20,20,6,1,21,0,391,3.09
20,20,6,1,22,0,189,0.0
20,20,6,1,23,0,155,0.39
20,21,0,0,0,0,260,2.67
20,21,0,0,1,0,207,0.0
20,21,0,0,2,0,240,0.0
20,21,0,0,3,0,234,0.0
20,21,0,0,4,0,237,0.0
20,21,0,0,5,0,277,2.46
20,21,0,0,6,0,410,5.54
20,21,0,0,7,0,838,4.7
20,21,0,0,8,1,1370,5.02
20,21,0,0,9,1,1875,7.12
20,21,0,0,10,1,1383,5.27
20,21,0,0,11,1,813,4.59
20,21,0,0,12,0,431,1.27
20,21,0,0,13,0,277,1.61
20,21,0,0,14,0,304,0.0
20,21,0,0,15,0,376,0.54
20,21,0,0,16,0,655,1.34
20,21,0,0,17,1,1278,1.44
20,21,0,0,18,1,1689,4.02
20,21,0,0,19,1,1613,6.13
20,21,0,0,20,1,1185,5.76
20,21,0,0,21,0,752,5.95
20,21,0,0,22,0,375,3.24
20,21,0,0,23,0,301,0.49
20,22,1,0,0,0,267,0.0
20,22,1,0,1,0,249,3.4
20,22,1,0,2,0,245,0.69
20,22,1,0,3,0,239,3.16
20,22,1,0,4,0,214,0.27
20,22,1,0,5,0,288,1.63
20,22,1,0,6,0,434,2.76
20,22,1,0,7,0,750,3.87
20,22,1,0,8,1,1234,1.91
20,22,1,0,9,1,1619,6.6
20,22,1,0,10,1,1290,5.42
20,22,1,0,11,1,783,0.34
20,22,1,0,12,0,380,2.93
20,22,1,0,13,0,284,0.09
20,22,1,0,14,0,286,3.78
20,22,1,0,15,0,363,2.56
20,22,1,0,16,0,716,2.15
20,22,1,0,17,1,1114,6.93
20,22,1,0,18,1,1857,7.01
20,22,1,0,19,1,1874,8.33
20,22,1,0,20,1,1343,2.68
20,22,1,0,21,0,662,5.01
20,22,1,0,22,0,455,1.24
20,22,1,0,23,0,261,2.07
20,23,2,0,0,0,249,1.8
20,23,2,0,1,0,201,0.45
20,23,2,0,2,0,258,0.0
20,23,2,0,3,0,211,0.0
20,23,2,0,4,0,258,0.0
20,23,2,0,5,0,244,1.06
20,23,2,0,6,0,357,2.11
20,23,2,0,7,0,930,3.17
20,23,2,0,8,1,1165,3.98
20,23,2,0,9,1,1769,7.66
20,23,2,0,10,1,1472,5.0
20,23,2,0,11,1,762,0.0
20,23,2,0,12,0,416,0.0
20,23,2,0,13,0,277,0.0
20,23,2,0,14,0,270,2.52
20,23,2,0,15,0,363,0.34
20,23,2,0,16,0,684,1.77
20,23,2,0,17,1,1133,7.33
20,23,2,0,18,1,1454,6.8
20,23,2,0,19,1,1689,5.52
20,23,2,0,20,1,1259,5.09
20,23,2,0,21,0,756,1.32
20,23,2,0,22,0,360,2.96
20,23,2,0,23,0,265,1.88
20,24,3,0,0,0,266,1.91
20,24,3,0,1,0,231,0.4
20,24,3,0,2,0,267,1.3
20,24,3,0,3,0,239,1.53
20,24,3,0,4,0,220,0.52
20,24,3,0,5,0,268,0.93
20,24,3,0,6,0,384,1.07
20,24,3,0,7,0,772,5.28
20,24,3,0,8,1,1136,5.59
20,24,3,0,9,1,1690,6.67
20,24,3,0,10,1,1334,6.09
20,24,3,0,11,1,839,0.51
20,24,3,0,12,0,463,2.07
20,24,3,0,13,0,275,0.0
20,24,3,0,14,0,260,3.08
20,24,3,0,15,0,378,2.14
20,24,3,0,16,0,659,5.59
20,24,3,0,17,1,1210,6.54
20,24,3,0,18,1,1687,7.27
20,24,3,0,19,1,1756,8.41
20,24,3,0,20,1,1297,4.48
20,24,3,0,21,0,748,1.51
20,24,3,0,22,0,340,0.92
20,24,3,0,23,0,278,0.0
20,25,4,0,0,0,241,0.0
20,25,4,0,1,0,237,2.41
20,25,4,0,2,0,226,0.0
20,25,4,0,3,0,250,0.0
20,25,4,0,4,0,293,1.46
20,25,4,0,5,0,292,0.0
20,25,4,0,6,0,411,0.13
20,25,4,0,7,0,768,1.94
20,25,4,0,8,1,1494,6.46
20,25,4,0,9,1,1718,8.91
20,25,4,0,10,1,1381,7.07
20,25,4,0,11,1,892,3.78
20,25,4,0,12,0,405,3.05
20,25,4,0,13,0,305,1.41
20,25,4,0,14,0,258,2.33
20,25,4,0,15,0,393,2.86
20,25,4,0,16,0,722,3.2
20,25,4,0,17,1,1251,6.06
20,25,4,0,18,1,1510,8.03
20,25,4,0,19,1,1769,5.81
20,25,4,0,20,1,1243,6.95
20,25,4,0,21,0,700,1.7
20,25,4,0,22,0,337,5.05
20,25,4,0,23,0,232,1.43
20,26,5,1,0,0,127,2.07
20,26,5,1,1,0,120,2.89
20,26,5,1,2,0,132,0.2
20,26,5,1,3,0,130,0.0
20,26,5,1,4,0,131,1.6
20,26,5,1,5,0,128,0.0
20,26,5,1,6,0,244,0.84
20,26,5,1,7,0,409,0.0
20,26,5,1,8,1,687,4.22
20,26,5,1,9,1,874,4.7
20,26,5,1,10,1,699,2.61
20,26,5,1,11,1,426,0.57
20,26,5,1,12,0,219,0.0
20,26,5,1,13,0,149,1.26
20,26,5,1,14,0,140,0.88
20,26,5,1,15,0,209,1.13
20,26,5,1,16,0,335,1.48
20,26,5,1,17,1,581,1.38
20,26,5,1,18,1,939,4.07
20,26,5,1,19,1,848,2.97
20,26,5,1,20,1,716,1.39
20,26,5,1,21,0,311,2.04
20,26,5,1,22,0,191,0.0
20,26,5,1,23,0,150,0.72
20,27,6,1,0,0,144,0.21
20,27,6,1,1,0,134,0.0
20,27,6,1,2,0,140,0.0
20,27,6,1,3,0,168,0.35
20,27,6,1,4,0,139,1.51
20,27,6,1,5,0,147,1.24
20,27,6,1,6,0,257,0.0
20,27,6,1,7,0,352,0.0
20,27,6,1,8,1,819,2.56
20,27,6,1,9,1,1111,5.53
20,27,6,1,10,1,719,1.71
20,27,6,1,11,1,413,0.0
20,27,6,1,12,0,223,1.93
20,27,6,1,13,0,138,0.0
20,27,6,1,14,0,139,2.05
20,27,6,1,15,0,220,1.2
20,27,6,1,16,0,425,0.0
20,27,6,1,17,1,662,3.49
20,27,6,1,18,1,999,5.2
20,27,6,1,19,1,994,5.96
20,27,6,1,20,1,715,1.13
20,27,6,1,21,0,362,0.0
20,27,6,1,22,0,223,2.68
20,27,6,1,23,0,134,0.0
20,28,0,0,0,0,209,0.65
20,28,0,0,1,0,227,0.0
20,28,0,0,2,0,242,3.79
20,28,0,0,3,0,258,0.65
20,28,0,0,4,0,245,3.8
20,28,0,0,5,0,297,0.72
20,28,0,0,6,0,412,0.15
20,28,0,0,7,0,781,4.27
20,28,0,0,8,1,1492,5.01
20,28,0,0,9,1,1838,7.57
20,28,0,0,10,1,1347,8.25
20,28,0,0,11,1,757,1.37
20,28,0,0,12,0,375,2.59
20,28,0,0,13,0,251,2.25
20,28,0,0,14,0,254,0.9
20,28,0,0,15,0,442,0.44
20,28,0,0,16,0,573,4.34
20,28,0,0,17,1,1088,3.13
20,28,0,0,18,1,1808,8.27
20,28,0,0,19,1,1383,5.02
20,28,0,0,20,1,1308,8.27
20,28,0,0,21,0,616,4.07
20,28,0,0,22,0,356,2.99
20,28,0,0,23,0,247,0.64
20,29,1,0,0,0,250,2.43
20,29,1,0,1,0,254,0.37
20,29,1,0,2,0,233,3.6
20,29,1,0,3,0,248,0.28
20,29,1,0,4,0,256,1.96
20,29,1,0,5,0,240,1.69
20,29,1,0,6,0,349,0.43
20,29,1,0,7,0,718,2.68
20,29,1,0,8,1,1331,5.02
20,29,1,0,9,1,1444,5.66
20,29,1,0,10,1,1258,8.46
20,29,1,0,11,1,755,2.63
20,29,1,0,12,0,419,3.66
20,29,1,0,13,0,247,1.85
20,29,1,0,14,0,293,1.45
20,29,1,0,15,0,381,0.76
20,29,1,0,16,0,666,2.5
20,29,1,0,17,1,1183,6.06
20,29,1,0,18,1,1589,7.64
20,29,1,0,19,1,1889,8.11
20,29,1,0,20,1,1049,5.11
20,29,1,0,21,0,649,1.8
20,29,1,0,22,0,387,3.21
20,29,1,0,23,0,234,1.02
20,30,2,0,0,0,281,0.0
20,30,2,0,1,0,239,0.03
20,30,2,0,2,0,256,0.0
20,30,2,0,3,0,212,2.1
20,30,2,0,4,0,250,0.0
20,30,2,0,5,0,268,0.0
20,30,2,0,6,0,426,2.12
20,30,2,0,7,0,735,2.07
20,30,2,0,8,1,1329,3.7
20,30,2,0,9,1,1885,9.28
20,30,2,0,10,1,1335,4.87
20,30,2,0,11,1,709,2.6
20,30,2,0,12,0,412,3.42
20,30,2,0,13,0,253,0.0
20,30,2,0,14,0,250,1.83
20,30,2,0,15,0,375,2.99
20,30,2,0,16,0,686,5.17
20,30,2,0,17,1,1069,0.54
20,30,2,0,18,1,1893,6.38
20,30,2,0,19,1,1727,7.11
20,30,2,0,20,1,1257,4.32
20,30,2,0,21,0,632,0.98
20,30,2,0,22,0,394,2.73
20,30,2,0,23,0,264,0.16
20,31,3,0,0,0,254,0.0
20,31,3,0,1,0,281,1.8
20,31,3,0,2,0,240,2.2
20,31,3,0,3,0,255,1.37
20,31,3,0,4,0,208,1.45
20,31,3,0,5,0,301,0.37
20,31,3,0,6,0,427,2.98
20,31,3,0,7,0,798,3.45
20,31,3,0,8,1,1441,6.39
20,31,3,0,9,1,1960,9.29
20,31,3,0,10,1,1457,7.41
20,31,3,0,11,1,824,0.17
20,31,3,0,12,0,393,0.64
20,31,3,0,13,0,280,0.28
20,31,3,0,14,0,285,0.51
20,31,3,0,15,0,427,4.18
20,31,3,0,16,0,605,2.9
20,31,3,0,17,1,1180,5.1
20,31,3,0,18,1,1788,5.23
20,31,3,0,19,1,1575,5.03
20,31,3,0,20,1,1171,3.9
20,31,3,0,21,0,728,3.25
20,31,3,0,22,0,349,0.92
20,31,3,0,23,0,218,3.9
20,32,4,0,0,0,243,2.46
20,32,4,0,1,0,258,0.98
20,32,4,0,2,0,196,0.0
20,32,4,0,3,0,250,1.09
20,32,4,0,4,0,266,1.06
20,32,4,0,5,0,309,0.0
20,32,4,0,6,0,413,0.11
20,32,4,0,7,0,837,2.22
20,32,4,0,8,1,1185,2.51
20,32,4,0,9,1,1638,8.89
20,32,4,0,10,1,1461,6.51
20,32,4,0,11,1,776,1.41
20,32,4,0,12,0,367,0.64
20,32,4,0,13,0,259,0.05
20,32,4,0,14,0,252,1.02
20,32,4,0,15,0,353,3.11
20,32,4,0,16,0,745,3.88
20,32,4,0,17,1,1272,2.76
20,32,4,0,18,1,2021,7.66
20,32,4,0,19,1,1816,8.51
20,32,4,0,20,1,1123,3.55
20,32,4,0,21,0,706,0.5
20,32,4,0,22,0,373,0.0
20,32,4,0,23,0,270,3.14
20,33,5,1,0,0,133,0.0
20,33,5,1,1,0,127,1.43
20,33,5,1,2,0,135,1.22
20,33,5,1,3,0,132,0.0
20,33,5,1,4,0,136,0.65
20,33,5,1,5,0,160,0.0
20,33,5,1,6,0,219,0.66
20,33,5,1,7,0,507,0.9
20,33,5,1,8,1,735,1.5
20,33,5,1,9,1,1034,6.2
20,33,5,1,10,1,745,4.76
20,33,5,1,11,1,440,2.81
20,33,5,1,12,0,201,1.05
20,33,5,1,13,0,173,2.91
20,33,5,1,14,0,159,2.06
20,33,5,1,15,0,247,2.17
20,33,5,1,16,0,356,3.24
20,33,5,1,17,1,669,3.41
20,33,5,1,18,1,948,2.73
20,33,5,1,19,1,962,5.3
20,33,5,1,20,1,713,3.57
20,33,5,1,21,0,370,0.0
20,33,5,1,22,0,206,1.66
20,33,5,1,23,0,122,0.39
20,34,6,1,0,0,132,0.0
20,34,6,1,1,0,141,1.98
20,34,6,1,2,0,153,0.57
20,34,6,1,3,0,147,0.0
20,34,6,1,4,0,131,1.54
20,34,6,1,5,0,140,0.32
20,34,6,1,6,0,233,0.92
20,34,6,1,7,0,397,0.7
20,34,6,1,8,1,742,3.85
20,34,6,1,9,1,912,0.0
20,34,6,1,10,1,806,4.19
20,34,6,1,11,1,392,0.0
20,34,6,1,12,0,242,0.61
20,34,6,1,13,0,159,0.0
20,34,6,1,14,0,157,0.0
20,34,6,1,15,0,213,1.39
20,34,6,1,16,0,314,1.44
20,34,6,1,17,1,635,4.18
20,34,6,1,18,1,957,3.46
20,34,6,1,19,1,1053,1.36
20,34,6,1,20,1,777,5.92
20,34,6,1,21,0,364,2.79
20,34,6,1,22,0,214,0.0
20,34,6,1,23,0,147,0.0
20,35,0,0,0,0,216,0.43
20,35,0,0,1,0,238,2.78
20,35,0,0,2,0,228,0.32
20,35,0,0,3,0,270,0.8
20,35,0,0,4,0,235,2.23
20,35,0,0,5,0,281,1.27
20,35,0,0,6,0,426,0.0
20,35,0,0,7,0,743,5.97
20,35,0,0,8,1,1044,3.17
20,35,0,0,9,1,1541,6.27
20,35,0,0,10,1,1446,7.44
20,35,0,0,11,1,754,1.63
20,35,0,0,12,0,351,1.48
20,35,0,0,13,0,320,0.4
20,35,0,0,14,0,271,1.29
20,35,0,0,15,0,363,3.59
20,35,0,0,16,0,750,4.23
20,35,0,0,17,1,1319,4.25
20,35,0,0,18,1,1551,5.19
20,35,0,0,19,1,1746,6.5
20,35,0,0,20,1,1281,5.29
20,35,0,0,21,0,611,4.31
20,35,0,0,22,0,360,2.62
20,35,0,0,23,0,251,0.0
20,36,1,0,0,0,225,0.0
20,36,1,0,1,0,215,1.43
20,36,1,0,2,0,225,1.42
20,36,1,0,3,0,245,2.3
20,36,1,0,4,0,225,2.49
20,36,1,0,5,0,250,0.0
20,36,1,0,6,0,403,0.3
20,36,1,0,7,0,873,3.94
20,36,1,0,8,1,1370,5.78
20,36,1,0,9,1,1634,9.06
20,36,1,0,10,1,1319,5.97
20,36,1,0,11,1,728,2.91
20,36,1,0,12,0,358,1.77
20,36,1,0,13,0,274,1.92
20,36,1,0,14,0,283,1.18
20,36,1,0,15,0,437,1.72
20,36,1,0,16,0,686,2.62
20,36,1,0,17,1,1245,4.55
20,36,1,0,18,1,1658,7.76
20,36,1,0,19,1,1701,8.39
20,36,1,0,20,1,1039,6.44
20,36,1,0,21,0,733,2.85
20,36,1,0,22,0,373,2.45
20,36,1,0,23,0,247,1.05
20,37,2,0,0,0,246,0.0
20,37,2,0,1,0,249,0.0
20,37,2,0,2,0,264,3.06
20,37,2,0,3,0,272,0.6
20,37,2,0,4,0,239,0.0
20,37,2,0,5,0,284,0.0
20,37,2,0,6,0,350,0.94
20,37,2,0,7,0,711,1.4
20,37,2,0,8,1,1384,6.86
20,37,2,0,9,1,1775,7.38
20,37,2,0,10,1,1506,6.22
20,37,2,0,11,1,747,1.83
20,37,2,0,12,0,414,0.0
20,37,2,0,13,0,281,0.48
20,37,2,0,14,0,254,0.0
20,37,2,0,15,0,405,0.33
20,37,2,0,16,0,669,1.97
20,37,2,0,17,1,1329,7.62
20,37,2,0,18,1,1832,6.76
20,37,2,0,19,1,1755,5.66
20,37,2,0,20,1,1246,2.35
20,37,2,0,21,0,697,2.71
20,37,2,0,22,0,389,1.54
20,37,2,0,23,0,288,0.01
20,38,3,0,0,0,257,1.74
20,38,3,0,1,0,264,2.79
20,38,3,0,2,0,224,1.67
20,38,3,0,3,0,220,2.62
20,38,3,0,4,0,229,0.35
20,38,3,0,5,0,274,2.2
20,38,3,0,6,0,408,2.78
20,38,3,0,7,0,780,3.49
20,38,3,0,8,1,1184,6.28
20,38,3,0,9,1,1662,6.0
20,38,3,0,10,1,1593,2.31
20,38,3,0,11,1,786,0.0
20,38,3,0,12,0,408,0.58
20,38,3,0,13,0,209,2.47
20,38,3,0,14,0,244,2.4
20,38,3,0,15,0,346,0.69
20,38,3,0,16,0,559,2.87
20,38,3,0,17,1,1169,4.13
20,38,3,0,18,1,1695,4.31
20,38,3,0,19,1,1802,6.36
20,38,3,0,20,1,1450,5.08
20,38,3,0,21,0,663,0.62
20,38,3,0,22,0,327,2.62
20,38,3,0,23,0,292,0.32
20,39,4,0,0,0,245,2.84
20,39,4,0,1,0,248,1.72
20,39,4,0,2,0,244,0.0
20,39,4,0,3,0,250,3.8
20,39,4,0,4,0,235,2.24
20,39,4,0,5,0,273,0.21
20,39,4,0,6,0,425,2.87
20,39,4,0,7,0,816,5.89
20,39,4,0,8,1,1582,6.41
20,39,4,0,9,1,1688,4.61
20,39,4,0,10,1,1548,6.08
20,39,4,0,11,1,742,1.57
20,39,4,0,12,0,367,4.11
20,39,4,0,13,0,293,0.0
20,39,4,0,14,0,241,1.15
20,39,4,0,15,0,345,1.0
20,39,4,0,16,0,769,4.68
20,39,4,0,17,1,1057,2.71
20,39,4,0,18,1,1742,8.66
20,39,4,0,19,1,1596,6.94
20,39,4,0,20,1,1180,7.35
20,39,4,0,21,0,718,2.58
20,39,4,0,22,0,331,0.0
20,39,4,0,23,0,215,1.27
20,40,5,1,0,0,140,1.63
20,40,5,1,1,0,127,2.43
20,40,5,1,2,0,150,0.0
20,40,5,1,3,0,146,0.79
20,40,5,1,4,0,129,2.36
20,40,5,1,5,0,134,0.0
20,40,5,1,6,0,211,0.5
20,40,5,1,7,0,372,2.22
20,40,5,1,8,1,711,0.88
20,40,5,1,9,1,985,3.3
20,40,5,1,10,1,823,3.98
20,40,5,1,11,1,422,3.33
20,40,5,1,12,0,225,0.87
20,40,5,1,13,0,156,1.44
20,40,5,1,14,0,136,4.08
20,40,5,1,15,0,208,0.96
20,40,5,1,16,0,323,1.48
20,40,5,1,17,1,683,1.01
20,40,5,1,18,1,861,2.1
20,40,5,1,19,1,917,3.99
20,40,5,1,20,1,661,3.1
20,40,5,1,21,0,396,2.4
20,40,5,1,22,0,212,1.28
20,40,5,1,23,0,151,0.38
20,41,6,1,0,0,126,0.36
20,41,6,1,1,0,140,1.53
20,41,6,1,2,0,139,0.0
20,41,6,1,3,0,131,0.21
20,41,6,1,4,0,128,1.85
20,41,6,1,5,0,126,3.54
20,41,6,1,6,0,254,1.09
20,41,6,1,7,0,442,3.04
20,41,6,1,8,1,712,3.7
20,41,6,1,9,1,1035,1.44
20,41,6,1,10,1,671,3.81
20,41,6,1,11,1,419,1.1
20,41,6,1,12,0,212,0.0
20,41,6,1,13,0,145,0.0
20,41,6,1,14,0,165,0.86
20,41,6,1,15,0,208,1.83
20,41,6,1,16,0,460,0.26
20,41,6,1,17,1,574,2.25
20,41,6,1,18,1,802,2.7
20,41,6,1,19,1,1005,6.31
20,41,6,1,20,1,589,0.94
20,41,6,1,21,0,387,2.68
20,41,6,1,22,0,220,3.09
20,41,6,1,23,0,157,0.45
20,42,0,0,0,0,263,1.16
20,42,0,0,1,0,248,0.25
20,42,0,0,2,0,246,0.0
20,42,0,0,3,0,263,0.0
20,42,0,0,4,0,228,0.0
20,42,0,0,5,0,252,0.0
20,42,0,0,6,0,403,0.0
20,42,0,0,7,0,752,1.99
20,42,0,0,8,1,1185,5.1
20,42,0,0,9,1,1672,6.75
20,42,0,0,10,1,1471,5.9
20,42,0,0,11,1,759,4.42
20,42,0,0,12,0,386,0.79
20,42,0,0,13,0,288,0.0
20,42,0,0,14,0,298,1.43
20,42,0,0,15,0,423,1.6
20,42,0,0,16,0,736,0.49
20,42,0,0,17,1,1351,6.44
20,42,0,0,18,1,1620,7.78
20,42,0,0,19,1,1535,5.39
20,42,0,0,20,1,1141,5.94
20,42,0,0,21,0,752,2.33
20,42,0,0,22,0,337,0.0
20,42,0,0,23,0,272,1.13
20,43,1,0,0,0,236,0.0
20,43,1,0,1,0,274,0.17
20,43,1,0,2,0,227,2.63
20,43,1,0,3,0,237,1.72
20,43,1,0,4,0,228,1.67
20,43,1,0,5,0,285,0.0
20,43,1,0,6,0,380,0.16
20,43,1,0,7,0,747,5.39
20,43,1,0,8,1,1408,8.55
20,43,1,0,9,1,1904,9.31
20,43,1,0,10,1,1540,7.9
20,43,1,0,11,1,886,4.36
20,43,1,0,12,0,419,2.66
20,43,1,0,13,0,263,2.32
20,43,1,0,14,0,300,0.3
20,43,1,0,15,0,350,0.57
20,43,1,0,16,0,758,2.68
20,43,1,0,17,1,1117,2.91
20,43,1,0,18,1,1584,5.27
20,43,1,0,19,1,1517,6.98
20,43,1,0,20,1,1206,5.63
20,43,1,0,21,0,558,3.84
20,43,1,0,22,0,373,2.24
20,43,1,0,23,0,302,1.76
20,44,2,0,0,0,284,0.0
20,44,2,0,1,0,237,0.0
20,44,2,0,2,0,249,1.11
20,44,2,0,3,0,222,4.15
20,44,2,0,4,0,238,0.0
20,44,2,0,5,0,284,2.18
20,44,2,0,6,0,381,2.71
20,44,2,0,7,0,720,2.25
20,44,2,0,8,1,1423,7.08
20,44,2,0,9,1,1671,5.96
20,44,2,0,10,1,1375,2.43
20,44,2,0,11,1,762,0.08
20,44,2,0,12,0,370,0.0
20,44,2,0,13,0,285,0.04
20,44,2,0,14,0,299,0.0
20,44,2,0,15,0,368,1.6
20,44,2,0,16,0,711,6.07
20,44,2,0,17,1,1032,2.99
20,44,2,0,18,1,1981,6.54
20,44,2,0,19,1,1768,5.66
20,44,2,0,20,1,1088,3.13
20,44,2,0,21,0,792,1.42
20,44,2,0,22,0,367,1.09
20,44,2,0,23,0,289,2.85
20,45,3,0,0,0,245,0.0
20,45,3,0,1,0,225,0.0
20,45,3,0,2,0,265,0.0
20,45,3,0,3,0,276,1.72
20,45,3,0,4,0,268,4.46
20,45,3,0,5,0,249,0.0
20,45,3,0,6,0,402,3.04
20,45,3,0,7,0,738,3.01
20,45,3,0,8,1,1514,7.73
20,45,3,0,9,1,1623,6.9
20,45,3,0,10,1,1276,2.93
20,45,3,0,11,1,864,0.26
20,45,3,0,12,0,403,1.06
20,45,3,0,13,0,285,0.11
20,45,3,0,14,0,297,0.85
20,45,3,0,15,0,420,2.01
20,45,3,0,16,0,627,3.32
20,45,3,0,17,1,1266,4.9
20,45,3,0,18,1,1606,7.71
20,45,3,0,19,1,1576,5.01
20,45,3,0,20,1,1277,4.79
20,45,3,0,21,0,576,0.86
20,45,3,0,22,0,388,1.15
20,45,3,0,23,0,267,1.46
20,46,4,0,0,0,252,1.18
20,46,4,0,1,0,178,0.63
20,46,4,0,2,0,233,0.98
20,46,4,0,3,0,264,0.0
20,46,4,0,4,0,247,1.7
20,46,4,0,5,0,263,0.0
20,46,4,0,6,0,358,1.38
20,46,4,0,7,0,741,0.07
20,46,4,0,8,1,1291,3.21
20,46,4,0,9,1,1804,4.99
20,46,4,0,10,1,1536,9.38
20,46,4,0,11,1,733,2.01
20,46,4,0,12,0,427,3.33
20,46,4,0,13,0,262,0.39
20,46,4,0,14,0,263,0.0
20,46,4,0,15,0,403,1.85
20,46,4,0,16,0,644,2.67
20,46,4,0,17,1,1188,8.51
20,46,4,0,18,1,1674,7.81
20,46,4,0,19,1,1767,6.84
20,46,4,0,20,1,1268,5.39
20,46,4,0,21,0,820,3.13
20,46,4,0,22,0,297,4.47
20,46,4,0,23,0,259,1.17
20,47,5,1,0,0,127,0.0
20,47,5,1,1,0,121,0.0
20,47,5,1,2,0,126,1.28
20,47,5,1,3,0,116,1.22
20,47,5,1,4,0,160,1.07
20,47,5,1,5,0,131,1.13
20,47,5,1,6,0,235,2.9
20,47,5,1,7,0,435,2.65
20,47,5,1,8,1,810,4.14
20,47,5,1,9,1,960,2.88
20,47,5,1,10,1,816,2.46
20,47,5,1,11,1,518,1.11
20,47,5,1,12,0,232,0.0
20,47,5,1,13,0,144,0.0
20,47,5,1,14,0,133,0.0
20,47,5,1,15,0,212,0.48
20,47,5,1,16,0,412,0.25
20,47,5,1,17,1,711,1.96
20,47,5,1,18,1,1024,5.27
20,47,5,1,19,1,1015,3.82
20,47,5,1,20,1,745,0.49
20,47,5,1,21,0,389,1.76
20,47,5,1,22,0,220,0.77
20,47,5,1,23,0,136,0.0
20,48,6,1,0,0,133,0.14
20,48,6,1,1,0,142,2.0
20,48,6,1,2,0,134,0.57
20,48,6,1,3,0,145,0.21
20,48,6,1,4,0,133,0.0
20,48,6,1,5,0,158,0.5
20,48,6,1,6,0,238,0.0
20,48,6,1,7,0,412,3.07
20,48,6,1,8,1,778,1.34
20,48,6,1,9,1,1005,2.06
20,48,6,1,10,1,809,1.77
20,48,6,1,11,1,470,2.05
20,48,6,1,12,0,224,0.77
20,48,6,1,13,0,151,0.73
20,48,6,1,14,0,158,0.54
20,48,6,1,15,0,231,0.0
20,48,6,1,16,0,402,2.45
20,48,6,1,17,1,740,3.14
20,48,6,1,18,1,964,4.33
20,48,6,1,19,1,848,3.98
20,48,6,1,20,1,850,5.81
20,48,6,1,21,0,353,0.0
20,48,6,1,22,0,207,2.45
20,48,6,1,23,0,148,3.43
20,49,0,0,0,0,228,1.25
20,49,0,0,1,0,241,2.06
20,49,0,0,2,0,258,2.81
20,49,0,0,3,0,240,2.85
20,49,0,0,4,0,252,3.05
20,49,0,0,5,0,302,1.24
20,49,0,0,6,0,375,1.81
20,49,0,0,7,0,841,1.11
20,49,0,0,8,1,1325,6.32
20,49,0,0,9,1,1350,3.85
20,49,0,0,10,1,1312,5.12
20,49,0,0,11,1,759,2.58
20,49,0,0,12,0,355,4.07
20,49,0,0,13,0,260,0.0
20,49,0,0,14,0,297,0.03
20,49,0,0,15,0,339,2.37
20,49,0,0,16,0,656,2.88
20,49,0,0,17,1,1163,3.96
20,49,0,0,18,1,1572,4.47
20,49,0,0,19,1,2182,7.49
20,49,0,0,20,1,1081,6.02
20,49,0,0,21,0,699,2.82
20,49,0,0,22,0,361,0.83
20,49,0,0,23,0,263,2.76
20,50,1,0,0,0,238,2.67
20,50,1,0,1,0,242,0.66
20,50,1,0,2,0,223,4.11
20,50,1,0,3,0,243,0.97
20,50,1,0,4,0,282,1.75
20,50,1,0,5,0,281,1.21
20,50,1,0,6,0,372,3.31
20,50,1,0,7,0,691,1.3
20,50,1,0,8,1,1293,5.55
20,50,1,0,9,1,1700,4.01
20,50,1,0,10,1,1635,7.68
20,50,1,0,11,1,749,3.65
20,50,1,0,12,0,411,1.15
20,50,1,0,13,0,282,1.74
20,50,1,0,14,0,296,1.29
20,50,1,0,15,0,385,1.23
20,50,1,0,16,0,660,1.49
20,50,1,0,17,1,1146,3.89
20,50,1,0,18,1,1676,8.21
20,50,1,0,19,1,1656,6.13
20,50,1,0,20,1,1196,4.71
20,50,1,0,21,0,777,2.54
20,50,1,0,22,0,393,2.1
20,50,1,0,23,0,271,0.0
20,51,2,0,0,0,253,0.0
20,51,2,0,1,0,223,0.08
20,51,2,0,2,0,238,1.08
20,51,2,0,3,0,270,2.03
20,51,2,0,4,0,249,0.49
20,51,2,0,5,0,262,0.0
20,51,2,0,6,0,330,0.0
20,51,2,0,7,0,853,2.34
20,51,2,0,8,1,1321,6.82
20,51,2,0,9,1,1342,4.49
20,51,2,0,10,1,1258,5.47
20,51,2,0,11,1,814,4.12
20,51,2,0,12,0,445,2.61
20,51,2,0,13,0,279,4.77
20,51,2,0,14,0,226,4.21
20,51,2,0,15,0,428,1.49
20,51,2,0,16,0,645,1.59
20,51,2,0,17,1,1197,6.58
20,51,2,0,18,1,1371,8.5
20,51,2,0,19,1,1708,8.6
20,51,2,0,20,1,1104,5.5
20,51,2,0,21,0,705,3.67
20,51,2,0,22,0,355,0.85
20,51,2,0,23,0,243,2.12
20,52,3,0,0,0,269,1.5
20,52,3,0,1,0,191,2.8
20,52,3,0,2,0,245,0.0
20,52,3,0,3,0,210,0.0
20,52,3,0,4,0,246,0.0
20,52,3,0,5,0,250,2.37
20,52,3,0,6,0,434,3.16
20,52,3,0,7,0,677,4.12
20,52,3,0,8,1,1326,8.25
20,52,3,0,9,1,1737,8.77
20,52,3,0,10,1,1441,6.41
20,52,3,0,11,1,757,4.84
20,52,3,0,12,0,426,1.21
20,52,3,0,13,0,263,0.0
20,52,3,0,14,0,290,1.51
20,52,3,0,15,0,384,1.0
20,52,3,0,16,0,764,0.82
20,52,3,0,17,1,1302,6.68
20,52,3,0,18,1,1665,4.49
20,52,3,0,19,1,1760,8.83
20,52,3,0,20,1,1399,6.58
20,52,3,0,21,0,650,3.64
20,52,3,0,22,0,391,2.05
20,52,3,0,23,0,250,1.9
20,53,4,0,0,0,252,4.65
20,53,4,0,1,0,244,3.52
20,53,4,0,2,0,270,1.15
20,53,4,0,3,0,267,0.0
20,53,4,0,4,0,242,0.16
20,53,4,0,5,0,266,0.0
20,53,4,0,6,0,454,1.36
20,53,4,0,7,0,829,3.68
20,53,4,0,8,1,1349,3.48
20,53,4,0,9,1,1578,5.96
20,53,4,0,10,1,1327,3.85
20,53,4,0,11,1,737,3.64
20,53,4,0,12,0,425,0.0
20,53,4,0,13,0,254,1.34
20,53,4,0,14,0,269,0.53
20,53,4,0,15,0,404,1.89
20,53,4,0,16,0,595,1.18
20,53,4,0,17,1,1062,3.98
20,53,4,0,18,1,1526,3.46
20,53,4,0,19,1,1427,8.68
20,53,4,0,20,1,1091,3.89
20,53,4,0,21,0,687,2.93
20,53,4,0,22,0,394,1.5
20,53,4,0,23,0,260,1.37
20,54,5,1,0,0,136,0.62
20,54,5,1,1,0,140,0.0
20,54,5,1,2,0,131,0.0
20,54,5,1,3,0,131,0.0
20,54,5,1,4,0,146,0.0
20,54,5,1,5,0,142,0.0
20,54,5,1,6,0,230,0.0
20,54,5,1,7,0,429,1.83
20,54,5,1,8,1,814,1.97
20,54,5,1,9,1,838,4.06
20,54,5,1,10,1,674,1.91
20,54,5,1,11,1,420,2.6
20,54,5,1,12,0,191,0.32
20,54,5,1,13,0,150,0.0
20,54,5,1,14,0,145,1.91
20,54,5,1,15,0,198,0.25
20,54,5,1,16,0,403,1.28
20,54,5,1,17,1,746,0.53
20,54,5,1,18,1,919,4.84
20,54,5,1,19,1,885,3.19
20,54,5,1,20,1,742,1.81
20,54,5,1,21,0,391,2.68
20,54,5,1,22,0,208,0.89
20,54,5,1,23,0,136,1.64
20,55,6,1,0,0,120,1.07
20,55,6,1,1,0,128,0.0
20,55,6,1,2,0,131,1.27
20,55,6,1,3,0,150,0.77
20,55,6,1,4,0,127,0.0
20,55,6,1,5,0,162,0.91
20,55,6,1,6,0,214,0.94
20,55,6,1,7,0,455,1.2
20,55,6,1,8,1,718,0.91
20,55,6,1,9,1,855,2.9
20,55,6,1,10,1,824,2.53
20,55,6,1,11,1,437,3.43
20,55,6,1,12,0,225,3.86
20,55,6,1,13,0,151,0.37
20,55,6,1,14,0,145,3.57
20,55,6,1,15,0,227,0.0
20,55,6,1,16,0,440,2.51
20,55,6,1,17,1,680,3.5
20,55,6,1,18,1,867,3.76
20,55,6,1,19,1,916,3.12
20,55,6,1,20,1,725,2.5
20,55,6,1,21,0,379,2.01
20,55,6,1,22,0,222,2.79
20,55,6,1,23,0,148,0.02
20,56,0,0,0,0,280,0.0
20,56,0,0,1,0,260,0.82
20,56,0,0,2,0,254,1.08
20,56,0,0,3,0,268,1.7
20,56,0,0,4,0,218,0.0
20,56,0,0,5,0,265,1.97
20,56,0,0,6,0,438,0.75
20,56,0,0,7,0,642,3.21
20,56,0,0,8,1,1384,5.75
20,56,0,0,9,1,1552,8.0
20,56,0,0,10,1,1289,5.62
20,56,0,0,11,1,797,4.01
20,56,0,0,12,0,373,0.11
20,56,0,0,13,0,292,2.0
20,56,0,0,14,0,280,2.81
20,56,0,0,15,0,386,0.99
20,56,0,0,16,0,712,3.52
20,56,0,0,17,1,1272,3.76
20,56,0,0,18,1,1574,7.62
20,56,0,0,19,1,1688,3.84
20,56,0,0,20,1,1090,2.38
20,56,0,0,21,0,742,2.9
20,56,0,0,22,0,377,0.98
20,56,0,0,23,0,247,2.13
20,57,1,0,0,0,255,0.0
20,57,1,0,1,0,270,2.2
20,57,1,0,2,0,226,0.47
20,57,1,0,3,0,236,1.41
20,57,1,0,4,0,217,0.0
20,57,1,0,5,0,287,0.0
20,57,1,0,6,0,390,0.0
20,57,1,0,7,0,837,3.86
20,57,1,0,8,1,1217,3.3
20,57,1,0,9,1,1704,3.36
20,57,1,0,10,1,1258,3.8
20,57,1,0,11,1,860,2.57
20,57,1,0,12,0,418,0.96
20,57,1,0,13,0,289,0.0
20,57,1,0,14,0,257,0.86
20,57,1,0,15,0,381,2.01
20,57,1,0,16,0,695,3.54
20,57,1,0,17,1,1224,5.16
20,57,1,0,18,1,1569,3.85
20,57,1,0,19,1,1555,3.69
20,57,1,0,20,1,1247,6.4
20,57,1,0,21,0,632,4.04
20,57,1,0,22,0,389,0.73
20,57,1,0,23,0,262,2.72
20,58,2,0,0,0,198,2.46
20,58,2,0,1,0,260,0.16
20,58,2,0,2,0,241,3.4
20,58,2,0,3,0,217,0.59
20,58,2,0,4,0,258,1.35
20,58,2,0,5,0,271,3.81
20,58,2,0,6,0,361,0.0
20,58,2,0,7,0,623,0.87
20,58,2,0,8,1,1306,5.7
20,58,2,0,9,1,1833,5.89
20,58,2,0,10,1,1363,7.55
20,58,2,0,11,1,768,3.85
20,58,2,0,12,0,432,0.33
20,58,2,0,13,0,248,3.42
20,58,2,0,14,0,285,0.0
20,58,2,0,15,0,344,1.08
20,58,2,0,16,0,760,4.51
20,58,2,0,17,1,1329,4.66
20,58,2,0,18,1,1707,5.63
20,58,2,0,19,1,1651,4.92
20,58,2,0,20,1,1139,3.47
20,58,2,0,21,0,676,3.34
20,58,2,0,22,0,426,1.16
20,58,2,0,23,0,282,0.86
20,59,3,0,0,0,261,0.0
20,59,3,0,1,0,232,1.92
20,59,3,0,2,0,254,1.92
20,59,3,0,3,0,270,0.0
20,59,3,0,4,0,221,1.73
20,59,3,0,5,0,287,2.13
20,59,3,0,6,0,483,0.56
20,59,3,0,7,0,803,3.11
20,59,3,0,8,1,1448,6.36
20,59,3,0,9,1,1632,7.11
20,59,3,0,10,1,1388,5.74
20,59,3,0,11,1,850,7.12
20,59,3,0,12,0,336,3.28
20,59,3,0,13,0,287,0.04
20,59,3,0,14,0,264,2.38
20,59,3,0,15,0,377,1.43
20,59,3,0,16,0,646,1.45
20,59,3,0,17,1,1130,3.76
20,59,3,0,18,1,1690,7.29
20,59,3,0,19,1,1595,7.51
20,59,3,0,20,1,1136,5.7
20,59,3,0,21,0,637,5.57
20,59,3,0,22,0,395,2.84
20,59,3,0,23,0,266,1.97
